Invoice,StockCode,Description,Quantity,InvoiceDate,Price,Customer ID,Country
C489449,22087,PAPER BUNTING WHITE LACE,-12,2009-12-01 10:33:00,2.95,16321.0,Australia
C489449,85206A,CREAM FELT EASTER EGG BASKET,-6,2009-12-01 10:33:00,1.65,16321.0,Australia
C489449,21895,POTTING SHED SOW 'N' GROW SET,-4,2009-12-01 10:33:00,4.25,16321.0,Australia
C489449,21896,POTTING SHED TWINE,-6,2009-12-01 10:33:00,2.1,16321.0,Australia
C489449,22083,PAPER CHAIN KIT RETRO SPOT,-12,2009-12-01 10:33:00,2.95,16321.0,Australia
C489449,21871,SAVE THE PLANET MUG,-12,2009-12-01 10:33:00,1.25,16321.0,Australia
C489449,84946,ANTIQUE SILVER TEA GLASS ETCHED,-12,2009-12-01 10:33:00,1.25,16321.0,Australia
C489449,84970S,HANGING HEART ZINC T-LIGHT HOLDER,-24,2009-12-01 10:33:00,0.85,16321.0,Australia
C489449,22090,PAPER BUNTING RETRO SPOTS,-12,2009-12-01 10:33:00,2.95,16321.0,Australia
C489459,90200A,PURPLE SWEETHEART BRACELET,-3,2009-12-01 10:44:00,4.25,17592.0,United Kingdom
C489459,90200D,PINK SWEETHEART BRACELET,-3,2009-12-01 10:44:00,4.25,17592.0,United Kingdom
C489459,90200B,BLACK SWEETHEART BRACELET,-3,2009-12-01 10:44:00,4.25,17592.0,United Kingdom
C489459,90200E,GREEN SWEETHEART BRACELET,-3,2009-12-01 10:44:00,4.25,17592.0,United Kingdom
C489459,90200C,BLUE SWEETHEART BRACELET,-3,2009-12-01 10:44:00,4.25,17592.0,United Kingdom
C489459,90185C,BLACK DIAMANTE EXPANDABLE RING,-3,2009-12-01 10:44:00,4.25,17592.0,United Kingdom
C489459,90185B,AMETHYST DIAMANTE EXPANDABLE RING,-3,2009-12-01 10:44:00,4.25,17592.0,United Kingdom
C489459,90003C,MIDNIGHT BLUE PAIR HEART HAIR SLIDE,-3,2009-12-01 10:44:00,3.75,17592.0,United Kingdom
C489459,90003D,CRYSTAL PAIR HEART HAIR SLIDES,-3,2009-12-01 10:44:00,3.75,17592.0,United Kingdom
C489459,90003B,ROSE COLOUR PAIR HEART HAIR SLIDES,-3,2009-12-01 10:44:00,3.75,17592.0,United Kingdom
C489459,90209C,PINK ENAMEL+GLASS HAIR COMB,-3,2009-12-01 10:44:00,2.1,17592.0,United Kingdom
C489459,90209A,PURPLE ENAMEL+GLASS HAIR COMB,-3,2009-12-01 10:44:00,2.1,17592.0,United Kingdom
C489459,90082D,DIAMANTE BOW BROOCH BLACK COLOUR,-2,2009-12-01 10:44:00,6.35,17592.0,United Kingdom
489464,21733,RED HANGING HEART T-LIGHT HOLDER,-96,2009-12-01 10:52:00,0.0,,United Kingdom
489463,71477,COLOUR GLASS. STAR T-LIGHT HOLDER,-240,2009-12-01 10:52:00,0.0,,United Kingdom
489467,85123A,WHITE HANGING HEART T-LIGHT HOLDER,-192,2009-12-01 10:53:00,0.0,,United Kingdom
C489476,22149,FELTCRAFT 6 FLOWER FRIENDS,-6,2009-12-01 10:55:00,2.1,13293.0,United Kingdom
C489503,21540,DAIRY MAID CERAMIC BUTTER DISH,-2,2009-12-01 11:04:00,4.25,16011.0,United Kingdom
C489503,21533,RETRO SPOT LARGE MILK JUG,-1,2009-12-01 11:04:00,4.95,16011.0,United Kingdom
C489504,85083,KISS REINDEER SCANDINAVIAN STOCKING,-6,2009-12-01 11:10:00,2.55,13916.0,United Kingdom
C489518,20892,SET/3 TALL GLASS CANDLE HOLDER PINK,-2,2009-12-01 11:35:00,12.75,15461.0,United Kingdom
C489518,85048,15CM CHRISTMAS GLASS BALL 20 LIGHTS,-1,2009-12-01 11:35:00,7.95,15461.0,United Kingdom
C489518,22138,BAKING SET 9 PIECE RETROSPOT,-1,2009-12-01 11:35:00,4.95,15461.0,United Kingdom
C489524,21258,VICTORIAN SEWING BOX LARGE,-1,2009-12-01 11:48:00,12.75,15614.0,United Kingdom
C489527,21041,RED SPOTTY OVEN GLOVE DOUBLE,-3,2009-12-01 11:50:00,2.95,16128.0,United Kingdom
C489527,21173,LOO ROLL  METAL SIGN,-12,2009-12-01 11:50:00,1.65,16128.0,United Kingdom
C489527,85124A,PINK JUICY FRUIT PHOTO FRAME,-6,2009-12-01 11:50:00,2.55,16128.0,United Kingdom
C489528,85048,15CM CHRISTMAS GLASS BALL 20 LIGHTS,-1,2009-12-01 11:50:00,7.95,16714.0,United Kingdom
C489530,72803A,ROSE SCENT CANDLE JEWELLED DRAWER,-1,2009-12-01 11:56:00,4.25,14748.0,United Kingdom
C489534,35832,WOOLLY HAT SOCK GLOVE ADVENT STRING,-1,2009-12-01 12:09:00,5.95,12615.0,France
C489535,D,Discount,-1,2009-12-01 12:11:00,9.0,15299.0,United Kingdom
C489535,D,Discount,-1,2009-12-01 12:11:00,19.0,15299.0,United Kingdom
C489538,22183,CAKE STAND VICTORIAN FILIGREE MED,-4,2009-12-01 12:18:00,6.75,15796.0,United Kingdom
C489538,POST,POSTAGE,-1,2009-12-01 12:18:00,9.58,15796.0,United Kingdom
C489541,21254,SET OF KITCHEN WALL  STICKERS,-4,2009-12-01 12:18:00,2.95,15091.0,United Kingdom
C489543,35400,WOODEN BOX ADVENT CALENDAR,-2,2009-12-01 12:19:00,8.95,14292.0,United Kingdom
C489549,35400,WOODEN BOX ADVENT CALENDAR,-2,2009-12-01 12:33:00,7.95,13768.0,United Kingdom
C489551,85048,15CM CHRISTMAS GLASS BALL 20 LIGHTS,-1,2009-12-01 12:35:00,6.95,17641.0,United Kingdom
C489553,35004S,SET OF 3 SILVER FLYING DUCKS,-1,2009-12-01 12:41:00,6.35,13545.0,United Kingdom
C489553,35001W,HAND OPEN SHAPE DECO.WHITE,-6,2009-12-01 12:41:00,3.49,13545.0,United Kingdom
C489554,85042,ANTIQUE LILY FAIRY LIGHTS,-3,2009-12-01 12:43:00,4.25,13767.0,United Kingdom
C489554,35001B,HAND OPEN SHAPE BLACK,-2,2009-12-01 12:43:00,2.95,13767.0,United Kingdom
C489555,21260,FIRST AID TIN,-6,2009-12-01 12:44:00,3.25,16955.0,United Kingdom
C489563,90088,CRYSTAL KEY+LOCK PHONE CHARM,-24,2009-12-01 13:09:00,0.85,13526.0,United Kingdom
C489563,90090,PINK CRYSTAL HEART PHONE CHARM,-24,2009-12-01 13:09:00,0.85,13526.0,United Kingdom
C489563,90084,PINK CRYSTAL GUITAR PHONE CHARM,-12,2009-12-01 13:09:00,0.85,13526.0,United Kingdom
C489563,90093,CLEAR CRYSTAL STAR PHONE CHARM,-24,2009-12-01 13:09:00,0.85,13526.0,United Kingdom
C489563,90085,CRYSTAL STILETTO PHONE CHARM,-81,2009-12-01 13:09:00,0.85,13526.0,United Kingdom
C489563,90092,BLUE CRYSTAL BOOT PHONE CHARM,-24,2009-12-01 13:09:00,0.85,13526.0,United Kingdom
C489563,90087,CRYSTAL SEA HORSE PHONE CHARM,-48,2009-12-01 13:09:00,0.85,13526.0,United Kingdom
C489563,90092,BLUE CRYSTAL BOOT PHONE CHARM,-3,2009-12-01 13:09:00,0.85,13526.0,United Kingdom
C489563,90090,PINK CRYSTAL HEART PHONE CHARM,-12,2009-12-01 13:09:00,0.85,13526.0,United Kingdom
C489565,90125A,PINK BERTIE GLASS BEAD BAG CHARM,-12,2009-12-01 13:14:00,2.1,13526.0,United Kingdom
C489568,22107,PIZZA PLATE IN BOX,-1,2009-12-01 13:20:00,3.75,15005.0,United Kingdom
C489568,82483,WOOD 2 DRAWER CABINET WHITE FINISH,-1,2009-12-01 13:20:00,5.95,15005.0,United Kingdom
C489568,22138,BAKING SET 9 PIECE RETROSPOT,-1,2009-12-01 13:20:00,4.95,15005.0,United Kingdom
C489568,21218,RED SPOTTY BISCUIT TIN,-1,2009-12-01 13:20:00,3.75,15005.0,United Kingdom
C489570,79323W,WHITE CHERRY LIGHTS,-1,2009-12-01 13:28:00,6.75,15967.0,United Kingdom
C489570,15056N,EDWARDIAN PARASOL NATURAL,-1,2009-12-01 13:28:00,5.95,15967.0,United Kingdom
C489570,85103,SILVER T-LIGHT SETTING,-1,2009-12-01 13:28:00,6.75,15967.0,United Kingdom
C489570,20894,HANGING BAUBLE T-LIGHT HOLDER LARGE,-1,2009-12-01 13:28:00,2.95,15967.0,United Kingdom
C489577,37503,TEA TIME CAKE STAND IN GIFT BOX,-3,2009-12-01 13:38:00,9.95,14030.0,United Kingdom
C489577,22127,PARTY CONES CARNIVAL ASSORTED,-48,2009-12-01 13:38:00,1.25,14030.0,United Kingdom
C489577,37501,TEA TIME TEA SET IN GIFT BOX,-1,2009-12-01 13:38:00,6.95,14030.0,United Kingdom
C489578,21481,FAWN BLUE HOT WATER BOTTLE,-1,2009-12-01 13:40:00,2.95,17091.0,United Kingdom
C489583,72807B,SET/3 OCEAN SCENT CANDLE JEWEL BOX,-1,2009-12-01 13:47:00,4.25,14621.0,United Kingdom
C489583,72802C,VANILLA SCENT CANDLE JEWELLED BOX,-1,2009-12-01 13:47:00,4.25,14621.0,United Kingdom
C489583,72802B,OCEAN SCENT CANDLE IN JEWELLED BOX,-2,2009-12-01 13:47:00,4.25,14621.0,United Kingdom
C489583,85047,WHITE BEADED GARLAND STRING 20LIGHT,-1,2009-12-01 13:47:00,6.35,14621.0,United Kingdom
C489587,21639,ASSORTED TUTTI FRUTTI KEYRING,-5,2009-12-01 13:52:00,0.85,16422.0,United Kingdom
C489588,79323P,PINK CHERRY LIGHTS,-2,2009-12-01 14:01:00,6.75,13711.0,United Kingdom
C489588,79323GR,GREEN CHERRY LIGHTS,-2,2009-12-01 14:01:00,6.75,13711.0,United Kingdom
C489588,22120,WELCOME  WOODEN BLOCK LETTERS,-1,2009-12-01 14:01:00,9.95,13711.0,United Kingdom
C489589,21535,RED RETROSPOT SMALL MILK JUG,-1,2009-12-01 14:02:00,2.55,16150.0,United Kingdom
C489589,22073,RED RETROSPOT STORAGE JAR,-1,2009-12-01 14:02:00,3.75,16150.0,United Kingdom
C489591,79323B,BLACK CHERRY LIGHTS,-3,2009-12-01 14:17:00,5.45,12921.0,United Kingdom
C489592,22301,COFFEE MUG CAT + BIRD DESIGN,-2,2009-12-01 14:19:00,2.55,18287.0,United Kingdom
C489595,21752,GLASS CAKE STAND MIRRORED BASE,-1,2009-12-01 14:20:00,14.95,15254.0,United Kingdom
C489605,21257,VICTORIAN SEWING BOX MEDIUM,-2,2009-12-01 14:47:00,7.95,14558.0,United Kingdom
C489610,21364,PEACE SMALL WOOD LETTERS,-1,2009-12-01 14:52:00,6.75,17485.0,United Kingdom
C489610,22164,STRING OF STARS CARD HOLDER,-1,2009-12-01 14:52:00,2.95,17485.0,United Kingdom
C489610,21892,TRADITIONAL WOODEN CATCH CUP GAME,-3,2009-12-01 14:52:00,1.25,17485.0,United Kingdom
C489610,20682,RED SPOTTY CHILDS UMBRELLA,-1,2009-12-01 14:52:00,3.25,17485.0,United Kingdom
C489610,85123A,WHITE HANGING HEART T-LIGHT HOLDER,-1,2009-12-01 14:52:00,2.95,17485.0,United Kingdom
C489610,22138,BAKING SET 9 PIECE RETROSPOT,-2,2009-12-01 14:52:00,4.95,17485.0,United Kingdom
C489632,20814,SILVER FINCH DECORATION,-12,2009-12-01 15:18:00,1.25,13381.0,United Kingdom
C489632,20814,SILVER FINCH DECORATION,-1,2009-12-01 15:18:00,1.25,13381.0,United Kingdom
C489636,21576,LETS GO SHOPPING COTTON TOTE BAG,-2,2009-12-01 15:34:00,2.25,17345.0,United Kingdom
C489636,21579,LOLITA  DESIGN  COTTON TOTE BAG,-1,2009-12-01 15:34:00,2.25,17345.0,United Kingdom
C489636,21578,WOODLAND DESIGN  COTTON TOTE BAG,-2,2009-12-01 15:34:00,2.25,17345.0,United Kingdom
C489636,22142,CHRISTMAS CRAFT WHITE FAIRY,-2,2009-12-01 15:34:00,1.45,17345.0,United Kingdom
C489636,22145,CHRISTMAS CRAFT HEART STOCKING,-2,2009-12-01 15:34:00,2.1,17345.0,United Kingdom
C489636,22144,CHRISTMAS CRAFT LITTLE FRIENDS,-1,2009-12-01 15:34:00,2.1,17345.0,United Kingdom
C489636,21329,DINOSAURS  WRITING SET,-8,2009-12-01 15:34:00,1.65,17345.0,United Kingdom
C489636,21330,WOODLAND ANIMAL  WRITING SET,-9,2009-12-01 15:34:00,1.65,17345.0,United Kingdom
C489636,84029E,RED WOOLLY HOTTIE WHITE HEART.,-4,2009-12-01 15:34:00,3.75,17345.0,United Kingdom
C489636,84032B,CHARLIE + LOLA RED HOT WATER BOTTLE,-3,2009-12-01 15:34:00,2.95,17345.0,United Kingdom
C489636,21577,SAVE THE PLANET COTTON TOTE BAG,-1,2009-12-01 15:34:00,2.25,17345.0,United Kingdom
C489643,20686,DOLLY MIXTURE CHILDREN'S UMBRELLA,-1,2009-12-01 16:26:00,3.25,15750.0,United Kingdom
C489643,22167,"WALL MIRROR , DIAMANTE OVAL SHAPE",-1,2009-12-01 16:26:00,9.95,15750.0,United Kingdom
C489643,84839,SWEETHEART KEY CABINET,-2,2009-12-01 16:26:00,6.75,15750.0,United Kingdom
C489643,21429,RED GINGHAM ROSE JEWELLERY BOX,-1,2009-12-01 16:26:00,1.65,15750.0,United Kingdom
C489643,47594B,SCOTTIES DESIGN WASHBAG,-1,2009-12-01 16:26:00,1.95,15750.0,United Kingdom
C489651,M,Manual,-1,2009-12-01 16:48:00,5.1,17804.0,United Kingdom
489660,35956,lost,-1043,2009-12-01 17:43:00,0.0,,United Kingdom
489663,35605A,damages,-117,2009-12-01 18:02:00,0.0,,United Kingdom
C489685,POST,POSTAGE,-1,2009-12-02 10:28:00,18.0,12523.0,France
C489685,21843,RED RETROSPOT CAKE STAND,-1,2009-12-02 10:28:00,10.95,12523.0,France
C489686,79191C,RETRO PLASTIC ELEPHANT TRAY,-2,2009-12-02 10:34:00,0.85,17019.0,United Kingdom
C489689,21843,RED RETROSPOT CAKE STAND,-2,2009-12-02 10:46:00,10.95,15353.0,United Kingdom
C489713,21094,SET/6 RED SPOTTY PAPER PLATES,-150,2009-12-02 10:55:00,0.64,12755.0,Japan
C489713,22071,SMALL WHITE RETROSPOT MUG IN BOX,-18,2009-12-02 10:55:00,2.75,12755.0,Japan
C489713,22070,SMALL RED RETROSPOT MUG IN BOX,-23,2009-12-02 10:55:00,2.75,12755.0,Japan
C489771,20914,SET/5 RED SPOTTY LID GLASS BOWLS,-1,2009-12-02 11:36:00,2.95,13623.0,United Kingdom
C489799,21929,JUMBO BAG PINK VINTAGE PAISLEY,-2,2009-12-02 12:23:00,1.95,13070.0,United Kingdom
C489799,20711,JUMBO BAG TOYS,-2,2009-12-02 12:23:00,1.95,13070.0,United Kingdom
C489803,21843,RED RETROSPOT CAKE STAND,-1,2009-12-02 12:34:00,10.95,16797.0,United Kingdom
C489813,84472,PINK AND LILAC QUILTED THROW,-1,2009-12-02 13:02:00,45.95,17867.0,United Kingdom
C489813,84622,PINK GINGHAM ROSE CUSHION COVER,-1,2009-12-02 13:02:00,5.95,17867.0,United Kingdom
489820,21133,PAINTED BIRD ASSORTED CHRISTMAS,-720,2009-12-02 13:23:00,0.0,,United Kingdom
C489828,72807C,SET/3 VANILLA SCENTED CANDLE IN BOX,-2,2009-12-02 13:53:00,4.25,13313.0,United Kingdom
C489858,22198,LARGE POPCORN HOLDER,-7,2009-12-02 14:43:00,1.65,12471.0,Germany
C489858,20914,SET/5 RED SPOTTY LID GLASS BOWLS,-3,2009-12-02 14:43:00,2.95,12471.0,Germany
C489859,M,Manual,-1,2009-12-02 14:45:00,69.57,,United Kingdom
C489860,90029,NEW BAROQUE SMALL NECKLACE BLACK,-1,2009-12-02 14:49:00,8.5,,United Kingdom
C489881,21102,"CANDLE IN JAR COLLAGE , VANILLA",-31,2009-12-02 16:20:00,2.55,,Nigeria
C489881,72802A,ROSE SCENT CANDLE IN JEWELLED BOX,-16,2009-12-02 16:20:00,4.25,,Nigeria
489899,79323GR,GREEN CHERRY LIGHTS,-954,2009-12-03 09:41:00,0.0,,United Kingdom
C489911,85232A,SET/3 POLKA DOT STACKING TINS,-6,2009-12-03 10:26:00,4.95,12705.0,Germany
C489911,21491,SET OF THREE VINTAGE GIFT WRAPS,-3,2009-12-03 10:26:00,1.95,12705.0,Germany
C489911,21432,SET OF 3 CASES WOODLAND DESIGN,-1,2009-12-03 10:26:00,5.95,12705.0,Germany
C489955,20870,OPULENT VELVET CANDLE IN BOX,-1,2009-12-03 10:57:00,2.1,12484.0,Spain
C489955,21232,STRAWBERRY CERAMIC TRINKET BOX,-1,2009-12-03 10:57:00,1.25,12484.0,Spain
C489958,22044,CHRISTMAS CARD STACK OF PRESENTS,-1,2009-12-03 10:58:00,0.42,14895.0,United Kingdom
C489958,85069,CREAM SWEETHEART DOUBLE SHELF,-3,2009-12-03 10:58:00,16.95,14895.0,United Kingdom
C489973,21232,STRAWBERRY CERAMIC TRINKET BOX,-6,2009-12-03 11:03:00,1.25,17865.0,United Kingdom
C489973,22063,CERAMIC BOWL WITH STRAWBERRY DESIGN,-1,2009-12-03 11:03:00,2.95,17865.0,United Kingdom
490007,84347,ROTATING SILVER ANGELS T-LIGHT HLDR,-720,2009-12-03 12:09:00,0.0,,United Kingdom
C490051,22215,CAKE STAND WHITE TWO TIER LACE,-2,2009-12-03 13:06:00,8.5,16163.0,United Kingdom
C490051,22220,CAKE STAND LOVEBIRD 2 TIER WHITE,-2,2009-12-03 13:06:00,9.95,16163.0,United Kingdom
C490076,22139,RETRO SPOT TEA SET CERAMIC 11 PC,-1,2009-12-03 14:43:00,4.95,13001.0,United Kingdom
C490096,20726,LUNCH BAG WOODLAND,-1,2009-12-03 16:06:00,1.65,13457.0,United Kingdom
C490098,21868,POTTING SHED TEA MUG,-5,2009-12-03 16:11:00,1.25,17576.0,United Kingdom
C490117,POST,POSTAGE,-1,2009-12-03 17:38:00,2.99,16570.0,United Kingdom
C490117,22258,FELT FARM ANIMAL RABBIT,-48,2009-12-03 17:38:00,1.25,16570.0,United Kingdom
C490120,POST,POSTAGE,-2,2009-12-03 17:52:00,18.0,14277.0,France
C490120,21092,SET/6 STRAWBERRY PAPER PLATES,-12,2009-12-03 17:52:00,0.85,14277.0,France
C490120,21099,SET/6 STRAWBERRY PAPER CUPS,-12,2009-12-03 17:52:00,0.65,14277.0,France
C490120,21094,SET/6 RED SPOTTY PAPER PLATES,-12,2009-12-03 17:52:00,0.85,14277.0,France
C490120,21080,SET/20 RED SPOTTY PAPER NAPKINS,-12,2009-12-03 17:52:00,0.85,14277.0,France
C490120,21086,SET/6 RED SPOTTY PAPER CUPS,-12,2009-12-03 17:52:00,0.65,14277.0,France
C490120,21121,SET/10 RED SPOTTY PARTY CANDLES,-24,2009-12-03 17:52:00,1.25,14277.0,France
C490120,22352,LUNCH BOX WITH CUTLERY RETROSPOT,-12,2009-12-03 17:52:00,2.55,14277.0,France
C490120,22353,LUNCH BOX WITH CUTLERY FAIRY CAKES,-6,2009-12-03 17:52:00,2.55,14277.0,France
C490120,21212,PACK OF 72 RETRO SPOT CAKE CASES,-24,2009-12-03 17:52:00,0.55,14277.0,France
C490120,84997A,GREEN 3 PIECE MINI DOTS CUTLERY SET,-6,2009-12-03 17:52:00,3.75,14277.0,France
C490120,84997D,PINK 3 PIECE MINI DOTS CUTLERY SET,-6,2009-12-03 17:52:00,3.75,14277.0,France
C490120,22333,RETRO SPORT PARTY BAG + STICKER SET,-16,2009-12-03 17:52:00,1.65,14277.0,France
C490120,20682,RED SPOTTY CHILDS UMBRELLA,-6,2009-12-03 17:52:00,3.25,14277.0,France
C490120,20681,PINK SPOTTY CHILDS UMBRELLA,-6,2009-12-03 17:52:00,3.25,14277.0,France
C490120,21889,WOODEN BOX OF DOMINOES,-12,2009-12-03 17:52:00,1.25,14277.0,France
C490120,22331,WOODLAND PARTY BAG + STICKER SET,-8,2009-12-03 17:52:00,1.65,14277.0,France
C490120,22138,BAKING SET 9 PIECE RETROSPOT,-9,2009-12-03 17:52:00,4.95,14277.0,France
C490122,21432,SET OF 3 CASES WOODLAND DESIGN,-1,2009-12-03 17:59:00,5.95,16549.0,United Kingdom
C490122,21540,DAIRY MAID CERAMIC BUTTER DISH,-1,2009-12-03 17:59:00,4.25,16549.0,United Kingdom
C490126,M,Manual,-1,2009-12-03 18:12:00,5.95,15884.0,United Kingdom
C490129,M,Manual,-1,2009-12-03 18:26:00,1998.49,15482.0,United Kingdom
490130,21493,VINTAGE DESIGN GIFT TAGS,-600,2009-12-03 18:28:00,0.0,,United Kingdom
C490131,84828,JUNGLE POPSICLES ICE LOLLY HOLDERS,-12,2009-12-03 18:29:00,1.25,17663.0,United Kingdom
C490133,72045D,ROSES ON BLUE TEACUP CANDLE,-504,2009-12-03 18:36:00,1.69,17949.0,United Kingdom
C490133,20971,PINK BLUE FELT CRAFT TRINKET BOX,-600,2009-12-03 18:36:00,1.06,17949.0,United Kingdom
C490133,21314,SMALL GLASS HEART TRINKET POT,-504,2009-12-03 18:36:00,1.85,17949.0,United Kingdom
C490133,21314,SMALL GLASS HEART TRINKET POT,-252,2009-12-03 18:36:00,1.85,17949.0,United Kingdom
C490133,21314,SMALL GLASS HEART TRINKET POT,-246,2009-12-03 18:36:00,1.85,17949.0,United Kingdom
C490148,85123A,WHITE HANGING HEART T-LIGHT HOLDER,-1,2009-12-04 09:37:00,2.95,16961.0,United Kingdom
C490153,21265,PINK GOOSE FEATHER TREE 60CM,-1,2009-12-04 10:10:00,9.95,12525.0,France
C490153,21527,RED RETROSPOT TRADITIONAL TEAPOT,-2,2009-12-04 10:10:00,7.95,12525.0,France
C490153,22180,RETRO SPOT LAMP,-2,2009-12-04 10:10:00,9.95,12525.0,France
C490155,82483,WOOD 2 DRAWER CABINET WHITE FINISH,-1,2009-12-04 10:28:00,5.95,14221.0,United Kingdom
C490251,84081,WHITE CERAMIC PARTY SET (5PCS),-1,2009-12-04 12:29:00,4.25,16541.0,United Kingdom
C490269,78056,CAMOUFLAGE BACKPACK ON WHEELS,-1,2009-12-04 12:33:00,8.5,14527.0,United Kingdom
C490269,21539,RED RETROSPOT BUTTER DISH,-1,2009-12-04 12:33:00,4.95,14527.0,United Kingdom
C490283,22072,RED RETROSPOT TEA CUP AND SAUCER,-1,2009-12-04 12:49:00,3.75,12349.0,Italy
C490283,20914,SET/5 RED SPOTTY LID GLASS BOWLS,-1,2009-12-04 12:49:00,2.95,12349.0,Italy
C490283,21231,SWEETHEART CERAMIC TRINKET BOX,-1,2009-12-04 12:49:00,1.25,12349.0,Italy
C490283,21232,STRAWBERRY CERAMIC TRINKET BOX,-1,2009-12-04 12:49:00,1.25,12349.0,Italy
C490283,20747,PICCADILLY TEA SET,-1,2009-12-04 12:49:00,14.95,12349.0,Italy
C490296,POST,POSTAGE,-1,2009-12-04 13:51:00,28.0,12510.0,Spain
C490306,21989,PACK OF 20 SKULL PAPER NAPKINS,-36,2009-12-04 14:40:00,0.85,17193.0,United Kingdom
C490307,POST,POSTAGE,-1,2009-12-04 14:49:00,8.97,,United Kingdom
C490309,22138,BAKING SET 9 PIECE RETROSPOT,-3,2009-12-04 14:56:00,4.95,15767.0,United Kingdom
C490343,21634,ASSORTED MINI MADRAS NOTEBOOK,-24,2009-12-04 15:48:00,1.25,14087.0,United Kingdom
C490348,90002E,FLOWER BURST SILVER RING GREEN,-1,2009-12-04 16:22:00,3.75,17884.0,United Kingdom
C490348,90040C,MURANO STYLE GLASS BRACELET GOLD,-3,2009-12-04 16:22:00,3.5,17884.0,United Kingdom
C490348,90040A,MURANO STYLE GLASS BRACELET RED,-3,2009-12-04 16:22:00,3.5,17884.0,United Kingdom
C490350,90002E,FLOWER BURST SILVER RING GREEN,-2,2009-12-04 16:24:00,3.75,17884.0,United Kingdom
C490358,21527,RED RETROSPOT TRADITIONAL TEAPOT,-6,2009-12-04 16:51:00,7.95,18225.0,United Kingdom
C490358,85066,CREAM SWEETHEART MINI CHEST,-3,2009-12-04 16:51:00,10.95,18225.0,United Kingdom
C490358,21535,RED RETROSPOT SMALL MILK JUG,-2,2009-12-04 16:51:00,2.55,18225.0,United Kingdom
C490358,21539,RED RETROSPOT BUTTER DISH,-1,2009-12-04 16:51:00,4.95,18225.0,United Kingdom
C490358,21258,VICTORIAN SEWING BOX LARGE,-5,2009-12-04 16:51:00,10.95,18225.0,United Kingdom
C490402,85159A,"BLACK TEA,COFFEE,SUGAR JARS",-1,2009-12-06 10:57:00,6.35,15059.0,United Kingdom
C490460,85159A,"BLACK TEA,COFFEE,SUGAR JARS",-2,2009-12-06 12:06:00,6.35,15059.0,United Kingdom
C490462,21843,RED RETROSPOT CAKE STAND,-1,2009-12-06 12:09:00,10.95,13736.0,United Kingdom
C490469,84352,SILVER CHRISTMAS TREE BAUBLE STAND,-1,2009-12-06 12:23:00,16.95,16395.0,United Kingdom
C490469,90195A,PURPLE GEMSTONE BRACELET,-3,2009-12-06 12:23:00,8.95,16395.0,United Kingdom
C490469,84466,TOP SECRET PEN SET,-1,2009-12-06 12:23:00,1.25,16395.0,United Kingdom
C490469,21528,DAIRY MAID TRADITIONAL TEAPOT,-1,2009-12-06 12:23:00,6.95,16395.0,United Kingdom
C490475,21826,EIGHT PIECE DINOSAUR SET,-12,2009-12-06 12:34:00,1.25,16395.0,United Kingdom
C490480,22187,GREEN CHRISTMAS TREE CARD HOLDER,-2,2009-12-06 12:46:00,4.25,14717.0,United Kingdom
C490492,90121B,VINTAGE ROSE BEAD BRACELET BLUE,-3,2009-12-06 13:20:00,4.25,15751.0,United Kingdom
C490495,84968B,S/16 VINTAGE IVORY CUTLERY,-1,2009-12-06 13:38:00,12.75,17848.0,United Kingdom
C490497,85047,WHITE BEADED GARLAND STRING 20LIGHT,-1,2009-12-06 13:41:00,6.35,17969.0,United Kingdom
C490498,37483,ENGLISH ROSE MUG IN GIFT BOX,-1,2009-12-06 13:43:00,2.55,15547.0,United Kingdom
C490507,22187,GREEN CHRISTMAS TREE CARD HOLDER,-2,2009-12-06 14:12:00,4.25,14606.0,United Kingdom
C490507,21950,SET OF 6 DOTS CHOPSTICKS,-1,2009-12-06 14:12:00,1.25,14606.0,United Kingdom
C490507,37448,CERAMIC CAKE DESIGN SPOTTED MUG,-1,2009-12-06 14:12:00,1.49,14606.0,United Kingdom
C490509,22184,CAKE STAND VICTORIAN FILIGREE LARGE,-1,2009-12-06 14:34:00,8.5,15822.0,United Kingdom
C490509,85048,15CM CHRISTMAS GLASS BALL 20 LIGHTS,-2,2009-12-06 14:34:00,7.95,15822.0,United Kingdom
C490510,47589,CONGRATULATIONS BUNTING,-3,2009-12-06 14:37:00,5.45,13211.0,United Kingdom
C490510,20973,12 PENCIL SMALL TUBE WOODLAND,-1,2009-12-06 14:37:00,0.65,13211.0,United Kingdom
C490513,85043,RED HEART CANDY POP LIGHTS,-1,2009-12-06 14:58:00,4.95,17610.0,United Kingdom
C490513,79340W,WHITE ORCHID FLOWER LIGHTS,-1,2009-12-06 14:58:00,7.95,17610.0,United Kingdom
C490513,21734,SMALL MARAKESH LANTERN ON STICK,-1,2009-12-06 14:58:00,3.75,17610.0,United Kingdom
C490513,20727,LUNCH BAG  BLACK SKULL.,-1,2009-12-06 14:58:00,1.65,17610.0,United Kingdom
C490513,20973,12 PENCIL SMALL TUBE WOODLAND,-2,2009-12-06 14:58:00,0.65,17610.0,United Kingdom
C490513,21733,RED HANGING HEART T-LIGHT HOLDER,-1,2009-12-06 14:58:00,2.95,17610.0,United Kingdom
C490513,85232B,SET/3 RUSSIAN DOLL STACKING TINS,-1,2009-12-06 14:58:00,4.95,17610.0,United Kingdom
C490513,15044D,RED PAPER PARASOL,-1,2009-12-06 14:58:00,2.95,17610.0,United Kingdom
C490513,22171,3 HOOK PHOTO SHELF ANTIQUE WHITE,-1,2009-12-06 14:58:00,8.5,17610.0,United Kingdom
C490520,47589,CONGRATULATIONS BUNTING,-1,2009-12-06 15:21:00,5.45,13211.0,United Kingdom
C490532,21450,DISTRESSED CANDLE STICK WHITE,-10,2009-12-06 16:02:00,5.95,15691.0,United Kingdom
C490544,22139,RETRO SPOT TEA SET CERAMIC 11 PC,-6,2009-12-07 09:46:00,4.95,16163.0,United Kingdom
C490565,22335,HEART DECORATION PAINTED ZINC,-48,2009-12-07 10:44:00,0.65,14113.0,United Kingdom
C490565,21527,RED RETROSPOT TRADITIONAL TEAPOT,-2,2009-12-07 10:44:00,7.95,14113.0,United Kingdom
C490565,22301,COFFEE MUG CAT + BIRD DESIGN,-1,2009-12-07 10:44:00,2.55,14113.0,United Kingdom
C490666,21361,LOVE LARGE WOOD LETTERS,-1,2009-12-07 12:32:00,12.75,16404.0,United Kingdom
C490700,90214G,"LETTER ""G"" BLING KEY RING",-6,2009-12-07 14:37:00,1.25,14695.0,United Kingdom
C490700,90214P,"LETTER ""P"" BLING KEY RING",-6,2009-12-07 14:37:00,1.25,14695.0,United Kingdom
C490700,90214E,"LETTER ""E"" BLING KEY RING",-6,2009-12-07 14:37:00,1.25,14695.0,United Kingdom
C490700,90214J,"LETTER ""J"" BLING KEY RING",-6,2009-12-07 14:37:00,1.25,14695.0,United Kingdom
C490700,90214S,"LETTER ""S"" BLING KEY RING",-6,2009-12-07 14:37:00,1.25,14695.0,United Kingdom
C490700,90214C,"LETTER ""C"" BLING KEY RING",-6,2009-12-07 14:37:00,1.25,14695.0,United Kingdom
C490700,90214A,"LETTER ""A"" BLING KEY RING",-6,2009-12-07 14:37:00,1.25,14695.0,United Kingdom
C490700,90214L,"LETTER ""L"" BLING KEY RING",-6,2009-12-07 14:37:00,1.25,14695.0,United Kingdom
C490700,90214I,"LETTER ""I"" BLING KEY RING",-6,2009-12-07 14:37:00,1.25,14695.0,United Kingdom
C490701,22138,BAKING SET 9 PIECE RETROSPOT,-1,2009-12-07 14:38:00,4.95,12677.0,France
C490701,20723,STRAWBERRY CHARLOTTE BAG,-1,2009-12-07 14:38:00,0.85,12677.0,France
C490702,47566,PARTY BUNTING,-1,2009-12-07 14:43:00,4.65,12424.0,Australia
C490702,47590B,PINK HAPPY BIRTHDAY BUNTING,-3,2009-12-07 14:43:00,5.45,12424.0,Australia
C490721,21232,STRAWBERRY CERAMIC TRINKET BOX,-1,2009-12-07 15:45:00,1.25,14156.0,EIRE
C490721,84782C,GREEN 3 TIER GLASS PLATE STAND,-1,2009-12-07 15:45:00,12.75,14156.0,EIRE
C490739,22003,VINTAGE BLUE VACUUM FLASK 0.5L,-10,2009-12-07 17:50:00,6.75,16436.0,United Kingdom
C490739,22295,HEART FILIGREE DOVE LARGE,-12,2009-12-07 17:50:00,1.65,16436.0,United Kingdom
C490740,35400,WOODEN BOX ADVENT CALENDAR,-1,2009-12-07 17:52:00,8.95,14209.0,United Kingdom
C490742,21527,RED RETROSPOT TRADITIONAL TEAPOT,-1,2009-12-07 17:58:00,7.95,13807.0,United Kingdom
C490742,85063,CREAM SWEETHEART MAGAZINE RACK,-1,2009-12-07 17:58:00,16.95,13807.0,United Kingdom
C490743,37449,CERAMIC CAKE STAND + HANGING CAKES,-1,2009-12-07 17:59:00,9.95,14763.0,United Kingdom
C490744,21622,VINTAGE UNION JACK CUSHION COVER,-1,2009-12-07 18:00:00,4.95,16556.0,United Kingdom
C490744,21662,VINTAGE GLASS COFFEE CADDY,-1,2009-12-07 18:00:00,5.95,16556.0,United Kingdom
C490744,21663,VINTAGE GLASS SUGAR CADDY,-1,2009-12-07 18:00:00,5.95,16556.0,United Kingdom
C490744,21658,GLASS  BEURRE DISH,-1,2009-12-07 18:00:00,3.95,16556.0,United Kingdom
C490744,85014B,RED/WHITE DOTS RUFFLED UMBRELLA,-1,2009-12-07 18:00:00,5.95,16556.0,United Kingdom
C490746,85065,CREAM SWEETHEART TRAYS,-1,2009-12-07 18:09:00,12.75,14013.0,United Kingdom
C490746,85067,CREAM SWEETHEART WALL CABINET,-1,2009-12-07 18:09:00,18.95,14013.0,United Kingdom
C490746,85063,CREAM SWEETHEART MAGAZINE RACK,-1,2009-12-07 18:09:00,16.95,14013.0,United Kingdom
C490746,22138,BAKING SET 9 PIECE RETROSPOT,-6,2009-12-07 18:09:00,4.95,14013.0,United Kingdom
C490748,M,Manual,-1,2009-12-07 18:14:00,309.73,12748.0,United Kingdom
C490756,21125,SET 6 FOOTBALL CELEBRATION CANDLES,-1,2009-12-08 09:27:00,1.25,12424.0,Australia
C490756,21126,SET OF 6 GIRLS CELEBRATION CANDLES,-2,2009-12-08 09:27:00,1.25,12424.0,Australia
490765,21450,DISTRESSED CANDLE STICK WHITE,-31,2009-12-08 10:59:00,0.0,,United Kingdom
490766,51008,AFGHAN SLIPPER SOCK PAIR,-200,2009-12-08 11:06:00,0.0,,United Kingdom
C490768,82484,WOOD BLACK BOARD ANT WHITE FINISH,-1,2009-12-08 11:10:00,6.45,14277.0,France
C490768,84472,PINK AND LILAC QUILTED THROW,-1,2009-12-08 11:10:00,45.95,14277.0,France
C490773,22061,LARGE CAKE STAND  HANGING STRAWBERY,-1,2009-12-08 11:19:00,9.95,16593.0,United Kingdom
C490773,22060,LARGE CAKE STAND HANGING HEARTS,-1,2009-12-08 11:19:00,9.95,16593.0,United Kingdom
C490798,POST,POSTAGE,-2,2009-12-08 11:51:00,18.0,14277.0,France
C490798,21092,SET/6 STRAWBERRY PAPER PLATES,-12,2009-12-08 11:51:00,0.85,14277.0,France
C490798,21099,SET/6 STRAWBERRY PAPER CUPS,-12,2009-12-08 11:51:00,0.65,14277.0,France
C490798,21094,SET/6 RED SPOTTY PAPER PLATES,-12,2009-12-08 11:51:00,0.85,14277.0,France
C490798,21080,SET/20 RED SPOTTY PAPER NAPKINS,-12,2009-12-08 11:51:00,0.85,14277.0,France
C490798,21086,SET/6 RED SPOTTY PAPER CUPS,-12,2009-12-08 11:51:00,0.65,14277.0,France
C490798,21121,SET/10 RED SPOTTY PARTY CANDLES,-24,2009-12-08 11:51:00,1.25,14277.0,France
C490798,22352,LUNCH BOX WITH CUTLERY RETROSPOT,-12,2009-12-08 11:51:00,2.55,14277.0,France
C490798,22353,LUNCH BOX WITH CUTLERY FAIRY CAKES,-6,2009-12-08 11:51:00,2.55,14277.0,France
C490798,21212,PACK OF 72 RETRO SPOT CAKE CASES,-24,2009-12-08 11:51:00,0.55,14277.0,France
C490798,84997A,GREEN 3 PIECE MINI DOTS CUTLERY SET,-6,2009-12-08 11:51:00,3.75,14277.0,France
C490798,84997D,PINK 3 PIECE MINI DOTS CUTLERY SET,-6,2009-12-08 11:51:00,3.75,14277.0,France
C490798,22333,RETRO SPORT PARTY BAG + STICKER SET,-16,2009-12-08 11:51:00,1.65,14277.0,France
C490798,20682,RED SPOTTY CHILDS UMBRELLA,-6,2009-12-08 11:51:00,3.25,14277.0,France
C490798,20681,PINK SPOTTY CHILDS UMBRELLA,-6,2009-12-08 11:51:00,3.25,14277.0,France
C490798,21889,WOODEN BOX OF DOMINOES,-12,2009-12-08 11:51:00,1.25,14277.0,France
C490798,22331,WOODLAND PARTY BAG + STICKER SET,-8,2009-12-08 11:51:00,1.65,14277.0,France
C490798,22138,BAKING SET 9 PIECE RETROSPOT,-9,2009-12-08 11:51:00,4.95,14277.0,France
C490807,20661,BLUE SPOTTY PURSE,-12,2009-12-08 12:25:00,2.95,13091.0,United Kingdom
C490807,21901,"KEY FOB , BACK DOOR",-48,2009-12-08 12:25:00,0.65,13091.0,United Kingdom
C490807,22123,PING MICROWAVE APRON,-12,2009-12-08 12:25:00,5.95,13091.0,United Kingdom
C490807,22174,PHOTO CUBE,-24,2009-12-08 12:25:00,1.65,13091.0,United Kingdom
C490807,22095,LADS ONLY TISSUE BOX,-36,2009-12-08 12:25:00,1.06,13091.0,United Kingdom
C490807,22107,PIZZA PLATE IN BOX,-32,2009-12-08 12:25:00,3.39,13091.0,United Kingdom
C490807,21743,STAR PORTABLE TABLE LIGHT,-24,2009-12-08 12:25:00,2.95,13091.0,United Kingdom
C490807,21098,CHRISTMAS TOILET ROLL,-36,2009-12-08 12:25:00,1.25,13091.0,United Kingdom
C490807,21490,SET OF THREE 50'S GIFT WRAPS,-12,2009-12-08 12:25:00,1.95,13091.0,United Kingdom
C490807,51014L,"FEATHER PEN,LIGHT PINK",-60,2009-12-08 12:25:00,0.85,13091.0,United Kingdom
C490807,20940,SET/6 GARDEN GNOME T-LIGHT CANDLES,-18,2009-12-08 12:25:00,2.95,13091.0,United Kingdom
C490807,85175,CACTI T-LIGHT CANDLES,-96,2009-12-08 12:25:00,0.42,13091.0,United Kingdom
C490807,84692,BOX OF 24 COCKTAIL PARASOLS,-50,2009-12-08 12:25:00,0.42,13091.0,United Kingdom
C490807,85217,ASSORTED ICE CREAM FRIDGE MAGNETS,-24,2009-12-08 12:25:00,0.65,13091.0,United Kingdom
C490807,21700,BIG DOUGHNUT FRIDGE MAGNETS,-24,2009-12-08 12:25:00,0.85,13091.0,United Kingdom
C490807,22064,PINK DOUGHNUT TRINKET POT,-24,2009-12-08 12:25:00,1.65,13091.0,United Kingdom
C490807,20658,RED SPOTTY LUGGAGE TAG,-12,2009-12-08 12:25:00,1.25,13091.0,United Kingdom
C490807,20670,VIP HOLIDAY PURSE,-6,2009-12-08 12:25:00,2.95,13091.0,United Kingdom
C490807,20665,RED SPOTTY PURSE,-12,2009-12-08 12:25:00,2.95,13091.0,United Kingdom
C490807,84510A,SET OF 4 ENGLISH ROSE COASTERS,-10,2009-12-08 12:25:00,1.25,13091.0,United Kingdom
C490807,21871,SAVE THE PLANET MUG,-12,2009-12-08 12:25:00,1.25,13091.0,United Kingdom
C490807,21870,I CAN ONLY PLEASE ONE PERSON MUG,-12,2009-12-08 12:25:00,1.25,13091.0,United Kingdom
C490807,84596E,SMALL LICORICE DES PINK BOWL,-16,2009-12-08 12:25:00,1.25,13091.0,United Kingdom
C490807,84596B,SMALL DOLLY MIX DESIGN ORANGE BOWL,-16,2009-12-08 12:25:00,1.25,13091.0,United Kingdom
C490807,21866,UNION JACK FLAG LUGGAGE TAG,-12,2009-12-08 12:25:00,1.25,13091.0,United Kingdom
C490807,21634,ASSORTED MINI MADRAS NOTEBOOK,-24,2009-12-08 12:25:00,1.25,13091.0,United Kingdom
C490807,51014A,"FEATHER PEN,HOT PINK",-60,2009-12-08 12:25:00,0.85,13091.0,United Kingdom
C490807,16033,MINI HIGHLIGHTER PENS,-120,2009-12-08 12:25:00,0.12,13091.0,United Kingdom
C490807,10138,ASSORTED COLOUR JUMBO PEN,-96,2009-12-08 12:25:00,0.42,13091.0,United Kingdom
C490807,22030,SWALLOWS GREETING CARD,-48,2009-12-08 12:25:00,0.42,13091.0,United Kingdom
C490807,84077,WORLD WAR 2 GLIDERS ASSTD DESIGNS,-96,2009-12-08 12:25:00,0.21,13091.0,United Kingdom
C490807,51014C,"FEATHER PEN,COAL BLACK",-60,2009-12-08 12:25:00,0.85,13091.0,United Kingdom
C490807,21703,BAG 125g SWIRLY MARBLES,-36,2009-12-08 12:25:00,0.42,13091.0,United Kingdom
C490807,35004B,SET OF 3 BLACK FLYING DUCKS,-12,2009-12-08 12:25:00,4.65,13091.0,United Kingdom
C490807,84030C,KNITTED RAINBOW HOT WATER BOTTLE,-4,2009-12-08 12:25:00,3.75,13091.0,United Kingdom
C490807,84029E,RED WOOLLY HOTTIE WHITE HEART.,-4,2009-12-08 12:25:00,3.75,13091.0,United Kingdom
C490807,84029G,KNITTED UNION FLAG HOT WATER BOTTLE,-4,2009-12-08 12:25:00,3.75,13091.0,United Kingdom
C490866,85065,CREAM SWEETHEART TRAYS,-1,2009-12-08 12:51:00,12.75,17213.0,United Kingdom
C490866,51012C,"FEATHER DUSTER, COAL BLACK",-1,2009-12-08 12:51:00,1.25,17213.0,United Kingdom
C490866,82483,WOOD 2 DRAWER CABINET WHITE FINISH,-1,2009-12-08 12:51:00,5.95,17213.0,United Kingdom
C490866,20829,GLITTER HANGING BUTTERFLY STRING,-1,2009-12-08 12:51:00,2.1,17213.0,United Kingdom
C490866,79323S,SILVER CHERRY LIGHTS,-1,2009-12-08 12:51:00,6.75,17213.0,United Kingdom
C490923,22138,BAKING SET 9 PIECE RETROSPOT,-3,2009-12-08 13:25:00,4.95,16163.0,United Kingdom
C490929,22139,RETRO SPOT TEA SET CERAMIC 11 PC,-4,2009-12-08 13:42:00,4.95,13915.0,United Kingdom
C490929,22138,BAKING SET 9 PIECE RETROSPOT,-4,2009-12-08 13:42:00,4.95,13915.0,United Kingdom
C490931,85048,15CM CHRISTMAS GLASS BALL 20 LIGHTS,-1,2009-12-08 13:44:00,7.95,14925.0,United Kingdom
C490934,20914,SET/5 RED SPOTTY LID GLASS BOWLS,-1,2009-12-08 13:49:00,2.55,14156.0,EIRE
C490935,48195,DOOR MAT GREEN PAISLEY,-2,2009-12-08 13:54:00,6.75,15326.0,United Kingdom
C490935,72127,COLUMBIAN CANDLE ROUND,-1,2009-12-08 13:54:00,1.25,15326.0,United Kingdom
C490935,85216,ASSORTED CAKES FRIDGE MAGNETS,-1,2009-12-08 13:54:00,0.65,15326.0,United Kingdom
C490935,85042,ANTIQUE LILY FAIRY LIGHTS,-1,2009-12-08 13:54:00,4.95,15326.0,United Kingdom
C490935,85150,LADIES & GENTLEMEN METAL SIGN,-6,2009-12-08 13:54:00,2.55,15326.0,United Kingdom
C490935,21761,WOOD AND GLASS MEDICINE CABINET,-1,2009-12-08 13:54:00,29.95,15326.0,United Kingdom
C490935,21463,MIRRORED DISCO BALL,-1,2009-12-08 13:54:00,5.95,15326.0,United Kingdom
C490935,84839,SWEETHEART KEY CABINET,-1,2009-12-08 13:54:00,6.75,15326.0,United Kingdom
C490935,85162A,SILVER RETRODISC LAMPSHADE,-1,2009-12-08 13:54:00,9.95,15326.0,United Kingdom
C490939,22352,LUNCH BOX WITH CUTLERY RETROSPOT,-6,2009-12-08 14:00:00,2.55,16736.0,United Kingdom
C490942,21576,LETS GO SHOPPING COTTON TOTE BAG,-6,2009-12-08 14:04:00,2.25,14337.0,United Kingdom
C490942,21580,RABBIT  DESIGN  COTTON TOTE BAG,-6,2009-12-08 14:04:00,2.25,14337.0,United Kingdom
C490942,21581,SKULLS  DESIGN  COTTON TOTE BAG,-8,2009-12-08 14:04:00,2.25,14337.0,United Kingdom
C490942,21679,SKULLS  STICKERS,-12,2009-12-08 14:04:00,0.85,14337.0,United Kingdom
C490942,21791,VINTAGE HEADS AND TAILS CARD GAME,-12,2009-12-08 14:04:00,1.25,14337.0,United Kingdom
C490942,84270,ASSTD DESIGN BUBBLE GUM RING,-60,2009-12-08 14:04:00,0.21,14337.0,United Kingdom
C490942,21700,BIG DOUGHNUT FRIDGE MAGNETS,-24,2009-12-08 14:04:00,0.85,14337.0,United Kingdom
C490942,85217,ASSORTED ICE CREAM FRIDGE MAGNETS,-24,2009-12-08 14:04:00,0.65,14337.0,United Kingdom
C490942,85216,ASSORTED CAKES FRIDGE MAGNETS,-24,2009-12-08 14:04:00,0.65,14337.0,United Kingdom
C490942,84032A,CHARLIE+LOLA PINK HOT WATER BOTTLE,-8,2009-12-08 14:04:00,2.95,14337.0,United Kingdom
C490942,84032B,CHARLIE + LOLA RED HOT WATER BOTTLE,-6,2009-12-08 14:04:00,2.95,14337.0,United Kingdom
C490942,22111,SCOTTIE DOG HOT WATER BOTTLE,-8,2009-12-08 14:04:00,4.95,14337.0,United Kingdom
C490942,84029G,KNITTED UNION FLAG HOT WATER BOTTLE,-4,2009-12-08 14:04:00,3.75,14337.0,United Kingdom
C490942,84030E,ENGLISH ROSE HOT WATER BOTTLE,-5,2009-12-08 14:04:00,4.25,14337.0,United Kingdom
C490942,21578,WOODLAND DESIGN  COTTON TOTE BAG,-6,2009-12-08 14:04:00,2.25,14337.0,United Kingdom
C490942,20694,FLORAL PINK MONSTER,-4,2009-12-08 14:04:00,3.75,14337.0,United Kingdom
C490942,21888,BINGO SET,-4,2009-12-08 14:04:00,3.75,14337.0,United Kingdom
C490942,21701,SET 6 MINI SUSHI SET FRIDGE MAGNETS,-12,2009-12-08 14:04:00,1.69,14337.0,United Kingdom
C490942,84031A,CHARLIE+LOLA RED HOT WATER BOTTLE,-5,2009-12-08 14:04:00,4.65,14337.0,United Kingdom
C490942,84031B,CHARLIE LOLA BLUE HOT WATER BOTTLE,-5,2009-12-08 14:04:00,4.65,14337.0,United Kingdom
C490942,21485,RED SPOT HEART HOT WATER BOTTLE,-6,2009-12-08 14:04:00,4.95,14337.0,United Kingdom
C490942,21579,LOLITA  DESIGN  COTTON TOTE BAG,-6,2009-12-08 14:04:00,2.25,14337.0,United Kingdom
C490942,21481,FAWN BLUE HOT WATER BOTTLE,-6,2009-12-08 14:04:00,2.95,14337.0,United Kingdom
C490942,84029E,RED WOOLLY HOTTIE WHITE HEART.,-6,2009-12-08 14:04:00,3.75,14337.0,United Kingdom
C490942,11001,ASSTD DESIGN RACING CAR PEN,-16,2009-12-08 14:04:00,1.69,14337.0,United Kingdom
C490942,20695,FLORAL BLUE MONSTER,-3,2009-12-08 14:04:00,4.25,14337.0,United Kingdom
C490942,21889,WOODEN BOX OF DOMINOES,-12,2009-12-08 14:04:00,1.25,14337.0,United Kingdom
C490942,21832,CHOCOLATE CALCULATOR,-12,2009-12-08 14:04:00,1.65,14337.0,United Kingdom
C490942,20935,ROUND CACTUS CANDLE,-6,2009-12-08 14:04:00,2.95,14337.0,United Kingdom
C490942,20936,FORKED CACTUS CANDLE,-6,2009-12-08 14:04:00,2.95,14337.0,United Kingdom
C490942,85175,CACTI T-LIGHT CANDLES,-32,2009-12-08 14:04:00,0.42,14337.0,United Kingdom
C490942,85172,HYACINTH BULB T-LIGHT CANDLES,-16,2009-12-08 14:04:00,0.42,14337.0,United Kingdom
C490942,21480,PINK STRIPE HOT WATER BOTTLE,-6,2009-12-08 14:04:00,2.95,14337.0,United Kingdom
C490942,21482,MUSHROOM BLUE HOT WATER BOTTLE,-6,2009-12-08 14:04:00,2.95,14337.0,United Kingdom
C490942,21479,WHITE SKULL HOT WATER BOTTLE,-8,2009-12-08 14:04:00,3.75,14337.0,United Kingdom
C490942,22125,UNION JACK HOT WATER BOTTLE,-3,2009-12-08 14:04:00,5.95,14337.0,United Kingdom
C490943,BANK CHARGES,Bank Charges,-1,2009-12-08 14:08:00,15.0,16703.0,United Kingdom
C490946,21098,CHRISTMAS TOILET ROLL,-36,2009-12-08 14:28:00,1.25,13091.0,United Kingdom
C490946,21490,SET OF THREE 50'S GIFT WRAPS,-12,2009-12-08 14:28:00,1.95,13091.0,United Kingdom
C490946,51014L,"FEATHER PEN,LIGHT PINK",-60,2009-12-08 14:28:00,0.85,13091.0,United Kingdom
C490946,20940,SET/6 GARDEN GNOME T-LIGHT CANDLES,-18,2009-12-08 14:28:00,2.95,13091.0,United Kingdom
C490946,85175,CACTI T-LIGHT CANDLES,-96,2009-12-08 14:28:00,0.42,13091.0,United Kingdom
C490946,84692,BOX OF 24 COCKTAIL PARASOLS,-50,2009-12-08 14:28:00,0.42,13091.0,United Kingdom
C490946,85217,ASSORTED ICE CREAM FRIDGE MAGNETS,-24,2009-12-08 14:28:00,0.65,13091.0,United Kingdom
C490946,21700,BIG DOUGHNUT FRIDGE MAGNETS,-24,2009-12-08 14:28:00,0.85,13091.0,United Kingdom
C490946,22064,PINK DOUGHNUT TRINKET POT,-24,2009-12-08 14:28:00,1.65,13091.0,United Kingdom
C490946,20658,RED SPOTTY LUGGAGE TAG,-12,2009-12-08 14:28:00,1.25,13091.0,United Kingdom
C490946,20661,BLUE SPOTTY PURSE,-12,2009-12-08 14:28:00,2.95,13091.0,United Kingdom
C490946,20665,RED SPOTTY PURSE,-12,2009-12-08 14:28:00,2.95,13091.0,United Kingdom
C490946,84510A,SET OF 4 ENGLISH ROSE COASTERS,-10,2009-12-08 14:28:00,1.25,13091.0,United Kingdom
C490946,21871,SAVE THE PLANET MUG,-12,2009-12-08 14:28:00,1.25,13091.0,United Kingdom
C490946,21870,I CAN ONLY PLEASE ONE PERSON MUG,-12,2009-12-08 14:28:00,1.25,13091.0,United Kingdom
C490946,84596E,SMALL LICORICE DES PINK BOWL,-16,2009-12-08 14:28:00,1.25,13091.0,United Kingdom
C490946,84596B,SMALL DOLLY MIX DESIGN ORANGE BOWL,-16,2009-12-08 14:28:00,1.25,13091.0,United Kingdom
C490946,21866,UNION JACK FLAG LUGGAGE TAG,-12,2009-12-08 14:28:00,1.25,13091.0,United Kingdom
C490946,21634,ASSORTED MINI MADRAS NOTEBOOK,-24,2009-12-08 14:28:00,1.25,13091.0,United Kingdom
C490946,51014A,"FEATHER PEN,HOT PINK",-60,2009-12-08 14:28:00,0.85,13091.0,United Kingdom
C490946,16033,MINI HIGHLIGHTER PENS,-120,2009-12-08 14:28:00,0.12,13091.0,United Kingdom
C490946,10138,ASSORTED COLOUR JUMBO PEN,-96,2009-12-08 14:28:00,0.42,13091.0,United Kingdom
C490946,22030,SWALLOWS GREETING CARD,-48,2009-12-08 14:28:00,0.42,13091.0,United Kingdom
C490946,84077,WORLD WAR 2 GLIDERS ASSTD DESIGNS,-96,2009-12-08 14:28:00,0.21,13091.0,United Kingdom
C490946,51014C,"FEATHER PEN,COAL BLACK",-60,2009-12-08 14:28:00,0.85,13091.0,United Kingdom
C490946,21703,BAG 125g SWIRLY MARBLES,-36,2009-12-08 14:28:00,0.42,13091.0,United Kingdom
C490946,35004B,SET OF 3 BLACK FLYING DUCKS,-12,2009-12-08 14:28:00,4.65,13091.0,United Kingdom
C490946,84030C,KNITTED RAINBOW HOT WATER BOTTLE,-4,2009-12-08 14:28:00,3.75,13091.0,United Kingdom
C490946,84029E,RED WOOLLY HOTTIE WHITE HEART.,-4,2009-12-08 14:28:00,3.75,13091.0,United Kingdom
C490946,84029G,KNITTED UNION FLAG HOT WATER BOTTLE,-4,2009-12-08 14:28:00,3.75,13091.0,United Kingdom
C490946,20670,VIP HOLIDAY PURSE,-6,2009-12-08 14:28:00,2.95,13091.0,United Kingdom
C490946,21901,"KEY FOB , BACK DOOR",-48,2009-12-08 14:28:00,0.65,13091.0,United Kingdom
C490946,22123,PING MICROWAVE APRON,-12,2009-12-08 14:28:00,5.95,13091.0,United Kingdom
C490946,22174,PHOTO CUBE,-24,2009-12-08 14:28:00,1.65,13091.0,United Kingdom
C490946,22095,LADS ONLY TISSUE BOX,-36,2009-12-08 14:28:00,1.06,13091.0,United Kingdom
C490946,22107,PIZZA PLATE IN BOX,-32,2009-12-08 14:28:00,3.39,13091.0,United Kingdom
C490946,21743,STAR PORTABLE TABLE LIGHT,-24,2009-12-08 14:28:00,2.95,13091.0,United Kingdom
C490947,21100,CHARLIE AND LOLA CHARLOTTE BAG,-1,2009-12-08 14:29:00,1.65,16523.0,United Kingdom
C490949,47503F,ASS FLORAL PRINT TORCH,-1,2009-12-08 14:30:00,1.65,16353.0,United Kingdom
C490973,21875,KINGS CHOICE MUG,-1,2009-12-08 16:40:00,1.25,17069.0,United Kingdom
C490973,85232B,SET/3 RUSSIAN DOLL STACKING TINS,-1,2009-12-08 16:40:00,4.95,17069.0,United Kingdom
C490974,21032,SPACE CADET WHITE,-3,2009-12-08 16:41:00,1.25,16451.0,United Kingdom
C490977,85006,SET 4 NURSERY DES ROUND BOXES,-6,2009-12-08 16:43:00,2.95,15317.0,United Kingdom
C490979,85047,WHITE BEADED GARLAND STRING 20LIGHT,-3,2009-12-08 16:51:00,6.35,13468.0,United Kingdom
C490980,22319,HAIRCLIPS FORTIES FABRIC ASSORTED,-1,2009-12-08 16:55:00,0.65,15194.0,United Kingdom
C490980,21890,S/6 WOODEN SKITTLES IN COTTON BAG,-4,2009-12-08 16:55:00,2.95,15194.0,United Kingdom
C490980,85048,15CM CHRISTMAS GLASS BALL 20 LIGHTS,-2,2009-12-08 16:55:00,6.95,15194.0,United Kingdom
C490983,22073,RED RETROSPOT STORAGE JAR,-1,2009-12-08 16:57:00,3.75,16955.0,United Kingdom
C490985,47502,POLKADOT CUTLERY 24 PCS IN TRAY,-4,2009-12-08 17:04:00,9.95,15903.0,United Kingdom
C490986,85066,CREAM SWEETHEART MINI CHEST,-1,2009-12-08 17:05:00,12.75,16822.0,United Kingdom
C490987,85103,SILVER T-LIGHT SETTING,-5,2009-12-08 17:07:00,6.75,14864.0,United Kingdom
C490987,72739C,DARK CHOCOLATE SCENTCANDLE,-12,2009-12-08 17:07:00,1.25,14864.0,United Kingdom
C490988,21533,RETRO SPOT LARGE MILK JUG,-1,2009-12-08 17:08:00,4.95,12746.0,United Kingdom
C490988,21528,DAIRY MAID TRADITIONAL TEAPOT,-1,2009-12-08 17:08:00,6.95,12746.0,United Kingdom
C490991,21553,CERAMIC BIRDHOUSE FINCH BLUE  LARGE,-1,2009-12-08 17:10:00,5.95,13414.0,United Kingdom
C490991,21554,CERAMIC BIRDHOUSE RED ROOF LARGE,-1,2009-12-08 17:10:00,5.95,13414.0,United Kingdom
C490993,37495,FAIRY CAKE BIRTHDAY CANDLE SET,-3,2009-12-08 17:13:00,3.75,13902.0,Denmark
C490993,21463,MIRRORED DISCO BALL,-1,2009-12-08 17:13:00,5.95,13902.0,Denmark
C490994,85047,WHITE BEADED GARLAND STRING 20LIGHT,-1,2009-12-08 17:15:00,6.35,18070.0,United Kingdom
C490995,20892,SET/3 TALL GLASS CANDLE HOLDER PINK,-6,2009-12-08 17:16:00,12.75,18252.0,United Kingdom
C490996,22135,LADLE LOVE HEART PINK,-12,2009-12-08 17:23:00,0.42,15935.0,United Kingdom
C490996,35599D,PINK AND WHITE CHRISTMAS TREE 120CM,-6,2009-12-08 17:23:00,2.95,15935.0,United Kingdom
C490996,84879,ASSORTED COLOUR BIRD ORNAMENT,-8,2009-12-08 17:23:00,1.69,15935.0,United Kingdom
C490996,85016,SET OF 6 VINTAGE NOTELETS KIT,-6,2009-12-08 17:23:00,2.55,15935.0,United Kingdom
C490996,22276,WASH BAG VINTAGE ROSE PAISLEY,-6,2009-12-08 17:23:00,2.55,15935.0,United Kingdom
C490996,22131,FOOD CONTAINER SET 3 LOVE HEART,-6,2009-12-08 17:23:00,1.95,15935.0,United Kingdom
C490996,85172,HYACINTH BULB T-LIGHT CANDLES,-16,2009-12-08 17:23:00,0.42,15935.0,United Kingdom
C490996,21984,PACK OF 12 PINK PAISLEY TISSUES,-48,2009-12-08 17:23:00,0.29,15935.0,United Kingdom
C490996,22027,TEA PARTY BIRTHDAY CARD,-12,2009-12-08 17:23:00,0.42,15935.0,United Kingdom
C490996,21899,"KEY FOB , GARAGE DESIGN",-24,2009-12-08 17:23:00,0.65,15935.0,United Kingdom
C490996,21902,"KEY FOB , FRONT  DOOR",-24,2009-12-08 17:23:00,0.65,15935.0,United Kingdom
C490996,21901,"KEY FOB , BACK DOOR",-24,2009-12-08 17:23:00,0.65,15935.0,United Kingdom
C490996,22054,MINI CAKE STAND HANGING HEARTS,-8,2009-12-08 17:23:00,1.65,15935.0,United Kingdom
C490996,48195,DOOR MAT GREEN PAISLEY,-2,2009-12-08 17:23:00,6.75,15935.0,United Kingdom
C490996,22341,LOVE GARLAND PAINTED ZINC,-12,2009-12-08 17:23:00,1.65,15935.0,United Kingdom
C490996,22077,6 RIBBONS RUSTIC CHARM,-12,2009-12-08 17:23:00,1.65,15935.0,United Kingdom
C490996,22180,RETRO SPOT LAMP,-2,2009-12-08 17:23:00,9.95,15935.0,United Kingdom
C490996,22113,GREY HEART HOT WATER BOTTLE,-4,2009-12-08 17:23:00,3.45,15935.0,United Kingdom
C490996,21010,ETCHED GLASS BIRD TREE DECORATION,-12,2009-12-08 17:23:00,1.25,15935.0,United Kingdom
C490996,35979,SIX STRING SCANDINAVIAN HEART DECS,-6,2009-12-08 17:23:00,2.95,15935.0,United Kingdom
C490996,35976B,WHITE SCANDINAVIAN HEART CHRISTMAS,-12,2009-12-08 17:23:00,1.25,15935.0,United Kingdom
C490996,35594,WOODEN CHRISTMAS TREE 3 HANGING,-24,2009-12-08 17:23:00,0.42,15935.0,United Kingdom
C490997,21053,ZINC HEART HANGER WITH HOOKS,-1,2009-12-08 17:24:00,4.25,14911.0,EIRE
C490997,21652,GLASS ETCHED T-LIGHT HOLDER MEDIUM,-6,2009-12-08 17:24:00,1.95,14911.0,EIRE
C491000,21929,JUMBO BAG PINK VINTAGE PAISLEY,-1,2009-12-08 17:27:00,1.65,13136.0,United Kingdom
C491001,20747,PICCADILLY TEA SET,-1,2009-12-08 17:30:00,14.95,17531.0,United Kingdom
C491002,79323S,SILVER CHERRY LIGHTS,-4,2009-12-08 17:32:00,6.75,16853.0,United Kingdom
C491002,79342B,BROWN FLOWER LIGHTS,-6,2009-12-08 17:32:00,6.75,16853.0,United Kingdom
C491003,21874,GIN AND TONIC MUG,-2,2009-12-08 17:34:00,1.25,17340.0,United Kingdom
C491003,21735,TWO DOOR CURIO CABINET,-1,2009-12-08 17:34:00,12.75,17340.0,United Kingdom
C491003,51008,AFGHAN SLIPPER SOCK PAIR,-3,2009-12-08 17:34:00,3.45,17340.0,United Kingdom
C491003,82486,WOOD S/3 CABINET ANT WHITE FINISH,-2,2009-12-08 17:34:00,7.95,17340.0,United Kingdom
C491003,21326,AGED GLASS SILVER T-LIGHT HOLDER,-6,2009-12-08 17:34:00,0.65,17340.0,United Kingdom
C491003,21735,TWO DOOR CURIO CABINET,-2,2009-12-08 17:34:00,12.75,17340.0,United Kingdom
C491004,21358,TOAST ITS - HAPPY BIRTHDAY,-1,2009-12-08 17:38:00,1.25,14286.0,United Kingdom
C491004,21992,VINTAGE PAISLEY STATIONERY SET,-6,2009-12-08 17:38:00,2.95,14286.0,United Kingdom
C491004,21576,LETS GO SHOPPING COTTON TOTE BAG,-1,2009-12-08 17:38:00,2.25,14286.0,United Kingdom
C491005,79340W,WHITE ORCHID FLOWER LIGHTS,-1,2009-12-08 17:40:00,7.95,13112.0,United Kingdom
C491012,21231,SWEETHEART CERAMIC TRINKET BOX,-2,2009-12-08 18:25:00,1.25,13733.0,United Kingdom
C491013,21259,VICTORIAN SEWING BOX SMALL,-1,2009-12-08 18:28:00,5.95,14911.0,EIRE
C491013,21249,WOODLAND  HEIGHT CHART STICKERS,-6,2009-12-08 18:28:00,2.95,14911.0,EIRE
C491013,21843,RED RETROSPOT CAKE STAND,-1,2009-12-08 18:28:00,10.95,14911.0,EIRE
C491015,21332,MOROCCAN BEATEN METAL MIRROR,-1,2009-12-08 18:30:00,12.75,17612.0,United Kingdom
C491016,22149,FELTCRAFT 6 FLOWER FRIENDS,-6,2009-12-08 18:35:00,2.1,14907.0,United Kingdom
C491017,85044,RED REINDEER STRING OF 20 LIGHTS,-1,2009-12-08 18:38:00,4.95,13643.0,United Kingdom
C491018,79321,CHILLI LIGHTS,-1,2009-12-08 18:43:00,4.95,13107.0,United Kingdom
C491018,85047,WHITE BEADED GARLAND STRING 20LIGHT,-2,2009-12-08 18:43:00,6.35,13107.0,United Kingdom
C491019,21212,PACK OF 72 RETRO SPOT CAKE CASES,-24,2009-12-08 18:47:00,0.55,15137.0,United Kingdom
C491019,21731,RED TOADSTOOL LED NIGHT LIGHT,-12,2009-12-08 18:47:00,1.65,15137.0,United Kingdom
C491019,22189,CREAM HEART CARD HOLDER,-2,2009-12-08 18:47:00,3.95,15137.0,United Kingdom
C491020,35400,WOODEN BOX ADVENT CALENDAR,-4,2009-12-08 18:49:00,7.95,12747.0,United Kingdom
C491021,22183,CAKE STAND VICTORIAN FILIGREE MED,-1,2009-12-08 18:51:00,6.75,14911.0,EIRE
C491022,21157,RED SPOTTY WASHBAG,-6,2009-12-08 18:52:00,2.1,14817.0,United Kingdom
C491022,20665,RED SPOTTY PURSE,-6,2009-12-08 18:52:00,2.95,14817.0,United Kingdom
C491022,22139,RETRO SPOT TEA SET CERAMIC 11 PC,-3,2009-12-08 18:52:00,4.95,14817.0,United Kingdom
C491023,85174,S/4 CACTI CANDLES,-64,2009-12-08 18:57:00,4.25,15971.0,United Kingdom
C491023,21112,"SWISS ROLL TOWEL, PINK  SPOTS",-168,2009-12-08 18:57:00,2.55,15971.0,United Kingdom
C491027,22125,UNION JACK HOT WATER BOTTLE,-48,2009-12-08 19:04:00,4.95,15181.0,United Kingdom
C491028,46775A,BUBBLE GUM CHUNKY KNITTED THROW,-1,2009-12-08 19:06:00,16.95,13872.0,United Kingdom
C491029,17165D,ASS COL LARGE SAND FROG P'WEIGHT,-2,2009-12-08 19:07:00,1.05,15615.0,United Kingdom
C491029,17165B,ASS COL LARGE SAND GECKO P'WEIGHT,-3,2009-12-08 19:07:00,1.05,15615.0,United Kingdom
C491029,21843,RED RETROSPOT CAKE STAND,-1,2009-12-08 19:07:00,10.95,15615.0,United Kingdom
C491030,22335,HEART DECORATION PAINTED ZINC,-48,2009-12-08 19:07:00,0.65,14113.0,United Kingdom
C491031,37449,CERAMIC CAKE STAND + HANGING CAKES,-1,2009-12-08 19:09:00,9.95,14267.0,United Kingdom
C491032,21535,RED RETROSPOT SMALL MILK JUG,-1,2009-12-08 19:10:00,2.55,16131.0,United Kingdom
C491032,21527,RED RETROSPOT TRADITIONAL TEAPOT,-1,2009-12-08 19:10:00,7.95,16131.0,United Kingdom
C491036,21680,WOODLAND  STICKERS,-30,2009-12-09 09:16:00,0.85,12487.0,Sweden
C491037,22121,NOEL WOODEN BLOCK LETTERS,-5,2009-12-09 09:28:00,5.95,12896.0,United Kingdom
C491040,82483,WOOD 2 DRAWER CABINET WHITE FINISH,-2,2009-12-09 09:37:00,5.95,16163.0,United Kingdom
C491040,21440,12 MINI TOADSTOOL PEGS,-2,2009-12-09 09:37:00,1.25,16163.0,United Kingdom
C491040,22322,BIRD DECORATION GREEN  SPOT,-2,2009-12-09 09:37:00,0.85,16163.0,United Kingdom
C491052,21284,RETRO SPOT CANDLE  SMALL,-12,2009-12-09 10:47:00,1.69,12472.0,Germany
C491052,21286,RETRO SPOT CANDLE  LARGE,-12,2009-12-09 10:47:00,2.55,12472.0,Germany
C491052,85232B,SET/3 RUSSIAN DOLL STACKING TINS,-2,2009-12-09 10:47:00,4.95,12472.0,Germany
491065,84855,BLOKEY SILVER TOOL SET,-108,2009-12-09 11:59:00,0.0,,United Kingdom
C491076,85047,WHITE BEADED GARLAND STRING 20LIGHT,-3,2009-12-09 12:52:00,6.35,14173.0,United Kingdom
C491080,85232B,SET/3 RUSSIAN DOLL STACKING TINS,-2,2009-12-09 13:07:00,4.95,14593.0,United Kingdom
C491080,20781,GOLD EAR MUFF HEADPHONES,-3,2009-12-09 13:07:00,5.49,14593.0,United Kingdom
C491084,85047,WHITE BEADED GARLAND STRING 20LIGHT,-1,2009-12-09 13:24:00,6.35,17954.0,United Kingdom
C491084,85033G,SET/6 GOLD REINDEER T-LIGHT CANDLES,-1,2009-12-09 13:24:00,0.65,17954.0,United Kingdom
C491084,35001W,HAND OPEN SHAPE DECO.WHITE,-1,2009-12-09 13:24:00,3.49,17954.0,United Kingdom
C491099,22064,PINK DOUGHNUT TRINKET POT,-1,2009-12-09 14:11:00,1.65,15005.0,United Kingdom
C491099,21874,GIN AND TONIC MUG,-1,2009-12-09 14:11:00,1.25,15005.0,United Kingdom
C491099,37461,FUNKY MONKEY MUG,-1,2009-12-09 14:11:00,1.25,15005.0,United Kingdom
C491099,22167,"WALL MIRROR , DIAMANTE OVAL SHAPE",-1,2009-12-09 14:11:00,9.95,15005.0,United Kingdom
C491121,21889,WOODEN BOX OF DOMINOES,-1,2009-12-09 15:05:00,1.25,16933.0,United Kingdom
C491121,72807B,SET/3 OCEAN SCENT CANDLE JEWEL BOX,-1,2009-12-09 15:05:00,4.25,16933.0,United Kingdom
C491130,21064,BOOM BOX SPEAKER BOYS,-2,2009-12-09 16:03:00,5.95,16395.0,United Kingdom
C491156,37449,CERAMIC CAKE STAND + HANGING CAKES,-2,2009-12-10 09:54:00,8.5,15523.0,United Kingdom
C491156,22061,LARGE CAKE STAND  HANGING STRAWBERY,-3,2009-12-10 09:54:00,8.5,15523.0,United Kingdom
C491156,21843,RED RETROSPOT CAKE STAND,-2,2009-12-10 09:54:00,9.95,15523.0,United Kingdom
C491157,M,Manual,-1,2009-12-10 10:00:00,40.0,14942.0,United Kingdom
C491162,85098B,BLUE FLYING SINGING CANARY,-1,2009-12-10 10:33:00,3.75,17861.0,United Kingdom
C491162,85097B,BLUE ROCKING SINGING CANARY,-1,2009-12-10 10:33:00,3.75,17861.0,United Kingdom
C491166,21826,EIGHT PIECE DINOSAUR SET,-4,2009-12-10 11:00:00,1.25,12437.0,France
C491166,22138,BAKING SET 9 PIECE RETROSPOT,-2,2009-12-10 11:00:00,4.95,12437.0,France
C491166,22139,RETRO SPOT TEA SET CERAMIC 11 PC,-3,2009-12-10 11:00:00,4.95,12437.0,France
C491166,22325,MOBILE VINTAGE HEARTS,-6,2009-12-10 11:00:00,4.95,12437.0,France
C491168,79323P,PINK CHERRY LIGHTS,-1,2009-12-10 11:23:00,6.75,12978.0,United Kingdom
C491190,85053,FRENCH ENAMEL CANDLEHOLDER,-6,2009-12-10 12:38:00,2.1,16057.0,United Kingdom
C491190,84836,ZINC METAL HEART DECORATION,-12,2009-12-10 12:38:00,1.25,16057.0,United Kingdom
C491190,21165,BEWARE OF THE CAT METAL SIGN,-12,2009-12-10 12:38:00,1.69,16057.0,United Kingdom
C491190,21172,PARTY METAL SIGN,-12,2009-12-10 12:38:00,1.45,16057.0,United Kingdom
C491190,21164,HOME SWEET HOME METAL SIGN,-6,2009-12-10 12:38:00,2.95,16057.0,United Kingdom
C491190,22193,RED DINER WALL CLOCK,-2,2009-12-10 12:38:00,8.5,16057.0,United Kingdom
C491190,21527,RED RETROSPOT TRADITIONAL TEAPOT,-2,2009-12-10 12:38:00,7.95,16057.0,United Kingdom
C491190,21531,RED RETROSPOT SUGAR JAM BOWL,-6,2009-12-10 12:38:00,2.55,16057.0,United Kingdom
C491190,21844,RED RETROSPOT MUG,-6,2009-12-10 12:38:00,2.95,16057.0,United Kingdom
C491190,21533,RETRO SPOT LARGE MILK JUG,-3,2009-12-10 12:38:00,4.95,16057.0,United Kingdom
C491190,21537,RED RETROSPOT PUDDING BOWL,-4,2009-12-10 12:38:00,4.25,16057.0,United Kingdom
C491190,21535,RED RETROSPOT SMALL MILK JUG,-6,2009-12-10 12:38:00,2.55,16057.0,United Kingdom
C491190,21539,RED RETROSPOT BUTTER DISH,-3,2009-12-10 12:38:00,4.95,16057.0,United Kingdom
C491190,21843,RED RETROSPOT CAKE STAND,-1,2009-12-10 12:38:00,10.95,16057.0,United Kingdom
C491190,21155,RED SPOTTY PEG BAG,-6,2009-12-10 12:38:00,2.1,16057.0,United Kingdom
C491190,22180,RETRO SPOT LAMP,-2,2009-12-10 12:38:00,9.95,16057.0,United Kingdom
C491190,22072,RED RETROSPOT TEA CUP AND SAUCER,-4,2009-12-10 12:38:00,3.75,16057.0,United Kingdom
C491190,22348,TEA BAG PLATE RED SPOTTY,-12,2009-12-10 12:38:00,0.85,16057.0,United Kingdom
C491190,22091,EMPIRE TISSUE BOX,-12,2009-12-10 12:38:00,1.25,16057.0,United Kingdom
C491190,21901,"KEY FOB , BACK DOOR",-24,2009-12-10 12:38:00,0.65,16057.0,United Kingdom
C491190,21902,"KEY FOB , FRONT  DOOR",-24,2009-12-10 12:38:00,0.65,16057.0,United Kingdom
C491190,22094,RED POLKA DOT TISSUE BOX,-12,2009-12-10 12:38:00,1.25,16057.0,United Kingdom
C491190,22083,PAPER CHAIN KIT RETRO SPOT,-6,2009-12-10 12:38:00,2.95,16057.0,United Kingdom
C491190,22120,WELCOME  WOODEN BLOCK LETTERS,-3,2009-12-10 12:38:00,9.95,16057.0,United Kingdom
C491190,21754,HOME BUILDING BLOCK WORD,-3,2009-12-10 12:38:00,5.95,16057.0,United Kingdom
C491190,21755,LOVE BUILDING BLOCK WORD,-3,2009-12-10 12:38:00,5.95,16057.0,United Kingdom
C491190,21278,VINTAGE KITCHEN PRINT PUDDINGS,-6,2009-12-10 12:38:00,2.55,16057.0,United Kingdom
C491208,22215,CAKE STAND WHITE TWO TIER LACE,-1,2009-12-10 14:16:00,8.5,14564.0,Channel Islands
C491208,22200,FRYING PAN PINK POLKADOT,-2,2009-12-10 14:16:00,4.25,14564.0,Channel Islands
C491208,85033G,SET/6 GOLD REINDEER T-LIGHT CANDLES,-2,2009-12-10 14:16:00,0.65,14564.0,Channel Islands
C491208,21735,TWO DOOR CURIO CABINET,-2,2009-12-10 14:16:00,12.75,14564.0,Channel Islands
C491213,85123A,WHITE HANGING HEART T-LIGHT HOLDER,-1,2009-12-10 14:34:00,2.95,14043.0,United Kingdom
C491260,21477,STRING OF 20 ROSE LIGHTS,-1,2009-12-10 15:01:00,12.75,15916.0,United Kingdom
C491260,85042,ANTIQUE LILY FAIRY LIGHTS,-2,2009-12-10 15:01:00,4.95,15916.0,United Kingdom
C491260,90062,CARNIVAL BRACELET,-1,2009-12-10 15:01:00,12.75,15916.0,United Kingdom
C491369,22093,MOTORING TISSUE BOX,-36,2009-12-10 15:57:00,1.06,12979.0,United Arab Emirates
C491370,85066,CREAM SWEETHEART MINI CHEST,-1,2009-12-10 15:58:00,12.75,17239.0,United Kingdom
C491398,21642,ASSORTED TUTTI FRUTTI PEN,-24,2009-12-10 16:45:00,0.85,12933.0,United Kingdom
C491398,16046,TEATIME PEN CASE & PENS,-24,2009-12-10 16:45:00,0.85,12933.0,United Kingdom
C491402,22150,3 STRIPEY MICE FELTCRAFT,-2,2009-12-10 17:16:00,1.95,14507.0,United Kingdom
C491402,20893,HANGING BAUBLE T-LIGHT HOLDER SMALL,-1,2009-12-10 17:16:00,2.55,14507.0,United Kingdom
C491402,21108,FAIRY CAKE FLANNEL ASSORTED COLOUR,-9,2009-12-10 17:16:00,2.55,14507.0,United Kingdom
C491402,85078,SCANDINAVIAN 3 HEARTS NAPKIN RING,-1,2009-12-10 17:16:00,0.65,14507.0,United Kingdom
C491402,22130,PARTY CONE CHRISTMAS DECORATION,-6,2009-12-10 17:16:00,0.85,14507.0,United Kingdom
C491402,35631B,BLUE GREEN CHRISTMAS HANGING BALL,-1,2009-12-10 17:16:00,0.19,14507.0,United Kingdom
C491402,35962,12 ASS ZINC CHRISTMAS DECORATIONS,-1,2009-12-10 17:16:00,2.1,14507.0,United Kingdom
C491404,22061,LARGE CAKE STAND  HANGING STRAWBERY,-2,2009-12-10 17:34:00,9.95,14030.0,United Kingdom
C491409,21326,AGED GLASS SILVER T-LIGHT HOLDER,-1,2009-12-10 18:48:00,0.65,14211.0,United Kingdom
C491410,22325,MOBILE VINTAGE HEARTS,-6,2009-12-10 18:50:00,4.95,12437.0,France
C491410,22138,BAKING SET 9 PIECE RETROSPOT,-2,2009-12-10 18:50:00,4.95,12437.0,France
C491410,21826,EIGHT PIECE DINOSAUR SET,-4,2009-12-10 18:50:00,1.25,12437.0,France
C491410,22139,RETRO SPOT TEA SET CERAMIC 11 PC,-3,2009-12-10 18:50:00,4.95,12437.0,France
C491411,22215,CAKE STAND WHITE TWO TIER LACE,-2,2009-12-10 18:58:00,8.5,15309.0,United Kingdom
C491411,71459,HANGING JAM JAR T-LIGHT HOLDER,-1,2009-12-10 18:58:00,0.85,15309.0,United Kingdom
C491412,20956,PORCELAIN T-LIGHT HOLDERS ASSORTED,-24,2009-12-10 19:05:00,1.25,16450.0,United Kingdom
C491413,15060B,FAIRY CAKE DESIGN UMBRELLA,-3,2009-12-10 19:08:00,3.75,17627.0,United Kingdom
C491414,22355,CHARLOTTE BAG SUKI DESIGN,-3,2009-12-10 19:13:00,0.85,14389.0,United Kingdom
C491414,21100,CHARLIE AND LOLA CHARLOTTE BAG,-1,2009-12-10 19:13:00,1.65,14389.0,United Kingdom
C491414,21977,PACK OF 60 PINK PAISLEY CAKE CASES,-1,2009-12-10 19:13:00,0.55,14389.0,United Kingdom
C491414,22356,"CHARLOTTE BAG , PINK/WHITE SPOTS",-4,2009-12-10 19:13:00,0.85,14389.0,United Kingdom
C491414,20718,RED SPOTTY SHOPPER BAG,-1,2009-12-10 19:13:00,1.25,14389.0,United Kingdom
C491414,21929,JUMBO BAG PINK VINTAGE PAISLEY,-3,2009-12-10 19:13:00,1.95,14389.0,United Kingdom
C491414,20717,STRAWBERRY SHOPPER BAG,-2,2009-12-10 19:13:00,1.25,14389.0,United Kingdom
C491414,20716,PARTY FOOD SHOPPER BAG,-1,2009-12-10 19:13:00,1.25,14389.0,United Kingdom
C491415,21843,RED RETROSPOT CAKE STAND,-1,2009-12-10 19:16:00,10.95,14136.0,United Kingdom
C491416,21730,GLASS STAR FROSTED T-LIGHT HOLDER,-1,2009-12-10 19:18:00,4.95,14194.0,United Kingdom
C491418,85048,15CM CHRISTMAS GLASS BALL 20 LIGHTS,-4,2009-12-10 19:20:00,6.95,13408.0,United Kingdom
C491417,47559B,TEA TIME OVEN GLOVE,-10,2009-12-10 19:20:00,1.25,15079.0,United Kingdom
C491417,22061,LARGE CAKE STAND  HANGING STRAWBERY,-1,2009-12-10 19:20:00,9.95,15079.0,United Kingdom
C491419,72741,GRAND CHOCOLATECANDLE,-4,2009-12-10 19:25:00,1.45,13175.0,United Kingdom
C491419,22138,BAKING SET 9 PIECE RETROSPOT,-1,2009-12-10 19:25:00,4.95,13175.0,United Kingdom
C491420,21733,RED HANGING HEART T-LIGHT HOLDER,-6,2009-12-10 19:26:00,2.95,15680.0,United Kingdom
C491423,90184B,AMETHYST CHUNKY BEAD BRACELET W STR,-1,2009-12-10 19:45:00,8.95,16798.0,United Kingdom
C491423,M,Manual,-1,2009-12-10 19:45:00,2.2,16798.0,United Kingdom
C491428,D,Discount,-1,2009-12-10 20:23:00,9.1,15494.0,United Kingdom
C491430,35400,WOODEN BOX ADVENT CALENDAR,-1,2009-12-11 09:39:00,8.95,14606.0,United Kingdom
C491430,22187,GREEN CHRISTMAS TREE CARD HOLDER,-3,2009-12-11 09:39:00,4.25,14606.0,United Kingdom
C491430,21232,STRAWBERRY CERAMIC TRINKET BOX,-1,2009-12-11 09:39:00,1.25,14606.0,United Kingdom
C491441,22138,BAKING SET 9 PIECE RETROSPOT,-1,2009-12-11 10:32:00,4.25,15311.0,United Kingdom
C491441,37449,CERAMIC CAKE STAND + HANGING CAKES,-2,2009-12-11 10:32:00,8.5,15311.0,United Kingdom
C491441,37448,CERAMIC CAKE DESIGN SPOTTED MUG,-1,2009-12-11 10:32:00,1.25,15311.0,United Kingdom
C491441,35004C,SET OF 3 COLOURED  FLYING DUCKS,-1,2009-12-11 10:32:00,4.65,15311.0,United Kingdom
C491441,37450,CERAMIC CAKE BOWL + HANGING CAKES,-1,2009-12-11 10:32:00,2.55,15311.0,United Kingdom
C491441,71477,COLOUR GLASS. STAR T-LIGHT HOLDER,-3,2009-12-11 10:32:00,2.75,15311.0,United Kingdom
C491446,47504J,ENGLISH ROSE SET/3 GARDEN TOOLS,-3,2009-12-11 10:47:00,7.95,14191.0,United Kingdom
C491446,47503J,SET/3 FLORAL GARDEN TOOLS IN BAG,-7,2009-12-11 10:47:00,7.95,14191.0,United Kingdom
C491455,79341,WILLOW BRANCH LIGHTS.,-2,2009-12-11 11:20:00,6.75,17344.0,United Kingdom
C491458,22138,BAKING SET 9 PIECE RETROSPOT,-2,2009-12-11 11:28:00,4.95,15684.0,United Kingdom
C491459,79323P,PINK CHERRY LIGHTS,-2,2009-12-11 11:30:00,6.75,13711.0,United Kingdom
C491460,21533,RETRO SPOT LARGE MILK JUG,-1,2009-12-11 11:31:00,4.95,15162.0,United Kingdom
C491460,22072,RED RETROSPOT TEA CUP AND SAUCER,-1,2009-12-11 11:31:00,3.75,15162.0,United Kingdom
C491460,21527,RED RETROSPOT TRADITIONAL TEAPOT,-1,2009-12-11 11:31:00,7.95,15162.0,United Kingdom
C491460,21843,RED RETROSPOT CAKE STAND,-5,2009-12-11 11:31:00,10.95,15162.0,United Kingdom
C491461,85042,ANTIQUE LILY FAIRY LIGHTS,-1,2009-12-11 11:35:00,4.95,17581.0,United Kingdom
C491461,22180,RETRO SPOT LAMP,-1,2009-12-11 11:35:00,9.95,17581.0,United Kingdom
C491461,21527,RED RETROSPOT TRADITIONAL TEAPOT,-1,2009-12-11 11:35:00,7.95,17581.0,United Kingdom
C491461,22202,MILK PAN PINK RETROSPOT,-3,2009-12-11 11:35:00,3.75,17581.0,United Kingdom
C491466,79321,CHILLI LIGHTS,-1,2009-12-11 11:52:00,4.95,13958.0,United Kingdom
C491466,21202,DOLLY HONEYCOMB GARLAND,-2,2009-12-11 11:52:00,1.65,13958.0,United Kingdom
C491466,21206,STRAWBERRY HONEYCOMB  GARLAND,-4,2009-12-11 11:52:00,1.65,13958.0,United Kingdom
C491466,20663,QUEEN OF THE SKIES HOLIDAY PURSE,-3,2009-12-11 11:52:00,2.95,13958.0,United Kingdom
C491466,22066,LOVE HEART TRINKET POT,-2,2009-12-11 11:52:00,1.45,13958.0,United Kingdom
C491466,22180,RETRO SPOT LAMP,-1,2009-12-11 11:52:00,9.95,13958.0,United Kingdom
C491466,22109,FULL ENGLISH BREAKFAST PLATE,-1,2009-12-11 11:52:00,3.75,13958.0,United Kingdom
C491467,35400,WOODEN BOX ADVENT CALENDAR,-2,2009-12-11 11:59:00,8.95,14319.0,United Kingdom
C491469,20679,EDWARDIAN PARASOL RED,-1,2009-12-11 12:02:00,5.95,12835.0,United Kingdom
C491469,21232,STRAWBERRY CERAMIC TRINKET BOX,-2,2009-12-11 12:02:00,1.25,12835.0,United Kingdom
C491494,85066,CREAM SWEETHEART MINI CHEST,-1,2009-12-11 12:15:00,12.75,14867.0,United Kingdom
C491521,79340P,PURPLE ORCHID FLOWER LIGHTS,-1,2009-12-11 12:29:00,7.95,14895.0,United Kingdom
C491521,79323GR,GREEN CHERRY LIGHTS,-1,2009-12-11 12:29:00,6.75,14895.0,United Kingdom
C491521,85069,CREAM SWEETHEART DOUBLE SHELF,-3,2009-12-11 12:29:00,16.95,14895.0,United Kingdom
C491521,22204,MILK PAN BLUE RETROSPOT,-1,2009-12-11 12:29:00,3.75,14895.0,United Kingdom
C491533,72807C,SET/3 VANILLA SCENTED CANDLE IN BOX,-3,2009-12-11 12:32:00,4.25,14621.0,United Kingdom
C491533,72802B,OCEAN SCENT CANDLE IN JEWELLED BOX,-1,2009-12-11 12:32:00,4.25,14621.0,United Kingdom
C491544,22305,COFFEE MUG PINK PAISLEY DESIGN,-1,2009-12-11 12:36:00,2.55,17436.0,United Kingdom
C491544,22300,COFFEE MUG DOG + BALL DESIGN,-2,2009-12-11 12:36:00,2.55,17436.0,United Kingdom
C491545,22300,COFFEE MUG DOG + BALL DESIGN,-5,2009-12-11 12:37:00,2.55,17679.0,United Kingdom
C491546,21891,TRADITIONAL WOODEN SKIPPING ROPE,-1,2009-12-11 12:38:00,1.25,17679.0,United Kingdom
C491551,84279B,CHERRY BLOSSOM DECORATIVE FLASK,-1,2009-12-11 12:40:00,3.75,16580.0,United Kingdom
C491551,21232,STRAWBERRY CERAMIC TRINKET BOX,-1,2009-12-11 12:40:00,1.25,16580.0,United Kingdom
C491588,82607A,GLASS BONBON JAR PARFUME AUX FLEURE,-6,2009-12-11 12:59:00,1.25,17465.0,United Kingdom
C491589,22138,BAKING SET 9 PIECE RETROSPOT,-2,2009-12-11 13:04:00,4.95,13599.0,United Kingdom
C491590,35400,WOODEN BOX ADVENT CALENDAR,-1,2009-12-11 13:07:00,8.95,16917.0,United Kingdom
C491591,21232,STRAWBERRY CERAMIC TRINKET BOX,-3,2009-12-11 13:08:00,1.25,13819.0,United Kingdom
C491591,21231,SWEETHEART CERAMIC TRINKET BOX,-3,2009-12-11 13:08:00,1.25,13819.0,United Kingdom
C491591,84029E,RED WOOLLY HOTTIE WHITE HEART.,-1,2009-12-11 13:08:00,3.75,13819.0,United Kingdom
C491592,84032A,CHARLIE+LOLA PINK HOT WATER BOTTLE,-1,2009-12-11 13:09:00,2.95,13890.0,United Kingdom
C491593,20879,TREE OF NOAH FESTIVE SCENTED CANDLE,-96,2009-12-11 13:11:00,2.1,17681.0,United Kingdom
C491594,85218,S/5 MINI ICE CREAM FRIDGE MAGNETS,-3,2009-12-11 13:13:00,1.45,12921.0,United Kingdom
C491594,85220,SMALL FAIRY CAKE FRIDGE MAGNETS,-9,2009-12-11 13:13:00,1.65,12921.0,United Kingdom
C491594,22063,CERAMIC BOWL WITH STRAWBERRY DESIGN,-5,2009-12-11 13:13:00,2.95,12921.0,United Kingdom
C491594,22061,LARGE CAKE STAND  HANGING STRAWBERY,-1,2009-12-11 13:13:00,9.95,12921.0,United Kingdom
C491594,22055,MINI CAKE STAND  HANGING STRAWBERY,-7,2009-12-11 13:13:00,1.65,12921.0,United Kingdom
C491594,22061,LARGE CAKE STAND  HANGING STRAWBERY,-3,2009-12-11 13:13:00,9.95,12921.0,United Kingdom
C491595,22138,BAKING SET 9 PIECE RETROSPOT,-6,2009-12-11 13:14:00,4.95,17017.0,United Kingdom
C491596,21844,RED RETROSPOT MUG,-2,2009-12-11 13:15:00,2.95,12957.0,United Kingdom
C491598,22277,COSMETIC BAG VINTAGE ROSE PAISLEY,-1,2009-12-11 13:19:00,2.1,17677.0,United Kingdom
C491599,21843,RED RETROSPOT CAKE STAND,-1,2009-12-11 13:20:00,10.95,13768.0,United Kingdom
C491599,21537,RED RETROSPOT PUDDING BOWL,-1,2009-12-11 13:20:00,4.25,13768.0,United Kingdom
C491600,85180A,RED HEARTS LIGHT CHAIN,-6,2009-12-11 13:23:00,4.65,13874.0,United Kingdom
C491602,22138,BAKING SET 9 PIECE RETROSPOT,-2,2009-12-11 13:31:00,4.95,17645.0,United Kingdom
C491604,84836,ZINC METAL HEART DECORATION,-12,2009-12-11 13:32:00,1.25,12533.0,Germany
C491604,84948,SILVER HANGING T-LIGHT HOLDER DOME,-3,2009-12-11 13:32:00,1.65,12533.0,Germany
C491604,22072,RED RETROSPOT TEA CUP AND SAUCER,-1,2009-12-11 13:32:00,3.75,12533.0,Germany
C491604,22073,RED RETROSPOT STORAGE JAR,-1,2009-12-11 13:32:00,3.75,12533.0,Germany
C491605,84750B,BLACK SMALL GLASS CAKE STAND,-1,2009-12-11 13:33:00,1.95,16094.0,United Kingdom
C491605,21843,RED RETROSPOT CAKE STAND,-1,2009-12-11 13:33:00,10.95,16094.0,United Kingdom
C491606,35001C,HAND OPEN SHAPE CHROME,-3,2009-12-11 13:36:00,3.39,16220.0,United Kingdom
C491608,21733,RED HANGING HEART T-LIGHT HOLDER,-1,2009-12-11 13:39:00,2.95,12533.0,Germany
C491609,35400,WOODEN BOX ADVENT CALENDAR,-1,2009-12-11 13:41:00,7.95,17083.0,United Kingdom
C491610,85170A,SET/6 IVORY BIRD T-LIGHT CANDLES,-23,2009-12-11 13:42:00,1.69,14135.0,United Kingdom
C491611,21813,GARLAND WITH STARS AND BELLS,-2,2009-12-11 13:45:00,4.95,16717.0,United Kingdom
C491614,22139,RETRO SPOT TEA SET CERAMIC 11 PC,-1,2009-12-11 13:55:00,4.95,15179.0,United Kingdom
C491614,22333,RETRO SPORT PARTY BAG + STICKER SET,-7,2009-12-11 13:55:00,1.65,15179.0,United Kingdom
C491614,21155,RED SPOTTY PEG BAG,-1,2009-12-11 13:55:00,2.1,15179.0,United Kingdom
C491614,21892,TRADITIONAL WOODEN CATCH CUP GAME,-5,2009-12-11 13:55:00,1.25,15179.0,United Kingdom
C491614,22334,DINOSAUR PARTY BAG + STICKER SET,-7,2009-12-11 13:55:00,1.65,15179.0,United Kingdom
C491616,22061,LARGE CAKE STAND  HANGING STRAWBERY,-1,2009-12-11 13:57:00,9.95,14156.0,EIRE
C491615,82482,WOODEN PICTURE FRAME WHITE FINISH,-6,2009-12-11 13:57:00,2.55,18094.0,United Kingdom
C491615,21231,SWEETHEART CERAMIC TRINKET BOX,-12,2009-12-11 13:57:00,1.25,18094.0,United Kingdom
C491618,22086,PAPER CHAIN KIT 50'S CHRISTMAS,-2,2009-12-11 14:08:00,2.95,14627.0,United Kingdom
C491618,21490,SET OF THREE 50'S GIFT WRAPS,-4,2009-12-11 14:08:00,1.95,14627.0,United Kingdom
C491618,20914,SET/5 RED SPOTTY LID GLASS BOWLS,-1,2009-12-11 14:08:00,2.95,14627.0,United Kingdom
C491618,22283,6 EGG HOUSE PAINTED WOOD,-1,2009-12-11 14:08:00,7.95,14627.0,United Kingdom
C491618,21730,GLASS STAR FROSTED T-LIGHT HOLDER,-2,2009-12-11 14:08:00,4.95,14627.0,United Kingdom
C491619,21843,RED RETROSPOT CAKE STAND,-1,2009-12-11 14:08:00,10.95,14911.0,EIRE
C491620,21527,RED RETROSPOT TRADITIONAL TEAPOT,-1,2009-12-11 14:09:00,7.95,13768.0,United Kingdom
C491620,22072,RED RETROSPOT TEA CUP AND SAUCER,-3,2009-12-11 14:09:00,3.75,13768.0,United Kingdom
C491620,22138,BAKING SET 9 PIECE RETROSPOT,-3,2009-12-11 14:09:00,4.95,13768.0,United Kingdom
C491620,21843,RED RETROSPOT CAKE STAND,-1,2009-12-11 14:09:00,10.95,13768.0,United Kingdom
C491621,21430,SET/3 RED GINGHAM ROSE STORAGE BOX,-1,2009-12-11 14:10:00,3.75,14625.0,United Kingdom
C491623,POST,POSTAGE,-1,2009-12-11 14:20:00,15.0,16253.0,United Kingdom
C491626,21766,VINTAGE WOOD ORGANISER,-2,2009-12-11 14:31:00,16.95,16512.0,United Kingdom
C491632,20783,HEART EAR MUFF HEADPHONES,-1,2009-12-11 15:14:00,5.49,17841.0,United Kingdom
C491632,84689,S/2 BEACH HUT TREASURE CHESTS,-1,2009-12-11 15:14:00,5.95,17841.0,United Kingdom
C491650,84706B,FAIRY CAKES TABLE CLOCK,-1,2009-12-13 10:32:00,8.95,14685.0,United Kingdom
C491676,85136C,RED SHARK HELICOPTER,-13,2009-12-13 12:09:00,7.95,14685.0,United Kingdom
C491676,21679,SKULLS  STICKERS,-6,2009-12-13 12:09:00,0.85,14685.0,United Kingdom
C491676,21677,HEARTS  STICKERS,-6,2009-12-13 12:09:00,0.85,14685.0,United Kingdom
C491676,21868,POTTING SHED TEA MUG,-12,2009-12-13 12:09:00,1.25,14685.0,United Kingdom
C491689,21232,STRAWBERRY CERAMIC TRINKET BOX,-1,2009-12-13 13:06:00,1.25,14606.0,United Kingdom
C491693,72807B,SET/3 OCEAN SCENT CANDLE JEWEL BOX,-1,2009-12-13 13:22:00,4.25,14514.0,United Kingdom
C491705,84482,BUTTONS DESIGN JEWELLERY BOX,-6,2009-12-13 14:09:00,3.75,17802.0,United Kingdom
C491723,85123A,WHITE HANGING HEART T-LIGHT HOLDER,-32,2009-12-13 16:17:00,2.55,14987.0,United Kingdom
C491727,21231,SWEETHEART CERAMIC TRINKET BOX,-12,2009-12-14 09:10:00,1.25,12439.0,Cyprus
C491727,21166,COOK WITH WINE METAL SIGN,-12,2009-12-14 09:10:00,1.95,12439.0,Cyprus
C491727,18096C,WHITE ROUND PORCELAIN TLIGHT HOLDER,-6,2009-12-14 09:10:00,2.55,12439.0,Cyprus
C491728,22139,RETRO SPOT TEA SET CERAMIC 11 PC,-4,2009-12-14 09:18:00,4.95,12471.0,Germany
C491728,20914,SET/5 RED SPOTTY LID GLASS BOWLS,-1,2009-12-14 09:18:00,2.95,12471.0,Germany
C491728,22301,COFFEE MUG CAT + BIRD DESIGN,-2,2009-12-14 09:18:00,2.55,12471.0,Germany
C491728,21232,STRAWBERRY CERAMIC TRINKET BOX,-1,2009-12-14 09:18:00,1.25,12471.0,Germany
C491728,21527,RED RETROSPOT TRADITIONAL TEAPOT,-1,2009-12-14 09:18:00,7.95,12471.0,Germany
C491728,22198,LARGE POPCORN HOLDER,-2,2009-12-14 09:18:00,1.65,12471.0,Germany
C491728,22200,FRYING PAN PINK POLKADOT,-2,2009-12-14 09:18:00,4.25,12471.0,Germany
491732,79030A,"TUMBLER, ENGLISH ROSE",-350,2009-12-14 10:00:00,0.0,,United Kingdom
C491739,22220,CAKE STAND LOVEBIRD 2 TIER WHITE,-1,2009-12-14 10:51:00,9.95,17886.0,United Kingdom
C491740,21527,RED RETROSPOT TRADITIONAL TEAPOT,-3,2009-12-14 10:57:00,6.95,14113.0,United Kingdom
C491741,21536,DAIRY MAID  SMALL  MILK JUG,-1,2009-12-14 11:00:00,2.1,14113.0,United Kingdom
C491741,21528,DAIRY MAID TRADITIONAL TEAPOT,-1,2009-12-14 11:00:00,6.95,14113.0,United Kingdom
C491761,21735,TWO DOOR CURIO CABINET,-2,2009-12-14 12:37:00,12.75,16163.0,United Kingdom
C491808,22073,RED RETROSPOT STORAGE JAR,-2,2009-12-14 13:18:00,3.75,12471.0,Germany
C491818,21752,GLASS CAKE STAND MIRRORED BASE,-2,2009-12-14 13:43:00,14.95,14372.0,United Kingdom
C491819,22360,GLASS JAR ENGLISH CONFECTIONERY,-2,2009-12-14 13:44:00,2.95,17802.0,United Kingdom
C491820,21548,CERAMIC BIRDHOUSE FINCH BLUE ROOF,-2,2009-12-14 13:49:00,2.95,15015.0,United Kingdom
C491820,21545,CERAMIC BIRDHOUSE BUTTERFLY SMALL,-1,2009-12-14 13:49:00,2.95,15015.0,United Kingdom
C491820,21547,CERAMIC BIRDHOUSE CRESTED TIT SMALL,-2,2009-12-14 13:49:00,2.95,15015.0,United Kingdom
C491820,21549,CERAMIC BIRDHOUSE RED ROOF SMALL,-4,2009-12-14 13:49:00,2.95,15015.0,United Kingdom
C491821,21730,GLASS STAR FROSTED T-LIGHT HOLDER,-1,2009-12-14 13:50:00,4.95,16206.0,United Kingdom
C491822,21743,STAR PORTABLE TABLE LIGHT,-2,2009-12-14 13:51:00,2.95,13510.0,United Kingdom
C491823,22111,SCOTTIE DOG HOT WATER BOTTLE,-1,2009-12-14 13:55:00,4.25,13078.0,United Kingdom
C491823,21463,MIRRORED DISCO BALL,-1,2009-12-14 13:55:00,4.95,13078.0,United Kingdom
C491823,35004B,SET OF 3 BLACK FLYING DUCKS,-4,2009-12-14 13:55:00,1.95,13078.0,United Kingdom
C491824,21348,PINK SPOTS CHOCOLATE NESTING BOXES,-16,2009-12-14 13:57:00,0.65,16365.0,United Kingdom
C491827,20754,RETRO RED SPOTTY WASHING UP GLOVES,-6,2009-12-14 14:12:00,2.1,14911.0,EIRE
C491827,21061,PARTY INVITES FOOTBALL,-12,2009-12-14 14:12:00,0.85,14911.0,EIRE
C491827,79072,TEATIME CAKE TIN WITH HANDLE,-2,2009-12-14 14:12:00,9.95,14911.0,EIRE
C491827,21063,PARTY INVITES JAZZ HEARTS,-4,2009-12-14 14:12:00,0.85,14911.0,EIRE
C491827,22114,HOT WATER BOTTLE TEA AND SYMPATHY,-4,2009-12-14 14:12:00,3.95,14911.0,EIRE
C491830,35004S,SET OF 3 SILVER FLYING DUCKS,-1,2009-12-14 14:29:00,1.95,14062.0,United Kingdom
C491836,22138,BAKING SET 9 PIECE RETROSPOT,-2,2009-12-14 14:37:00,4.95,15684.0,United Kingdom
C491838,22302,COFFEE MUG PEARS  DESIGN,-7,2009-12-14 14:39:00,2.55,14113.0,United Kingdom
C491838,22303,COFFEE MUG APPLES DESIGN,-12,2009-12-14 14:39:00,2.55,14113.0,United Kingdom
C491842,21981,PACK OF 12 WOODLAND TISSUES,-24,2009-12-14 14:49:00,0.29,14286.0,United Kingdom
C491842,21980,PACK OF 12 RED SPOTTY TISSUES,-24,2009-12-14 14:49:00,0.29,14286.0,United Kingdom
C491845,D,Discount,-1,2009-12-14 14:54:00,1.59,,United Kingdom
C491846,84670,JAPANESE CROCHETED ANIMAL,-36,2009-12-14 14:58:00,0.42,,United Kingdom
C491962,D,Discount,-1,2009-12-14 16:38:00,0.59,13206.0,United Kingdom
491972,21100,CHARLIE AND LOLA CHARLOTTE BAG,-76,2009-12-14 18:43:00,0.0,,United Kingdom
C491985,21770,OPEN CLOSED METAL SIGN,-4,2009-12-15 09:46:00,4.95,13097.0,United Kingdom
C491989,POST,POSTAGE,-2,2009-12-15 10:04:00,18.0,13902.0,Denmark
C492010,48138,DOOR MAT UNION FLAG,-2,2009-12-15 11:41:00,6.75,13577.0,United Kingdom
C492013,21955,DOOR MAT UNION JACK GUNS AND ROSES,-2,2009-12-15 11:55:00,6.75,13577.0,United Kingdom
C492013,POST,POSTAGE,-1,2009-12-15 11:55:00,5.0,13577.0,United Kingdom
C492013,22109,FULL ENGLISH BREAKFAST PLATE,-24,2009-12-15 11:55:00,3.39,13577.0,United Kingdom
C492180,21258,VICTORIAN SEWING BOX LARGE,-1,2009-12-15 15:28:00,10.95,15311.0,United Kingdom
C492180,37449,CERAMIC CAKE STAND + HANGING CAKES,-1,2009-12-15 15:28:00,8.5,15311.0,United Kingdom
C492194,21870,I CAN ONLY PLEASE ONE PERSON MUG,-1,2009-12-15 15:57:00,1.25,15768.0,United Kingdom
C492194,35968,FOLK ART METAL HEART T-LIGHT HOLDER,-1,2009-12-15 15:57:00,0.38,15768.0,United Kingdom
C492201,84558A,3D DOG PICTURE PLAYING CARDS,-25,2009-12-15 16:15:00,2.95,14062.0,United Kingdom
C492205,M,Manual,-1,2009-12-15 16:28:00,398.05,,United Kingdom
C492206,BANK CHARGES,Bank Charges,-1,2009-12-15 16:32:00,848.43,,United Kingdom
C492207,M,Manual,-1,2009-12-15 16:34:00,906.26,,United Kingdom
C492211,85174,S/4 CACTI CANDLES,-64,2009-12-15 16:45:00,4.25,15971.0,United Kingdom
C492213,21255,"FRENCH BOTTLE , LAVENDER",-1,2009-12-15 17:04:00,1.65,13089.0,United Kingdom
C492213,84949,SILVER HANGING T-LIGHT HOLDER,-8,2009-12-15 17:04:00,1.65,13089.0,United Kingdom
C492280,84949,SILVER HANGING T-LIGHT HOLDER,-1,2009-12-16 11:42:00,1.65,13495.0,United Kingdom
C492320,85047,WHITE BEADED GARLAND STRING 20LIGHT,-1,2009-12-16 12:17:00,6.35,14894.0,United Kingdom
C492400,85147,JARDIN ETCHED GLASS CANDLEHLDR LONG,-2,2009-12-16 15:38:00,4.95,14540.0,United Kingdom
C492402,84520B,PACK 20 ENGLISH ROSE PAPER NAPKINS,-12,2009-12-16 15:39:00,0.85,12359.0,Cyprus
C492402,22047,EMPIRE GIFT WRAP,-200,2009-12-16 15:39:00,0.34,12359.0,Cyprus
C492422,21475,SWEETHEART CREAM STEEL FOLDIN CHAIR,-1,2009-12-16 17:45:00,14.95,17402.0,United Kingdom
C492447,47502,POLKADOT CUTLERY 24 PCS IN TRAY,-4,2009-12-17 11:23:00,9.95,15903.0,United Kingdom
C492496,35004S,SET OF 3 SILVER FLYING DUCKS,-1,2009-12-17 11:48:00,6.35,13564.0,United Kingdom
C492532,47585A,PINK FAIRY CAKE CUSHION COVER,-1,2009-12-17 12:59:00,3.75,17377.0,United Kingdom
C492532,21622,VINTAGE UNION JACK CUSHION COVER,-1,2009-12-17 12:59:00,4.95,17377.0,United Kingdom
C492532,22111,SCOTTIE DOG HOT WATER BOTTLE,-1,2009-12-17 12:59:00,4.95,17377.0,United Kingdom
C492533,20700,GREEN CAT FLORAL CUSHION COVER,-1,2009-12-17 13:00:00,3.75,17377.0,United Kingdom
C492541,22112,CHOCOLATE HOT WATER BOTTLE,-20,2009-12-17 13:38:00,4.95,16908.0,United Kingdom
C492575,37449,CERAMIC CAKE STAND + HANGING CAKES,-1,2009-12-17 14:26:00,8.5,15311.0,United Kingdom
C492575,21258,VICTORIAN SEWING BOX LARGE,-1,2009-12-17 14:26:00,10.95,15311.0,United Kingdom
C492577,22276,WASH BAG VINTAGE ROSE PAISLEY,-2,2009-12-17 14:33:00,2.55,,United Kingdom
C492590,85014A,BLACK/BLUE DOTS RUFFLED UMBRELLA,-2,2009-12-17 15:39:00,5.95,16987.0,United Kingdom
C492633,85123A,WHITE HANGING HEART T-LIGHT HOLDER,-1,2009-12-17 16:14:00,2.95,12997.0,United Kingdom
C492636,21769,VINTAGE POST OFFICE CABINET,-1,2009-12-17 16:24:00,79.95,15498.0,United Kingdom
C492636,21282,NATURAL BARK CANDLE LARGE,-12,2009-12-17 16:24:00,4.25,15498.0,United Kingdom
C492636,21283,NATURAL BARK CANDLE SMALL,-12,2009-12-17 16:24:00,3.25,15498.0,United Kingdom
C492648,84352,SILVER CHRISTMAS TREE BAUBLE STAND,-1,2009-12-17 17:39:00,16.95,15302.0,United Kingdom
C492649,21527,RED RETROSPOT TRADITIONAL TEAPOT,-1,2009-12-17 17:41:00,7.95,16670.0,United Kingdom
C492649,22073,RED RETROSPOT STORAGE JAR,-1,2009-12-17 17:41:00,3.75,16670.0,United Kingdom
C492651,M,Manual,-1,2009-12-17 17:44:00,803.25,14911.0,EIRE
C492653,22220,CAKE STAND LOVEBIRD 2 TIER WHITE,-1,2009-12-17 17:47:00,9.95,13834.0,United Kingdom
C492653,22170,PICTURE FRAME WOOD TRIPLE PORTRAIT,-2,2009-12-17 17:47:00,6.75,13834.0,United Kingdom
C492653,84608,ORNATE EDWARDIAN CANDLE HOLDER,-2,2009-12-17 17:47:00,7.95,13834.0,United Kingdom
C492653,21752,GLASS CAKE STAND MIRRORED BASE,-1,2009-12-17 17:47:00,14.95,13834.0,United Kingdom
C492653,POST,POSTAGE,-1,2009-12-17 17:47:00,22.0,13834.0,United Kingdom
C492654,21826,EIGHT PIECE DINOSAUR SET,-1,2009-12-17 17:48:00,1.25,16717.0,United Kingdom
C492654,21892,TRADITIONAL WOODEN CATCH CUP GAME,-7,2009-12-17 17:48:00,1.25,16717.0,United Kingdom
C492654,85123A,WHITE HANGING HEART T-LIGHT HOLDER,-3,2009-12-17 17:48:00,2.95,16717.0,United Kingdom
C492655,22191,EAU DE NIL DINER WALL CLOCK,-1,2009-12-17 17:50:00,7.65,15782.0,United Kingdom
C492656,35400,WOODEN BOX ADVENT CALENDAR,-2,2009-12-17 17:51:00,8.95,17476.0,United Kingdom
C492657,85123A,WHITE HANGING HEART T-LIGHT HOLDER,-1,2009-12-17 17:52:00,2.55,14290.0,United Kingdom
C492657,79323P,PINK CHERRY LIGHTS,-1,2009-12-17 17:52:00,5.45,14290.0,United Kingdom
C492657,79323W,WHITE CHERRY LIGHTS,-1,2009-12-17 17:52:00,5.45,14290.0,United Kingdom
C492657,79323LP,LIGHT PINK CHERRY LIGHTS,-2,2009-12-17 17:52:00,5.45,14290.0,United Kingdom
C492658,22191,EAU DE NIL DINER WALL CLOCK,-1,2009-12-17 17:53:00,8.5,15805.0,United Kingdom
C492660,22138,BAKING SET 9 PIECE RETROSPOT,-3,2009-12-17 17:56:00,4.95,14112.0,United Kingdom
C492660,21239,PINK  SPOTTY CUP,-1,2009-12-17 17:56:00,0.85,14112.0,United Kingdom
C492660,85099B,JUMBO BAG RED RETROSPOT,-1,2009-12-17 17:56:00,1.95,14112.0,United Kingdom
C492661,22195,LARGE HEART MEASURING SPOONS,-1,2009-12-17 17:57:00,1.65,14831.0,United Kingdom
C492661,21843,RED RETROSPOT CAKE STAND,-1,2009-12-17 17:57:00,10.95,14831.0,United Kingdom
C492661,21527,RED RETROSPOT TRADITIONAL TEAPOT,-1,2009-12-17 17:57:00,7.95,14831.0,United Kingdom
C492662,21738,COSY SLIPPER SHOES SMALL  RED,-5,2009-12-17 17:58:00,2.95,13611.0,United Kingdom
C492662,22350,CAT BOWL,-1,2009-12-17 17:58:00,2.55,13611.0,United Kingdom
C492663,85042,ANTIQUE LILY FAIRY LIGHTS,-1,2009-12-17 18:00:00,4.95,16202.0,United Kingdom
C492664,20682,RED SPOTTY CHILDS UMBRELLA,-1,2009-12-17 18:01:00,3.25,12709.0,Germany
C492665,85048,15CM CHRISTMAS GLASS BALL 20 LIGHTS,-1,2009-12-17 18:02:00,6.95,15602.0,United Kingdom
C492665,71477,COLOUR GLASS. STAR T-LIGHT HOLDER,-4,2009-12-17 18:02:00,2.75,15602.0,United Kingdom
C492666,21548,CERAMIC BIRDHOUSE FINCH BLUE ROOF,-6,2009-12-17 18:04:00,2.95,13089.0,United Kingdom
C492667,84032B,CHARLIE + LOLA RED HOT WATER BOTTLE,-1,2009-12-17 18:06:00,2.95,16168.0,United Kingdom
C492667,85132B,CHARLIE AND LOLA TABLE TINS,-2,2009-12-17 18:06:00,9.95,16168.0,United Kingdom
C492667,84997C,BLUE 3 PIECE MINI DOTS CUTLERY SET,-2,2009-12-17 18:06:00,3.75,16168.0,United Kingdom
C492667,22193,RED DINER WALL CLOCK,-1,2009-12-17 18:06:00,8.5,16168.0,United Kingdom
C492667,22192,BLUE DINER WALL CLOCK,-1,2009-12-17 18:06:00,8.5,16168.0,United Kingdom
C492668,85047,WHITE BEADED GARLAND STRING 20LIGHT,-4,2009-12-17 18:08:00,6.35,15680.0,United Kingdom
C492669,71477,COLOUR GLASS. STAR T-LIGHT HOLDER,-1,2009-12-17 18:09:00,2.75,17675.0,United Kingdom
C492669,85042,ANTIQUE LILY FAIRY LIGHTS,-11,2009-12-17 18:09:00,4.25,17675.0,United Kingdom
C492670,22231,JIGSAW TREE WITH BIRDHOUSE,-1,2009-12-17 18:10:00,1.45,16351.0,United Kingdom
C492670,22228,BUNNY WOODEN PAINTED WITH BIRD,-1,2009-12-17 18:10:00,0.85,16351.0,United Kingdom
C492670,22229,BUNNY WOODEN PAINTED WITH FLOWER,-2,2009-12-17 18:10:00,0.85,16351.0,United Kingdom
C492671,21628,TRIANGULAR POUFFE VINTAGE,-1,2009-12-17 18:12:00,14.95,13643.0,United Kingdom
C492673,21929,JUMBO BAG PINK VINTAGE PAISLEY,-1,2009-12-17 18:13:00,1.95,13141.0,United Kingdom
C492673,22139,RETRO SPOT TEA SET CERAMIC 11 PC,-1,2009-12-17 18:13:00,4.95,13141.0,United Kingdom
C492672,85044,RED REINDEER STRING OF 20 LIGHTS,-1,2009-12-17 18:13:00,4.95,13643.0,United Kingdom
C492674,90214G,"LETTER ""G"" BLING KEY RING",-1,2009-12-17 18:15:00,1.25,14606.0,United Kingdom
C492674,84997B,RED 3 PIECE MINI DOTS CUTLERY SET,-1,2009-12-17 18:15:00,3.75,14606.0,United Kingdom
C492674,85063,CREAM SWEETHEART MAGAZINE RACK,-2,2009-12-17 18:15:00,16.95,14606.0,United Kingdom
C492675,85048,15CM CHRISTMAS GLASS BALL 20 LIGHTS,-1,2009-12-17 18:15:00,7.95,14307.0,United Kingdom
C492676,22215,CAKE STAND WHITE TWO TIER LACE,-1,2009-12-17 18:16:00,8.5,13037.0,United Kingdom
C492676,21540,DAIRY MAID CERAMIC BUTTER DISH,-3,2009-12-17 18:16:00,4.25,13037.0,United Kingdom
C492677,85103,SILVER T-LIGHT SETTING,-2,2009-12-17 18:18:00,6.75,14861.0,United Kingdom
C492678,21231,SWEETHEART CERAMIC TRINKET BOX,-1,2009-12-17 18:19:00,1.06,18223.0,United Kingdom
C492678,21232,STRAWBERRY CERAMIC TRINKET BOX,-10,2009-12-17 18:19:00,1.06,18223.0,United Kingdom
C492678,22197,SMALL POPCORN HOLDER,-1,2009-12-17 18:19:00,0.85,18223.0,United Kingdom
C492678,22198,LARGE POPCORN HOLDER,-1,2009-12-17 18:19:00,1.65,18223.0,United Kingdom
C492678,21931,JUMBO STORAGE BAG SUKI,-1,2009-12-17 18:19:00,1.95,18223.0,United Kingdom
C492679,20892,SET/3 TALL GLASS CANDLE HOLDER PINK,-2,2009-12-17 18:20:00,12.75,13394.0,United Kingdom
C492681,22109,FULL ENGLISH BREAKFAST PLATE,-7,2009-12-17 18:23:00,3.39,13078.0,United Kingdom
C492682,21870,I CAN ONLY PLEASE ONE PERSON MUG,-4,2009-12-17 18:24:00,1.25,17469.0,United Kingdom
C492682,35840,FLAT GLASS  BAUBLE WHITE FLOCK,-1,2009-12-17 18:24:00,0.85,17469.0,United Kingdom
C492683,85014B,RED/WHITE DOTS RUFFLED UMBRELLA,-2,2009-12-17 18:25:00,4.95,15805.0,United Kingdom
C492683,79323GR,GREEN CHERRY LIGHTS,-4,2009-12-17 18:25:00,5.45,15805.0,United Kingdom
C492683,79323G,GOLD  CHERRY LIGHTS,-3,2009-12-17 18:25:00,5.45,15805.0,United Kingdom
C492685,22183,CAKE STAND VICTORIAN FILIGREE MED,-1,2009-12-17 18:39:00,6.75,17776.0,United Kingdom
C492689,85063,CREAM SWEETHEART MAGAZINE RACK,-1,2009-12-17 18:44:00,16.95,12957.0,United Kingdom
C492690,85174,S/4 CACTI CANDLES,-2,2009-12-17 18:45:00,4.95,13173.0,United Kingdom
C492692,22278,OVERNIGHT BAG VINTAGE ROSE PAISLEY,-3,2009-12-17 18:46:00,4.95,15321.0,United Kingdom
C492691,21529,RETRO SPOT CERAMIC TOASTRACK,-2,2009-12-17 18:46:00,3.45,17095.0,United Kingdom
C492693,D,Discount,-1,2009-12-17 18:47:00,6.85,13408.0,United Kingdom
C492698,21527,RED RETROSPOT TRADITIONAL TEAPOT,-1,2009-12-17 19:04:00,7.95,14341.0,United Kingdom
C492699,85047,WHITE BEADED GARLAND STRING 20LIGHT,-1,2009-12-17 19:06:00,6.35,16148.0,United Kingdom
C492700,79321,CHILLI LIGHTS,-1,2009-12-17 19:07:00,4.95,16148.0,United Kingdom
C492700,85042,ANTIQUE LILY FAIRY LIGHTS,-1,2009-12-17 19:07:00,4.95,16148.0,United Kingdom
C492701,85042,ANTIQUE LILY FAIRY LIGHTS,-4,2009-12-17 19:11:00,4.25,16029.0,United Kingdom
C492702,22139,RETRO SPOT TEA SET CERAMIC 11 PC,-1,2009-12-17 19:15:00,4.95,14122.0,United Kingdom
C492704,21232,STRAWBERRY CERAMIC TRINKET BOX,-1,2009-12-17 19:35:00,1.25,17165.0,United Kingdom
C492704,22059,CERAMIC STRWBERRY DESIGN MUG,-1,2009-12-17 19:35:00,1.49,17165.0,United Kingdom
C492709,22353,LUNCH BOX WITH CUTLERY FAIRY CAKES,-2,2009-12-18 09:40:00,2.55,12471.0,Germany
C492709,21843,RED RETROSPOT CAKE STAND,-1,2009-12-18 09:40:00,10.95,12471.0,Germany
C492709,22138,BAKING SET 9 PIECE RETROSPOT,-1,2009-12-18 09:40:00,4.95,12471.0,Germany
C492709,21232,STRAWBERRY CERAMIC TRINKET BOX,-3,2009-12-18 09:40:00,1.25,12471.0,Germany
C492709,21525,BEWARE OF THE CAT DOORMAT,-2,2009-12-18 09:40:00,6.75,12471.0,Germany
C492709,22198,LARGE POPCORN HOLDER,-1,2009-12-18 09:40:00,1.65,12471.0,Germany
C492712,21527,RED RETROSPOT TRADITIONAL TEAPOT,-2,2009-12-18 10:10:00,7.95,12471.0,Germany
C492715,21232,STRAWBERRY CERAMIC TRINKET BOX,-6,2009-12-18 10:25:00,1.25,13468.0,United Kingdom
492719,48173C,DOOR MAT BLACK FLOCK,-9,2009-12-18 10:49:00,0.0,,United Kingdom
C492721,21315,LARGE GLASS HEART TRINKET POT,-4,2009-12-18 10:54:00,4.25,15858.0,United Kingdom
C492739,20717,STRAWBERRY SHOPPER BAG,-100,2009-12-18 12:24:00,1.06,14607.0,United Kingdom
C492756,22278,OVERNIGHT BAG VINTAGE ROSE PAISLEY,-1,2009-12-18 14:00:00,12.95,,United Kingdom
C492758,35004G,SET OF 3 GOLD FLYING DUCKS,-1,2009-12-18 14:08:00,1.95,14031.0,United Kingdom
C492758,85162A,SILVER RETRODISC LAMPSHADE,-1,2009-12-18 14:08:00,1.95,14031.0,United Kingdom
C492759,35004G,SET OF 3 GOLD FLYING DUCKS,-1,2009-12-18 14:22:00,5.4,14031.0,United Kingdom
C492759,85162A,SILVER RETRODISC LAMPSHADE,-1,2009-12-18 14:22:00,8.46,14031.0,United Kingdom
492788,72739B,WHITE CHOCOLATE SCENT CANDLE,-70,2009-12-18 17:45:00,0.0,,United Kingdom
492787,85112,S/3 TEAR DROP CUT GLASS DECORATION,-38,2009-12-18 17:45:00,0.0,,United Kingdom
492790,37503,TEA TIME CAKE STAND IN GIFT BOX,-19,2009-12-18 17:46:00,0.0,,United Kingdom
492789,72739C,DARK CHOCOLATE SCENTCANDLE,-64,2009-12-18 17:46:00,0.0,,United Kingdom
C492802,22187,GREEN CHRISTMAS TREE CARD HOLDER,-1,2009-12-20 12:05:00,4.25,17231.0,United Kingdom
C492821,21706,"FOLDING UMBRELLA , RED/WHITE SPOT",-12,2009-12-20 14:44:00,4.95,14404.0,United Kingdom
C492826,84946,ANTIQUE SILVER TEA GLASS ETCHED,-1,2009-12-20 15:01:00,1.25,14869.0,United Kingdom
C492827,21232,STRAWBERRY CERAMIC TRINKET BOX,-1,2009-12-20 15:07:00,1.25,15329.0,United Kingdom
C492827,37441,ASSORTED WHITE EMBOSSED CHINA MUGS,-1,2009-12-20 15:07:00,2.1,15329.0,United Kingdom
C492828,21554,CERAMIC BIRDHOUSE RED ROOF LARGE,-2,2009-12-20 15:09:00,5.95,14911.0,EIRE
C492829,85042,ANTIQUE LILY FAIRY LIGHTS,-2,2009-12-20 15:14:00,4.95,17677.0,United Kingdom
C492829,75049L,LARGE CIRCULAR MIRROR MOBILE,-17,2009-12-20 15:14:00,0.85,17677.0,United Kingdom
C492829,21843,RED RETROSPOT CAKE STAND,-1,2009-12-20 15:14:00,10.95,17677.0,United Kingdom
C492833,20931,BLUE POT PLANT CANDLE,-1,2009-12-21 09:38:00,1.25,17696.0,United Kingdom
C492887,84050,PINK HEART SHAPE EGG FRYING PAN,-13,2009-12-21 12:01:00,1.65,17908.0,United Kingdom
C492887,21827,EIGHT PIECE CREEPY CRAWLIE SET,-13,2009-12-21 12:01:00,1.25,17908.0,United Kingdom
C492899,M,Manual,-1,2009-12-21 12:05:00,547.3,12748.0,United Kingdom
C492911,79321,CHILLI LIGHTS,-23,2009-12-21 12:10:00,4.25,14505.0,United Kingdom
C492926,21779,MA CAMPAGNE MINI WOODEN CHEST,-1,2009-12-21 12:16:00,8.5,13641.0,United Kingdom
C492926,21275,ZINC TOP  2 DOOR WOODEN SHELF,-1,2009-12-21 12:16:00,16.95,13641.0,United Kingdom
C492926,21276,TWO EMBOSSED HEART MINI DRAWERS,-7,2009-12-21 12:16:00,6.95,13641.0,United Kingdom
C492932,48194,DOORMAT HEARTS,-3,2009-12-21 12:17:00,6.75,16772.0,United Kingdom
C492932,20685,DOOR MAT RED SPOT,-8,2009-12-21 12:17:00,6.75,16772.0,United Kingdom
C492932,48185,DOOR MAT FAIRY CAKE,-2,2009-12-21 12:17:00,6.75,16772.0,United Kingdom
C492932,47580,TEA TIME DES TEA COSY,-6,2009-12-21 12:17:00,2.55,16772.0,United Kingdom
C492932,79072,TEATIME CAKE TIN WITH HANDLE,-6,2009-12-21 12:17:00,9.95,16772.0,United Kingdom
C492932,37503,TEA TIME CAKE STAND IN GIFT BOX,-36,2009-12-21 12:17:00,9.95,16772.0,United Kingdom
C492932,48188,DOOR MAT WELCOME PUPPIES,-2,2009-12-21 12:17:00,6.75,16772.0,United Kingdom
C492932,48111,DOOR MAT 3 SMILEY CATS,-4,2009-12-21 12:17:00,6.75,16772.0,United Kingdom
C492932,21843,RED RETROSPOT CAKE STAND,-12,2009-12-21 12:17:00,10.95,16772.0,United Kingdom
C492932,37449,CERAMIC CAKE STAND + HANGING CAKES,-24,2009-12-21 12:17:00,8.5,16772.0,United Kingdom
C492939,21276,TWO EMBOSSED HEART MINI DRAWERS,-7,2009-12-21 12:19:00,1.95,13641.0,United Kingdom
C492939,21275,ZINC TOP  2 DOOR WOODEN SHELF,-1,2009-12-21 12:19:00,3.95,13641.0,United Kingdom
C492939,21779,MA CAMPAGNE MINI WOODEN CHEST,-1,2009-12-21 12:19:00,2.95,13641.0,United Kingdom
C492946,21870,I CAN ONLY PLEASE ONE PERSON MUG,-1,2009-12-21 13:34:00,1.25,14606.0,United Kingdom
C492946,22154,ANGEL DECORATION 3 BUTTONS,-1,2009-12-21 13:34:00,0.42,14606.0,United Kingdom
C493065,79000,MOROCCAN TEA GLASS,-144,2009-12-21 16:49:00,0.65,14293.0,United Kingdom
C493068,84816,DANISH ROSE BEDSIDE CABINET,-1,2009-12-21 17:24:00,21.0,,United Kingdom
C493072,21527,RED RETROSPOT TRADITIONAL TEAPOT,-1,2009-12-22 09:38:00,7.95,13781.0,United Kingdom
C493078,35979,SIX STRING SCANDINAVIAN HEART DECS,-6,2009-12-22 09:51:00,2.95,17411.0,United Kingdom
C493078,22163,HEART STRING MEMO HOLDER HANGING,-6,2009-12-22 09:51:00,2.95,17411.0,United Kingdom
C493080,37449,CERAMIC CAKE STAND + HANGING CAKES,-1,2009-12-22 09:52:00,8.5,14290.0,United Kingdom
C493081,22300,COFFEE MUG DOG + BALL DESIGN,-4,2009-12-22 09:59:00,2.55,13008.0,United Kingdom
C493082,22072,RED RETROSPOT TEA CUP AND SAUCER,-1,2009-12-22 10:03:00,3.75,15115.0,United Kingdom
C493083,20941,FROG CANDLE,-20,2009-12-22 10:04:00,0.38,15078.0,United Kingdom
C493084,21913,VINTAGE SEASIDE JIGSAW PUZZLES,-1,2009-12-22 10:17:00,3.75,,United Kingdom
C493084,84347,ROTATING SILVER ANGELS T-LIGHT HLDR,-2,2009-12-22 10:17:00,2.55,,United Kingdom
C493084,22130,PARTY CONE CHRISTMAS DECORATION,-6,2009-12-22 10:17:00,0.85,,United Kingdom
C493085,21242,RED SPOTTY PLATE,-6,2009-12-22 10:24:00,1.69,15810.0,United Kingdom
C493085,20676,RED SPOTTY BOWL,-6,2009-12-22 10:24:00,1.25,15810.0,United Kingdom
C493085,21238,RED SPOTTY CUP,-6,2009-12-22 10:24:00,0.85,15810.0,United Kingdom
C493086,85047,WHITE BEADED GARLAND STRING 20LIGHT,-1,2009-12-22 10:40:00,6.35,17632.0,United Kingdom
C493087,84279P,CHERRY BLOSSOM  DECORATIVE FLASK,-1,2009-12-22 10:43:00,3.75,13026.0,United Kingdom
C493088,85047,WHITE BEADED GARLAND STRING 20LIGHT,-1,2009-12-22 10:46:00,5.55,13050.0,United Kingdom
C493088,85123A,WHITE HANGING HEART T-LIGHT HOLDER,-2,2009-12-22 10:46:00,2.55,13050.0,United Kingdom
C493089,85047,WHITE BEADED GARLAND STRING 20LIGHT,-2,2009-12-22 10:48:00,5.55,13635.0,United Kingdom
C493090,22109,FULL ENGLISH BREAKFAST PLATE,-1,2009-12-22 10:52:00,3.75,13958.0,United Kingdom
C493090,37449,CERAMIC CAKE STAND + HANGING CAKES,-2,2009-12-22 10:52:00,9.95,13958.0,United Kingdom
C493090,22139,RETRO SPOT TEA SET CERAMIC 11 PC,-1,2009-12-22 10:52:00,4.95,13958.0,United Kingdom
C493090,22065,CHRISTMAS PUDDING TRINKET POT,-5,2009-12-22 10:52:00,1.45,13958.0,United Kingdom
C493090,85048,15CM CHRISTMAS GLASS BALL 20 LIGHTS,-2,2009-12-22 10:52:00,7.95,13958.0,United Kingdom
C493091,85222,ASSORTED COLOUR SILK COSMETIC PURSE,-1,2009-12-22 10:54:00,0.65,16191.0,United Kingdom
C493092,84032B,CHARLIE + LOLA RED HOT WATER BOTTLE,-2,2009-12-22 10:55:00,2.95,16830.0,United Kingdom
C493092,22189,CREAM HEART CARD HOLDER,-1,2009-12-22 10:55:00,3.95,16830.0,United Kingdom
C493092,85090,CANDY SPOT APRON,-3,2009-12-22 10:55:00,4.65,16830.0,United Kingdom
C493168,21904,HOUSE WRECKING METAL SIGN,-96,2009-12-22 11:50:00,1.85,14258.0,United Kingdom
C493182,21479,WHITE SKULL HOT WATER BOTTLE,-1,2009-12-22 12:02:00,3.75,18092.0,United Kingdom
C493190,21821,GLITTER STAR GARLAND WITH BELLS,-1,2009-12-22 13:08:00,3.75,15581.0,United Kingdom
C493190,21825,PAINTED METAL TREE WITH HOLLY BELLS,-3,2009-12-22 13:08:00,1.45,15581.0,United Kingdom
C493190,22162,HEART GARLAND RUSTIC PADDED,-1,2009-12-22 13:08:00,2.95,15581.0,United Kingdom
C493190,22339,CHRISTMAS TREE PAINTED ZINC,-1,2009-12-22 13:08:00,0.65,15581.0,United Kingdom
C493190,21807,WHITE CHRISTMAS STAR DECORATION,-1,2009-12-22 13:08:00,0.42,15581.0,United Kingdom
C493190,22335,HEART DECORATION PAINTED ZINC,-1,2009-12-22 13:08:00,0.65,15581.0,United Kingdom
C493190,22154,ANGEL DECORATION 3 BUTTONS,-1,2009-12-22 13:08:00,0.42,15581.0,United Kingdom
C493190,22339,CHRISTMAS TREE PAINTED ZINC,-2,2009-12-22 13:08:00,0.65,15581.0,United Kingdom
C493190,22222,CAKE PLATE LOVEBIRD WHITE,-1,2009-12-22 13:08:00,4.95,15581.0,United Kingdom
C493190,85131A,BEADED PEARL HEART WHITE ON STICK,-1,2009-12-22 13:08:00,1.25,15581.0,United Kingdom
C493190,22339,CHRISTMAS TREE PAINTED ZINC,-1,2009-12-22 13:08:00,0.65,15581.0,United Kingdom
C493190,20943,SET/6 GINGERBREAD STAR T-LIGHTS,-1,2009-12-22 13:08:00,1.25,15581.0,United Kingdom
C493190,17001,HEAVENS SCENT FRAGRANCE OILS ASSTD,-3,2009-12-22 13:08:00,0.29,15581.0,United Kingdom
C493190,21808,"CHRISTMAS GARLAND STARS,TREES",-1,2009-12-22 13:08:00,3.75,15581.0,United Kingdom
C493190,21064,BOOM BOX SPEAKER BOYS,-1,2009-12-22 13:08:00,5.95,15581.0,United Kingdom
C493190,20780,BLACK EAR MUFF HEADPHONES,-1,2009-12-22 13:08:00,5.49,15581.0,United Kingdom
C493190,35923,CANDY HEART HANGING DECORATION,-1,2009-12-22 13:08:00,1.25,15581.0,United Kingdom
C493190,17109C,FLOWER FAIRY INCENSE ROSE,-1,2009-12-22 13:08:00,1.69,15581.0,United Kingdom
C493190,22313,OFFICE MUG WARMER PINK,-2,2009-12-22 13:08:00,4.95,15581.0,United Kingdom
C493190,72351A,SET/6 TURQUOISE BUTTERFLY T-LIGHTS,-1,2009-12-22 13:08:00,2.1,15581.0,United Kingdom
C493190,72351B,SET/6 PINK  BUTTERFLY T-LIGHTS,-1,2009-12-22 13:08:00,2.1,15581.0,United Kingdom
C493190,20942,SET/6 GINGERBREAD TREE T-LIGHTS,-1,2009-12-22 13:08:00,1.25,15581.0,United Kingdom
C493190,85049E,SCANDINAVIAN REDS RIBBONS,-1,2009-12-22 13:08:00,1.25,15581.0,United Kingdom
C493190,85047,WHITE BEADED GARLAND STRING 20LIGHT,-1,2009-12-22 13:08:00,6.35,15581.0,United Kingdom
C493190,20885,BOX OF 3 PEBBLE CANDLES,-1,2009-12-22 13:08:00,2.95,15581.0,United Kingdom
C493190,85033S,SET/6 SILVER REINDEER T-LIGHTS,-1,2009-12-22 13:08:00,0.65,15581.0,United Kingdom
C493191,17109D,FLOWER FAIRY INCENSE BOUQUET,-1,2009-12-22 13:13:00,1.69,15581.0,United Kingdom
C493191,20871,OPULENT VELVET SET/3 CANDLES,-1,2009-12-22 13:13:00,2.1,15581.0,United Kingdom
C493191,85049A,TRADITIONAL CHRISTMAS RIBBONS,-1,2009-12-22 13:13:00,1.25,15581.0,United Kingdom
C493191,21076,SET/20 COLLAGE PAPER NAPKIN,-1,2009-12-22 13:13:00,0.85,15581.0,United Kingdom
C493191,72800D,S/4 BLUE DINNER CANDLE SILVER FLOCK,-1,2009-12-22 13:13:00,2.55,15581.0,United Kingdom
C493191,84673A,PINK FLY SWAT,-1,2009-12-22 13:13:00,0.65,15581.0,United Kingdom
C493191,84673B,BLUE FLY SWAT,-1,2009-12-22 13:13:00,0.65,15581.0,United Kingdom
C493191,20840,FRENCH FLORAL CUSHION COVER,-3,2009-12-22 13:13:00,2.95,15581.0,United Kingdom
C493191,72800D,S/4 BLUE DINNER CANDLE SILVER FLOCK,-1,2009-12-22 13:13:00,2.55,15581.0,United Kingdom
C493191,17001,HEAVENS SCENT FRAGRANCE OILS ASSTD,-3,2009-12-22 13:13:00,0.29,15581.0,United Kingdom
C493191,21034,REX CASH+CARRY JUMBO SHOPPER,-1,2009-12-22 13:13:00,0.95,15581.0,United Kingdom
C493259,85047,WHITE BEADED GARLAND STRING 20LIGHT,-1,2009-12-22 14:25:00,6.35,17632.0,United Kingdom
C493262,21527,RED RETROSPOT TRADITIONAL TEAPOT,-3,2009-12-22 14:52:00,7.95,17865.0,United Kingdom
C493262,21843,RED RETROSPOT CAKE STAND,-1,2009-12-22 14:52:00,10.95,17865.0,United Kingdom
C493262,37449,CERAMIC CAKE STAND + HANGING CAKES,-1,2009-12-22 14:52:00,9.95,17865.0,United Kingdom
C493329,21731,RED TOADSTOOL LED NIGHT LIGHT,-4,2009-12-23 09:54:00,1.65,12472.0,Germany
C493329,84978,HANGING HEART JAR T-LIGHT HOLDER,-2,2009-12-23 09:54:00,1.25,12472.0,Germany
C493329,22245,"HOOK, 1 HANGER ,MAGIC GARDEN",-14,2009-12-23 09:54:00,0.85,12472.0,Germany
C493329,22243,"HOOK, 5 HANGER ,MAGIC TOADSTOOL RED",-14,2009-12-23 09:54:00,1.65,12472.0,Germany
C493329,22333,RETRO SPORT PARTY BAG + STICKER SET,-1,2009-12-23 09:54:00,1.65,12472.0,Germany
C493332,20952,PORCELAIN CHERUB BELL SMALL,-12,2009-12-23 10:00:00,1.25,13883.0,United Kingdom
C493362,85099C,JUMBO  BAG BAROQUE BLACK WHITE,-2,2009-12-23 10:17:00,1.65,14477.0,United Kingdom
C493373,D,Discount,-1,2009-12-23 11:22:00,64.37,15044.0,United Kingdom
C493411,21539,RED RETROSPOT BUTTER DISH,-1,2010-01-04 09:43:00,4.25,14590.0,United Kingdom
C493415,21527,RED RETROSPOT TRADITIONAL TEAPOT,-3,2010-01-04 10:33:00,7.95,14590.0,United Kingdom
C493426,22109,FULL ENGLISH BREAKFAST PLATE,-1,2010-01-04 10:41:00,3.39,16550.0,United Kingdom
C493430,21556,CERAMIC STRAWBERRY MONEY BOX,-1,2010-01-04 11:43:00,2.55,14680.0,United Kingdom
C493430,21232,STRAWBERRY CERAMIC TRINKET BOX,-2,2010-01-04 11:43:00,1.25,14680.0,United Kingdom
C493430,21527,RED RETROSPOT TRADITIONAL TEAPOT,-1,2010-01-04 11:43:00,7.95,14680.0,United Kingdom
C493430,85123A,WHITE HANGING HEART T-LIGHT HOLDER,-1,2010-01-04 11:43:00,2.95,14680.0,United Kingdom
C493431,21533,RETRO SPOT LARGE MILK JUG,-1,2010-01-04 11:46:00,4.95,17372.0,United Kingdom
C493431,22066,LOVE HEART TRINKET POT,-4,2010-01-04 11:46:00,1.45,17372.0,United Kingdom
C493431,21432,SET OF 3 CASES WOODLAND DESIGN,-1,2010-01-04 11:46:00,5.95,17372.0,United Kingdom
C493440,21658,GLASS  BEURRE DISH,-1,2010-01-04 13:30:00,3.39,12709.0,Germany
C493440,20914,SET/5 RED SPOTTY LID GLASS BOWLS,-1,2010-01-04 13:30:00,2.95,12709.0,Germany
C493440,21843,RED RETROSPOT CAKE STAND,-1,2010-01-04 13:30:00,9.95,12709.0,Germany
C493441,84782A,PINK 3 TIER GLASS PLATE STAND,-1,2010-01-04 13:35:00,12.75,14156.0,EIRE
C493441,21874,GIN AND TONIC MUG,-1,2010-01-04 13:35:00,1.25,14156.0,EIRE
C493445,84659A,WHITE TRAVEL ALARM CLOCK,-1,2010-01-04 14:00:00,2.55,16296.0,United Kingdom
C493445,21343,GOLD JEWELERY BOX,-2,2010-01-04 14:00:00,16.95,16296.0,United Kingdom
C493445,21314,SMALL GLASS HEART TRINKET POT,-1,2010-01-04 14:00:00,2.1,16296.0,United Kingdom
C493445,85123A,WHITE HANGING HEART T-LIGHT HOLDER,-2,2010-01-04 14:00:00,2.95,16296.0,United Kingdom
C493445,21275,ZINC TOP  2 DOOR WOODEN SHELF,-1,2010-01-04 14:00:00,2.95,16296.0,United Kingdom
C493488,72008,FROSTED BOX 9 WHITE T-LIGHT CANDLES,-24,2010-01-04 14:50:00,0.42,,United Kingdom
C493535,84750B,BLACK SMALL GLASS CAKE STAND,-1,2010-01-04 15:25:00,1.95,17841.0,United Kingdom
C493535,79191B,RETRO PLASTIC POLKA TRAY,-1,2010-01-04 15:25:00,0.85,17841.0,United Kingdom
C493535,21217,RED SPOTTY ROUND CAKE TINS,-1,2010-01-04 15:25:00,9.95,17841.0,United Kingdom
C493535,84765,SILVER ROCOCO CANDELABRA,-2,2010-01-04 15:25:00,12.75,17841.0,United Kingdom
C493535,47503K,ASSORTED FLORAL SECATEURS,-1,2010-01-04 15:25:00,1.95,17841.0,United Kingdom
C493535,20783,HEART EAR MUFF HEADPHONES,-1,2010-01-04 15:25:00,5.49,17841.0,United Kingdom
C493535,35471A,SET OF 3 BIRD L.BLUE FEATHER,-1,2010-01-04 15:25:00,1.25,17841.0,United Kingdom
C493535,79160,HEART SHAPE WIRELESS DOORBELL,-1,2010-01-04 15:25:00,2.1,17841.0,United Kingdom
C493535,85048,15CM CHRISTMAS GLASS BALL 20 LIGHTS,-1,2010-01-04 15:25:00,7.95,17841.0,United Kingdom
C493538,POST,POSTAGE,-1,2010-01-04 15:35:00,50.0,17949.0,United Kingdom
C493539,35004B,SET OF 3 BLACK FLYING DUCKS,-3,2010-01-04 15:35:00,1.95,13078.0,United Kingdom
C493541,35400,WOODEN BOX ADVENT CALENDAR,-2,2010-01-04 16:00:00,7.95,13768.0,United Kingdom
493572,20714,POSY SHOPPER BAG,-450,2010-01-05 10:13:00,0.0,,United Kingdom
C493576,22203,MILK PAN RED RETROSPOT,-1,2010-01-05 11:13:00,3.75,,United Kingdom
C493576,37348,SET OF 4 PASTEL STACKING MUGS,-1,2010-01-05 11:13:00,2.55,,United Kingdom
C493576,20989,URBAN CHIC CHOPSTICKS SET/5,-2,2010-01-05 11:13:00,1.95,,United Kingdom
C493576,22199,FRYING PAN RED POLKADOT,-1,2010-01-05 11:13:00,4.25,,United Kingdom
C493647,21232,STRAWBERRY CERAMIC TRINKET BOX,-1,2010-01-05 11:48:00,1.25,17861.0,United Kingdom
C493673,85219,S/4 HEART CRYSTAL FRIDGE MAGNETS,-3,2010-01-05 12:26:00,1.65,16779.0,United Kingdom
C493673,85123A,WHITE HANGING HEART T-LIGHT HOLDER,-1,2010-01-05 12:26:00,2.55,16779.0,United Kingdom
C493673,82582,AREA PATROLLED METAL SIGN,-1,2010-01-05 12:26:00,2.1,16779.0,United Kingdom
C493673,84854,GIRLY PINK TOOL SET,-1,2010-01-05 12:26:00,4.25,16779.0,United Kingdom
C493673,90214K,"LETTER ""K"" BLING KEY RING",-1,2010-01-05 12:26:00,1.25,16779.0,United Kingdom
C493673,85150,LADIES & GENTLEMEN METAL SIGN,-1,2010-01-05 12:26:00,2.55,16779.0,United Kingdom
C493673,47569,ENGLISH ROSE DESIGN SHOPPING BAG,-1,2010-01-05 12:26:00,2.55,16779.0,United Kingdom
C493673,37451,CERAMIC CAKE TEAPOT WITH CHERRY,-1,2010-01-05 12:26:00,4.25,16779.0,United Kingdom
C493673,21232,STRAWBERRY CERAMIC TRINKET BOX,-2,2010-01-05 12:26:00,1.25,16779.0,United Kingdom
C493673,21042,RED SPOTTY APRON,-1,2010-01-05 12:26:00,5.95,16779.0,United Kingdom
C493673,71477,COLOUR GLASS. STAR T-LIGHT HOLDER,-1,2010-01-05 12:26:00,2.75,16779.0,United Kingdom
C493673,20712,JUMBO BAG WOODLAND ANIMALS,-1,2010-01-05 12:26:00,1.95,16779.0,United Kingdom
C493673,79321,CHILLI LIGHTS,-2,2010-01-05 12:26:00,4.25,16779.0,United Kingdom
C493673,20726,LUNCH BAG WOODLAND,-1,2010-01-05 12:26:00,1.65,16779.0,United Kingdom
C493689,85063,CREAM SWEETHEART MAGAZINE RACK,-1,2010-01-05 12:45:00,16.95,14606.0,United Kingdom
C493689,79000,MOROCCAN TEA GLASS,-18,2010-01-05 12:45:00,0.85,14606.0,United Kingdom
C493689,84971L,LARGE HEART FLOWERS HOOK,-1,2010-01-05 12:45:00,1.25,14606.0,United Kingdom
C493792,21815,STAR  T-LIGHT HOLDER,-1,2010-01-07 09:56:00,1.45,,United Kingdom
C493792,21816,CHRISTMAS TREE T-LIGHT HOLDER,-1,2010-01-07 09:56:00,1.45,,United Kingdom
C493795,21559,STRAWBERRY LUNCH BOX WITH CUTLERY,-1,2010-01-07 11:00:00,2.55,12471.0,Germany
C493795,21527,RED RETROSPOT TRADITIONAL TEAPOT,-1,2010-01-07 11:00:00,7.95,12471.0,Germany
C493795,22202,MILK PAN PINK RETROSPOT,-2,2010-01-07 11:00:00,3.75,12471.0,Germany
C493805,79323P,PINK CHERRY LIGHTS,-2,2010-01-07 11:25:00,5.45,15270.0,United Kingdom
C493807,85014B,RED/WHITE DOTS RUFFLED UMBRELLA,-1,2010-01-07 11:33:00,5.95,16163.0,United Kingdom
C493807,21527,RED RETROSPOT TRADITIONAL TEAPOT,-1,2010-01-07 11:33:00,7.95,16163.0,United Kingdom
C493808,20700,GREEN CAT FLORAL CUSHION COVER,-1,2010-01-07 11:34:00,3.75,13855.0,United Kingdom
C493808,21427,SKULLS STORAGE BOX SMALL,-2,2010-01-07 11:34:00,2.1,13855.0,United Kingdom
C493808,21425,SKULLS STORAGE BOX LARGE,-3,2010-01-07 11:34:00,2.95,13855.0,United Kingdom
C493808,22138,BAKING SET 9 PIECE RETROSPOT,-8,2010-01-07 11:34:00,4.95,13855.0,United Kingdom
C493809,21130,COLOURFUL STANDING GNOME,-1,2010-01-07 11:42:00,3.45,14032.0,United Kingdom
C493811,72807B,SET/3 OCEAN SCENT CANDLE JEWEL BOX,-1,2010-01-07 11:52:00,4.25,15409.0,United Kingdom
C493811,72807A,SET/3 ROSE CANDLE IN JEWELLED BOX,-2,2010-01-07 11:52:00,4.25,15409.0,United Kingdom
C493811,21666,RIDGED GLASS T-LIGHT HOLDER,-2,2010-01-07 11:52:00,0.65,15409.0,United Kingdom
C493822,21744,SNOWFLAKE PORTABLE TABLE LIGHT,-6,2010-01-07 12:43:00,2.95,16554.0,United Kingdom
493821,17129D,CLEAR COLOUR GLASS GEMS IN BAG,-2127,2010-01-07 12:43:00,0.0,,United Kingdom
C493823,22349,"DOG BOWL , CHASING BALL DESIGN",-4,2010-01-07 12:44:00,3.39,13408.0,United Kingdom
C493829,20695,FLORAL BLUE MONSTER,-1,2010-01-07 13:24:00,4.25,15622.0,United Kingdom
C493830,21752,GLASS CAKE STAND MIRRORED BASE,-1,2010-01-07 13:25:00,14.95,13594.0,United Kingdom
C493830,22061,LARGE CAKE STAND  HANGING STRAWBERY,-1,2010-01-07 13:25:00,9.95,13594.0,United Kingdom
C493831,21659,GLASS CAKE STAND,-1,2010-01-07 13:26:00,14.95,13768.0,United Kingdom
C493832,21232,STRAWBERRY CERAMIC TRINKET BOX,-4,2010-01-07 13:27:00,1.25,18220.0,United Kingdom
C493833,85132C,CHARLIE AND LOLA FIGURES TINS,-6,2010-01-07 13:30:00,9.95,15785.0,United Kingdom
C493833,37447,CERAMIC CAKE DESIGN SPOTTED PLATE,-1,2010-01-07 13:30:00,1.49,15785.0,United Kingdom
C493835,20892,SET/3 TALL GLASS CANDLE HOLDER PINK,-3,2010-01-07 13:46:00,3.95,16600.0,United Kingdom
C493835,72753D,S/3 FLWR FAIRY SUMMER CANDLES,-8,2010-01-07 13:46:00,2.1,16600.0,United Kingdom
C493836,20971,PINK BLUE FELT CRAFT TRINKET BOX,-12,2010-01-07 13:49:00,1.25,12839.0,United Kingdom
C493836,21232,STRAWBERRY CERAMIC TRINKET BOX,-12,2010-01-07 13:49:00,1.25,12839.0,United Kingdom
C493836,21231,SWEETHEART CERAMIC TRINKET BOX,-12,2010-01-07 13:49:00,1.25,12839.0,United Kingdom
C493836,21355,TOAST ITS - I LOVE YOU,-24,2010-01-07 13:49:00,1.25,12839.0,United Kingdom
C493836,84050,PINK HEART SHAPE EGG FRYING PAN,-24,2010-01-07 13:49:00,1.65,12839.0,United Kingdom
C493838,22203,MILK PAN RED RETROSPOT,-1,2010-01-07 13:50:00,3.75,17677.0,United Kingdom
C493839,22061,LARGE CAKE STAND  HANGING STRAWBERY,-1,2010-01-07 13:52:00,9.95,13952.0,United Kingdom
C493849,35968,FOLK ART METAL HEART T-LIGHT HOLDER,-1,2010-01-07 15:32:00,0.38,15222.0,United Kingdom
C493849,21426,WOODLAND STORAGE BOX SMALL,-7,2010-01-07 15:32:00,2.1,15222.0,United Kingdom
C493849,20984,12 PENCILS TALL TUBE POSY,-2,2010-01-07 15:32:00,0.85,15222.0,United Kingdom
C493849,85189,HANGING BUTTERFLY  EGG,-9,2010-01-07 15:32:00,0.85,15222.0,United Kingdom
C493849,21389,IVORY HANGING DECORATION  BIRD,-3,2010-01-07 15:32:00,0.85,15222.0,United Kingdom
C493849,85194L,HANGING SPRING FLOWER EGG LARGE,-2,2010-01-07 15:32:00,0.85,15222.0,United Kingdom
C493849,84450A,PINK RABBIT SITTING EASTER,-4,2010-01-07 15:32:00,0.42,15222.0,United Kingdom
C493849,85190,PINK FLOWER HANGING HEART,-6,2010-01-07 15:32:00,0.85,15222.0,United Kingdom
C493849,22227,"DECORATION, HANGING HEART+MIRROR",-4,2010-01-07 15:32:00,0.65,15222.0,United Kingdom
C493850,22061,LARGE CAKE STAND  HANGING STRAWBERY,-1,2010-01-07 15:34:00,9.95,14267.0,United Kingdom
C493851,79341,WILLOW BRANCH LIGHTS.,-4,2010-01-07 15:44:00,6.75,13905.0,United Kingdom
C493851,22215,CAKE STAND WHITE TWO TIER LACE,-1,2010-01-07 15:44:00,8.5,13905.0,United Kingdom
C493852,21257,VICTORIAN SEWING BOX MEDIUM,-1,2010-01-07 15:50:00,6.6,14156.0,EIRE
C493853,POST,POSTAGE,-1,2010-01-07 15:54:00,7.06,16325.0,United Kingdom
C493853,21426,WOODLAND STORAGE BOX SMALL,-6,2010-01-07 15:54:00,2.1,16325.0,United Kingdom
C493854,22133,PINK LOVE HEART SHAPE CUP,-12,2010-01-07 15:56:00,0.85,13599.0,United Kingdom
C493854,21314,SMALL GLASS HEART TRINKET POT,-4,2010-01-07 15:56:00,2.1,13599.0,United Kingdom
C493854,84750A,PINK SMALL GLASS CAKE STAND,-2,2010-01-07 15:56:00,1.95,13599.0,United Kingdom
C493855,84508A,CAMOFLAGE DESIGN TEDDY,-8,2010-01-07 16:00:00,2.1,16656.0,United Kingdom
C493856,79323LP,LIGHT PINK CHERRY LIGHTS,-3,2010-01-07 16:10:00,5.45,13089.0,United Kingdom
C493857,21733,RED HANGING HEART T-LIGHT HOLDER,-1,2010-01-07 16:11:00,2.95,15823.0,United Kingdom
C493859,85042,ANTIQUE LILY FAIRY LIGHTS,-2,2010-01-07 16:15:00,4.95,14911.0,EIRE
C493859,85047,WHITE BEADED GARLAND STRING 20LIGHT,-2,2010-01-07 16:15:00,6.35,14911.0,EIRE
C493859,21257,VICTORIAN SEWING BOX MEDIUM,-4,2010-01-07 16:15:00,7.95,14911.0,EIRE
C493859,85048,15CM CHRISTMAS GLASS BALL 20 LIGHTS,-4,2010-01-07 16:15:00,7.95,14911.0,EIRE
C493861,79340W,WHITE ORCHID FLOWER LIGHTS,-1,2010-01-07 16:19:00,6.75,13767.0,United Kingdom
C493861,85042,ANTIQUE LILY FAIRY LIGHTS,-4,2010-01-07 16:19:00,4.25,13767.0,United Kingdom
C493862,22218,CAKE STAND LACE WHITE,-1,2010-01-07 16:21:00,4.25,14480.0,United Kingdom
C493864,85226A,WHITE/BLUE PULL BACK RACING CAR,-5,2010-01-07 16:52:00,0.55,13749.0,United Kingdom
C493864,72814,SET OF 3 CHRISTMAS BRIAR CANDLES,-2,2010-01-07 16:52:00,3.75,13749.0,United Kingdom
C493867,85123A,WHITE HANGING HEART T-LIGHT HOLDER,-2,2010-01-07 17:14:00,2.95,16296.0,United Kingdom
C493867,21344,MOROCCAN BEATEN METAL DISH,-2,2010-01-07 17:14:00,3.95,16296.0,United Kingdom
C493867,84659A,WHITE TRAVEL ALARM CLOCK,-1,2010-01-07 17:14:00,2.55,16296.0,United Kingdom
C493867,21275,ZINC TOP  2 DOOR WOODEN SHELF,-1,2010-01-07 17:14:00,3.95,16296.0,United Kingdom
C493868,21773,DECORATIVE ROSE BATHROOM BOTTLE,-1,2010-01-07 17:17:00,1.25,14911.0,EIRE
C493868,47503J,SET/3 FLORAL GARDEN TOOLS IN BAG,-2,2010-01-07 17:17:00,7.95,14911.0,EIRE
C493869,85044,RED REINDEER STRING OF 20 LIGHTS,-1,2010-01-07 17:19:00,4.25,13136.0,United Kingdom
C493870,21232,STRAWBERRY CERAMIC TRINKET BOX,-2,2010-01-07 17:21:00,1.25,16592.0,United Kingdom
C493870,20914,SET/5 RED SPOTTY LID GLASS BOWLS,-1,2010-01-07 17:21:00,2.95,16592.0,United Kingdom
C493870,21218,RED SPOTTY BISCUIT TIN,-3,2010-01-07 17:21:00,3.75,16592.0,United Kingdom
C493871,22194,BLACK DINER WALL CLOCK,-1,2010-01-07 17:23:00,8.5,13078.0,United Kingdom
C493898,M,Manual,-1,2010-01-08 10:40:00,780.52,14911.0,EIRE
C493940,37492A,YELLOW RED FLOWER PIGGY BANK,-1,2010-01-08 12:03:00,4.65,17243.0,United Kingdom
C493940,37492C,GREEN BLUE FLOWER PIGGY BANK,-1,2010-01-08 12:03:00,4.65,17243.0,United Kingdom
C493940,37492B,BLUE YELLOW FLOWER PIGGY BANK,-1,2010-01-08 12:03:00,4.65,17243.0,United Kingdom
C493940,85135B,BLUE DRAGONFLY HELICOPTER,-1,2010-01-08 12:03:00,7.95,17243.0,United Kingdom
C493984,72756,FAIRY CAKE CANDLES,-7,2010-01-10 12:18:00,1.49,14685.0,United Kingdom
C493986,21843,RED RETROSPOT CAKE STAND,-1,2010-01-10 12:27:00,10.95,15527.0,United Kingdom
C493986,79340W,WHITE ORCHID FLOWER LIGHTS,-2,2010-01-10 12:27:00,7.95,15527.0,United Kingdom
C493992,21843,RED RETROSPOT CAKE STAND,-12,2010-01-10 12:44:00,10.95,14685.0,United Kingdom
C494024,M,Manual,-1,2010-01-11 10:09:00,17.6,12959.0,United Kingdom
C494030,37462E,"PET MUG, GOLDFISH",-6,2010-01-11 10:25:00,0.42,,United Kingdom
C494033,84078A,SET/4 WHITE RETRO STORAGE CUBES,-4,2010-01-11 10:56:00,34.95,14527.0,United Kingdom
C494041,21731,RED TOADSTOOL LED NIGHT LIGHT,-12,2010-01-11 11:57:00,1.65,12533.0,Germany
C494041,22180,RETRO SPOT LAMP,-3,2010-01-11 11:57:00,9.95,12533.0,Germany
C494041,22232,JIGSAW TOADSTOOLS 3 PIECE,-8,2010-01-11 11:57:00,1.65,12533.0,Germany
C494041,22254,FELT TOADSTOOL LARGE,-12,2010-01-11 11:57:00,1.25,12533.0,Germany
C494041,22255,FELT TOADSTOOL  SMALL,-12,2010-01-11 11:57:00,0.85,12533.0,Germany
C494041,21789,KIDS RAIN MAC PINK,-24,2010-01-11 11:57:00,0.85,12533.0,Germany
C494041,21788,KIDS RAIN MAC BLUE,-24,2010-01-11 11:57:00,0.85,12533.0,Germany
C494041,21238,RED SPOTTY CUP,-3,2010-01-11 11:57:00,0.85,12533.0,Germany
C494043,22233,JIGSAW RABBIT AND BIRDHOUSE,-24,2010-01-11 11:59:00,1.65,12709.0,Germany
C494044,84830,LARGE ENGLISH ARBORETUM,-3,2010-01-11 12:00:00,16.95,16103.0,United Kingdom
C494151,21408,SPOTTY PINK DUCK DOORSTOP,-1,2010-01-11 15:03:00,4.25,13178.0,United Kingdom
C494151,21649,ASSORTED TUTTI FRUTTI PHOTO FRAME,-3,2010-01-11 15:03:00,2.95,13178.0,United Kingdom
C494205,21477,STRING OF 20 ROSE LIGHTS,-4,2010-01-12 11:06:00,10.95,16732.0,United Kingdom
C494205,21559,STRAWBERRY LUNCH BOX WITH CUTLERY,-1,2010-01-12 11:06:00,2.55,16732.0,United Kingdom
C494215,POST,POSTAGE,-4,2010-01-12 11:56:00,18.0,12623.0,Germany
C494238,84782C,GREEN 3 TIER GLASS PLATE STAND,-1,2010-01-12 15:30:00,12.75,14081.0,United Kingdom
C494238,84782A,PINK 3 TIER GLASS PLATE STAND,-1,2010-01-12 15:30:00,12.75,14081.0,United Kingdom
C494242,21527,RED RETROSPOT TRADITIONAL TEAPOT,-1,2010-01-12 15:51:00,7.95,14606.0,United Kingdom
C494247,21528,DAIRY MAID TRADITIONAL TEAPOT,-2,2010-01-12 16:35:00,6.95,15100.0,United Kingdom
494266,21967,PACK OF 12 SKULL TISSUES,-512,2010-01-12 16:56:00,0.0,,United Kingdom
C494270,21563,RED HEART SHAPE LOVE BUCKET,-6,2010-01-13 09:23:00,2.55,13410.0,United Kingdom
C494271,22061,LARGE CAKE STAND  HANGING STRAWBERY,-1,2010-01-13 09:42:00,9.95,12417.0,Belgium
C494331,84050,PINK HEART SHAPE EGG FRYING PAN,-2,2010-01-13 12:04:00,1.65,13457.0,United Kingdom
C494332,21626,VINTAGE UNION JACK PENNANT,-6,2010-01-13 12:08:00,1.95,13696.0,United Kingdom
C494333,84782A,PINK 3 TIER GLASS PLATE STAND,-1,2010-01-13 12:10:00,12.75,14151.0,United Kingdom
C494334,21314,SMALL GLASS HEART TRINKET POT,-2,2010-01-13 12:16:00,2.1,14769.0,United Kingdom
C494334,22059,CERAMIC STRWBERRY DESIGN MUG,-4,2010-01-13 12:16:00,1.49,14769.0,United Kingdom
C494334,22198,LARGE POPCORN HOLDER,-2,2010-01-13 12:16:00,1.65,14769.0,United Kingdom
C494334,85232B,SET/3 RUSSIAN DOLL STACKING TINS,-2,2010-01-13 12:16:00,4.95,14769.0,United Kingdom
C494347,M,Manual,-1,2010-01-13 14:20:00,751.11,12510.0,Spain
C494353,M,Manual,-1,2010-01-13 14:50:00,323.88,12510.0,Spain
C494352,M,Manual,-1,2010-01-13 14:50:00,546.95,14156.0,EIRE
C494355,POST,POSTAGE,-1,2010-01-13 15:04:00,174.75,12510.0,Spain
C494356,M,Manual,-1,2010-01-13 15:06:00,780.52,14911.0,EIRE
C494358,35004S,SET OF 3 SILVER FLYING DUCKS,-3,2010-01-13 15:07:00,6.35,13078.0,United Kingdom
C494358,22194,BLACK DINER WALL CLOCK,-1,2010-01-13 15:07:00,8.5,13078.0,United Kingdom
C494360,POST,POSTAGE,-1,2010-01-13 15:32:00,161.25,12510.0,Spain
C494361,21258,VICTORIAN SEWING BOX LARGE,-1,2010-01-13 15:48:00,10.95,12709.0,Germany
C494361,21658,GLASS  BEURRE DISH,-1,2010-01-13 15:48:00,3.39,12709.0,Germany
C494361,21216,"SET 3 RED SPOT TIN TEA,COFFEE,SUGAR",-1,2010-01-13 15:48:00,4.25,12709.0,Germany
C494361,20979,36 PENCILS TUBE RED SPOTTY,-1,2010-01-13 15:48:00,1.25,12709.0,Germany
C494363,21527,RED RETROSPOT TRADITIONAL TEAPOT,-1,2010-01-13 16:00:00,7.95,13319.0,United Kingdom
C494363,21218,RED SPOTTY BISCUIT TIN,-3,2010-01-13 16:00:00,3.75,13319.0,United Kingdom
C494363,79067,CORONA MEXICAN TRAY,-1,2010-01-13 16:00:00,3.75,13319.0,United Kingdom
C494365,21539,RED RETROSPOT BUTTER DISH,-1,2010-01-13 16:06:00,4.95,16057.0,United Kingdom
C494365,21843,RED RETROSPOT CAKE STAND,-1,2010-01-13 16:06:00,10.95,16057.0,United Kingdom
C494365,22120,WELCOME  WOODEN BLOCK LETTERS,-1,2010-01-13 16:06:00,9.95,16057.0,United Kingdom
C494365,22193,RED DINER WALL CLOCK,-1,2010-01-13 16:06:00,8.5,16057.0,United Kingdom
C494366,21430,SET/3 RED GINGHAM ROSE STORAGE BOX,-1,2010-01-13 16:07:00,3.75,13854.0,United Kingdom
C494367,22060,LARGE CAKE STAND HANGING HEARTS,-1,2010-01-13 16:09:00,9.95,15827.0,United Kingdom
C494367,79072,TEATIME CAKE TIN WITH HANDLE,-1,2010-01-13 16:09:00,9.95,15827.0,United Kingdom
C494368,POST,POSTAGE,-1,2010-01-13 16:11:00,4.41,15152.0,United Kingdom
C494369,22111,SCOTTIE DOG HOT WATER BOTTLE,-1,2010-01-13 16:12:00,4.25,13078.0,United Kingdom
C494370,21430,SET/3 RED GINGHAM ROSE STORAGE BOX,-2,2010-01-13 16:24:00,3.75,13854.0,United Kingdom
C494371,22181,SNOWSTORM PHOTO FRAME FRIDGE MAGNET,-3,2010-01-13 16:25:00,0.85,12681.0,France
C494371,85221,ASSORTED COLOUR SILK COIN PURSE,-9,2010-01-13 16:25:00,0.38,12681.0,France
C494371,22303,COFFEE MUG APPLES DESIGN,-3,2010-01-13 16:25:00,2.55,12681.0,France
C494371,22302,COFFEE MUG PEARS  DESIGN,-2,2010-01-13 16:25:00,2.55,12681.0,France
C494371,21731,RED TOADSTOOL LED NIGHT LIGHT,-3,2010-01-13 16:25:00,1.65,12681.0,France
C494371,22198,LARGE POPCORN HOLDER,-14,2010-01-13 16:25:00,1.65,12681.0,France
C494371,22197,SMALL POPCORN HOLDER,-2,2010-01-13 16:25:00,0.85,12681.0,France
C494371,84597B,RETRO BROWN BALL ASHTRAY,-3,2010-01-13 16:25:00,1.25,12681.0,France
C494371,84597C,RETRO PINK BALL ASHTRAY,-4,2010-01-13 16:25:00,1.25,12681.0,France
C494371,21706,"FOLDING UMBRELLA , RED/WHITE SPOT",-12,2010-01-13 16:25:00,4.95,12681.0,France
C494372,35400,WOODEN BOX ADVENT CALENDAR,-1,2010-01-13 16:27:00,8.95,15719.0,United Kingdom
C494372,22187,GREEN CHRISTMAS TREE CARD HOLDER,-1,2010-01-13 16:27:00,4.25,15719.0,United Kingdom
C494430,21232,STRAWBERRY CERAMIC TRINKET BOX,-4,2010-01-14 11:09:00,1.25,13004.0,United Kingdom
C494431,21527,RED RETROSPOT TRADITIONAL TEAPOT,-1,2010-01-14 11:27:00,7.95,14590.0,United Kingdom
C494438,BANK CHARGES,Bank Charges,-1,2010-01-14 12:15:00,767.99,,United Kingdom
C494444,10138,ASSORTED COLOUR JUMBO PEN,-1,2010-01-14 13:09:00,0.84,12921.0,United Kingdom
C494448,75049L,LARGE CIRCULAR MIRROR MOBILE,-12,2010-01-14 13:36:00,1.25,14667.0,United Kingdom
C494449,21484,CHICK GREY HOT WATER BOTTLE,-1,2010-01-14 13:49:00,3.45,13093.0,United Kingdom
C494452,85047,WHITE BEADED GARLAND STRING 20LIGHT,-1,2010-01-14 13:51:00,6.35,15684.0,United Kingdom
C494453,21426,WOODLAND STORAGE BOX SMALL,-17,2010-01-14 13:55:00,0.85,15222.0,United Kingdom
C494453,20984,12 PENCILS TALL TUBE POSY,-190,2010-01-14 13:55:00,0.19,15222.0,United Kingdom
C494457,90200E,GREEN SWEETHEART BRACELET,-1,2010-01-14 14:12:00,4.25,14667.0,United Kingdom
C494457,75049L,LARGE CIRCULAR MIRROR MOBILE,-12,2010-01-14 14:12:00,1.25,14667.0,United Kingdom
C494466,85045,GREEN CHRISTMAS TREE STRING 20LIGHT,-1,2010-01-14 14:25:00,4.95,17032.0,United Kingdom
C494466,85042,ANTIQUE LILY FAIRY LIGHTS,-1,2010-01-14 14:25:00,4.95,17032.0,United Kingdom
C494466,85047,WHITE BEADED GARLAND STRING 20LIGHT,-1,2010-01-14 14:25:00,6.35,17032.0,United Kingdom
C494472,gift_0001_80,Dotcomgiftshop Gift Voucher £80.00,-1,2010-01-14 14:51:00,69.56,,United Kingdom
C494474,35922,EASTER BUNNY WREATH,-4,2010-01-14 15:06:00,4.95,12471.0,Germany
C494474,21527,RED RETROSPOT TRADITIONAL TEAPOT,-1,2010-01-14 15:06:00,7.95,12471.0,Germany
C494474,21232,STRAWBERRY CERAMIC TRINKET BOX,-3,2010-01-14 15:06:00,1.25,12471.0,Germany
C494477,M,Manual,-1,2010-01-14 15:40:00,1747.62,,United Kingdom
C494486,35603B,S/16 BLACK SHINY/MAT BAUBLES,-24,2010-01-14 17:02:00,2.1,16858.0,United Kingdom
C494486,21533,RETRO SPOT LARGE MILK JUG,-2,2010-01-14 17:02:00,4.95,16858.0,United Kingdom
C494486,21529,RETRO SPOT CERAMIC TOASTRACK,-2,2010-01-14 17:02:00,3.45,16858.0,United Kingdom
C494488,21764,VINTAGE WOODEN PLATE RACK,-1,2010-01-14 17:13:00,39.95,16875.0,United Kingdom
C494488,21244,BLUE  SPOTTY PLATE,-1,2010-01-14 17:13:00,1.69,16875.0,United Kingdom
C494489,22139,RETRO SPOT TEA SET CERAMIC 11 PC,-1,2010-01-14 17:14:00,4.95,15810.0,United Kingdom
C494491,22212,FOUR HOOK  WHITE LOVEBIRDS,-1,2010-01-14 17:20:00,2.1,17675.0,United Kingdom
C494491,85123A,WHITE HANGING HEART T-LIGHT HOLDER,-2,2010-01-14 17:20:00,2.55,17675.0,United Kingdom
C494491,71477,COLOUR GLASS. STAR T-LIGHT HOLDER,-6,2010-01-14 17:20:00,2.75,17675.0,United Kingdom
C494491,85042,ANTIQUE LILY FAIRY LIGHTS,-4,2010-01-14 17:20:00,4.25,17675.0,United Kingdom
C494491,22187,GREEN CHRISTMAS TREE CARD HOLDER,-5,2010-01-14 17:20:00,3.75,17675.0,United Kingdom
C494492,84466,TOP SECRET PEN SET,-4,2010-01-14 17:21:00,1.25,12712.0,Germany
C494492,22299,PIG KEYRING WITH LIGHT & SOUND,-4,2010-01-14 17:21:00,1.25,12712.0,Germany
C494492,22255,FELT TOADSTOOL  SMALL,-5,2010-01-14 17:21:00,0.85,12712.0,Germany
C494492,22254,FELT TOADSTOOL LARGE,-7,2010-01-14 17:21:00,1.25,12712.0,Germany
C494493,22187,GREEN CHRISTMAS TREE CARD HOLDER,-1,2010-01-14 17:26:00,4.25,15326.0,United Kingdom
C494494,22200,FRYING PAN PINK POLKADOT,-1,2010-01-14 17:29:00,4.25,13338.0,United Kingdom
C494494,22202,MILK PAN PINK RETROSPOT,-3,2010-01-14 17:29:00,3.75,13338.0,United Kingdom
C494494,22315,200 RED + WHITE BENDY STRAWS,-2,2010-01-14 17:29:00,1.25,13338.0,United Kingdom
C494494,21663,VINTAGE GLASS SUGAR CADDY,-1,2010-01-14 17:29:00,5.95,13338.0,United Kingdom
C494494,22138,BAKING SET 9 PIECE RETROSPOT,-1,2010-01-14 17:29:00,4.95,13338.0,United Kingdom
C494494,84616,SILVER ROCCOCO CHANDELIER,-1,2010-01-14 17:29:00,29.95,13338.0,United Kingdom
C494494,21870,I CAN ONLY PLEASE ONE PERSON MUG,-1,2010-01-14 17:29:00,1.25,13338.0,United Kingdom
C494494,21181,PLEASE ONE PERSON METAL SIGN,-1,2010-01-14 17:29:00,2.1,13338.0,United Kingdom
C494496,21485,RED SPOT HEART HOT WATER BOTTLE,-4,2010-01-14 17:56:00,4.95,13394.0,United Kingdom
C494496,20892,SET/3 TALL GLASS CANDLE HOLDER PINK,-1,2010-01-14 17:56:00,12.75,13394.0,United Kingdom
C494497,21110,LARGE CAKE TOWEL PINK SPOTS,-2,2010-01-14 17:59:00,5.95,13360.0,United Kingdom
C494497,84520D,PACK OF 20 FAIRY CAKE PAPER NAPKINS,-1,2010-01-14 17:59:00,0.85,13360.0,United Kingdom
C494497,20931,BLUE POT PLANT CANDLE,-2,2010-01-14 17:59:00,3.75,13360.0,United Kingdom
C494497,20932,PINK POT PLANT CANDLE,-2,2010-01-14 17:59:00,3.75,13360.0,United Kingdom
C494500,21843,RED RETROSPOT CAKE STAND,-1,2010-01-14 18:06:00,10.95,13711.0,United Kingdom
C494500,21539,RED RETROSPOT BUTTER DISH,-1,2010-01-14 18:06:00,4.95,13711.0,United Kingdom
C494500,21527,RED RETROSPOT TRADITIONAL TEAPOT,-2,2010-01-14 18:06:00,7.95,13711.0,United Kingdom
C494501,84375,SET OF 20 KIDS COOKIE CUTTERS,-12,2010-01-14 18:07:00,1.95,15358.0,United Kingdom
C494502,37449,CERAMIC CAKE STAND + HANGING CAKES,-1,2010-01-14 18:08:00,9.95,14290.0,United Kingdom
C494592,77081,FLOWER WINDMILL,-1,2010-01-15 12:08:00,1.25,15898.0,United Kingdom
C494592,85043,RED HEART CANDY POP LIGHTS,-1,2010-01-15 12:08:00,4.95,15898.0,United Kingdom
C494592,85047,WHITE BEADED GARLAND STRING 20LIGHT,-1,2010-01-15 12:08:00,6.35,15898.0,United Kingdom
C494593,37370,RETRO COFFEE MUGS ASSORTED,-1,2010-01-15 12:11:00,1.25,15326.0,United Kingdom
C494593,85063,CREAM SWEETHEART MAGAZINE RACK,-2,2010-01-15 12:11:00,16.95,15326.0,United Kingdom
C494593,72781,BLACK SILOUETTE CANDLE PLATE,-6,2010-01-15 12:11:00,2.1,15326.0,United Kingdom
C494593,21463,MIRRORED DISCO BALL,-2,2010-01-15 12:11:00,5.95,15326.0,United Kingdom
C494604,21791,VINTAGE HEADS AND TAILS CARD GAME,-12,2010-01-15 12:22:00,1.25,12613.0,Germany
C494604,22138,BAKING SET 9 PIECE RETROSPOT,-3,2010-01-15 12:22:00,4.95,12613.0,Germany
C494604,22254,FELT TOADSTOOL LARGE,-12,2010-01-15 12:22:00,1.25,12613.0,Germany
C494604,22255,FELT TOADSTOOL  SMALL,-12,2010-01-15 12:22:00,0.85,12613.0,Germany
C494604,20665,RED SPOTTY PURSE,-1,2010-01-15 12:22:00,2.95,12613.0,Germany
C494604,21217,RED SPOTTY ROUND CAKE TINS,-3,2010-01-15 12:22:00,9.95,12613.0,Germany
C494604,21496,WOODLAND CREATURES  WRAP,-25,2010-01-15 12:22:00,0.42,12613.0,Germany
C494629,84212,"ASSORTED FLOWER COLOUR ""LEIS""",-72,2010-01-15 16:48:00,0.65,13983.0,United Kingdom
C494650,85047,WHITE BEADED GARLAND STRING 20LIGHT,-1,2010-01-17 12:29:00,6.35,17969.0,United Kingdom
C494650,15056P,EDWARDIAN PARASOL PINK,-1,2010-01-17 12:29:00,5.95,17969.0,United Kingdom
C494712,21846,PINK DIAMANTE PEN IN GIFT BOX,-1,2010-01-18 12:20:00,4.95,17841.0,United Kingdom
C494712,35400,WOODEN BOX ADVENT CALENDAR,-1,2010-01-18 12:20:00,8.95,17841.0,United Kingdom
C494712,20681,PINK SPOTTY CHILDS UMBRELLA,-1,2010-01-18 12:20:00,3.25,17841.0,United Kingdom
C494791,22326,ROUND SNACK BOXES SET OF4 WOODLAND,-3,2010-01-18 14:04:00,2.95,12649.0,Germany
C494791,22349,"DOG BOWL , CHASING BALL DESIGN",-2,2010-01-18 14:04:00,3.75,12649.0,Germany
C494793,21735,TWO DOOR CURIO CABINET,-2,2010-01-18 14:10:00,12.75,13110.0,United Kingdom
C494801,22355,CHARLOTTE BAG SUKI DESIGN,-1,2010-01-18 14:58:00,0.85,15005.0,United Kingdom
C494801,85025C,PINK HEART SHAPE PHOTO FRAME,-1,2010-01-18 14:58:00,1.65,15005.0,United Kingdom
C494801,21232,STRAWBERRY CERAMIC TRINKET BOX,-3,2010-01-18 14:58:00,1.25,15005.0,United Kingdom
C494801,22227,"DECORATION, HANGING HEART+MIRROR",-1,2010-01-18 14:58:00,0.65,15005.0,United Kingdom
C494801,85023A,CRYSTAL LARGE JEWELLED PHOTO FRAME,-1,2010-01-18 14:58:00,2.55,15005.0,United Kingdom
C494801,22167,"WALL MIRROR , DIAMANTE OVAL SHAPE",-1,2010-01-18 14:58:00,9.95,15005.0,United Kingdom
C494802,22192,BLUE DINER WALL CLOCK,-1,2010-01-18 15:01:00,8.5,17231.0,United Kingdom
C494810,21527,RED RETROSPOT TRADITIONAL TEAPOT,-1,2010-01-18 16:28:00,16.98,,United Kingdom
C494810,POST,POSTAGE,-1,2010-01-18 16:28:00,4.45,,United Kingdom
C494869,35970,ZINC FOLKART SLEIGH BELLS,-1,2010-01-19 12:13:00,1.69,12468.0,Germany
C494869,47594B,SCOTTIES DESIGN WASHBAG,-2,2010-01-19 12:13:00,1.95,12468.0,Germany
C494877,21238,RED SPOTTY CUP,-48,2010-01-19 12:39:00,0.85,14113.0,United Kingdom
C494907,20772,GARDEN PATH JOURNAL,-144,2010-01-19 16:36:00,2.1,17307.0,United Kingdom
C494909,D,Discount,-30,2010-01-19 16:45:00,0.4,12931.0,United Kingdom
C494909,D,Discount,-30,2010-01-19 16:45:00,0.13,12931.0,United Kingdom
C494926,84675,FROG KING WATERING CAN,-6,2010-01-20 10:25:00,2.95,15298.0,United Kingdom
C494926,21232,STRAWBERRY CERAMIC TRINKET BOX,-2,2010-01-20 10:25:00,1.25,15298.0,United Kingdom
C494927,22283,6 EGG HOUSE PAINTED WOOD,-10,2010-01-20 10:28:00,7.95,15100.0,United Kingdom
C494928,22139,RETRO SPOT TEA SET CERAMIC 11 PC,-1,2010-01-20 10:30:00,4.95,13622.0,United Kingdom
C494928,22300,COFFEE MUG DOG + BALL DESIGN,-1,2010-01-20 10:30:00,2.55,13622.0,United Kingdom
C494929,21781,MA CAMPAGNE CUTLERY BOX,-1,2010-01-20 10:37:00,14.95,14256.0,United Kingdom
C494929,22357,KINGS CHOICE BISCUIT TIN,-1,2010-01-20 10:37:00,4.25,14256.0,United Kingdom
C494949,71459,HANGING JAM JAR T-LIGHT HOLDER,-4,2010-01-20 10:48:00,0.85,14225.0,United Kingdom
C494949,84978,HANGING HEART JAR T-LIGHT HOLDER,-2,2010-01-20 10:48:00,1.25,14225.0,United Kingdom
C494949,21869,POTTING SHED COFFEE MUG,-6,2010-01-20 10:48:00,1.25,14225.0,United Kingdom
C494949,22171,3 HOOK PHOTO SHELF ANTIQUE WHITE,-1,2010-01-20 10:48:00,8.5,14225.0,United Kingdom
C494954,21185,HOME SWEET HOME  BLACKBOARD,-3,2010-01-20 10:49:00,6.35,17469.0,United Kingdom
C494954,84678,CLASSICAL ROSE SMALL VASE,-1,2010-01-20 10:49:00,2.55,17469.0,United Kingdom
C494957,85185E,DUCK SOCK PUPPET,-2,2010-01-20 10:53:00,2.55,14952.0,United Kingdom
C494973,20726,LUNCH BAG WOODLAND,-50,2010-01-20 11:06:00,1.45,14156.0,EIRE
C494973,20715,LITTLE FLOWER SHOPPER BAG,-400,2010-01-20 11:06:00,1.06,14156.0,EIRE
C494984,D,Discount,-1,2010-01-20 11:12:00,70.0,17949.0,United Kingdom
C494985,21752,GLASS CAKE STAND MIRRORED BASE,-1,2010-01-20 11:29:00,14.95,13965.0,United Kingdom
C494985,85007,SET OF 3 VINTAGE TEA TIME BOXES,-3,2010-01-20 11:29:00,4.65,13965.0,United Kingdom
C494985,22139,RETRO SPOT TEA SET CERAMIC 11 PC,-3,2010-01-20 11:29:00,4.95,13965.0,United Kingdom
C494986,21477,STRING OF 20 ROSE LIGHTS,-1,2010-01-20 11:31:00,10.95,13093.0,United Kingdom
C494988,85222,ASSORTED COLOUR SILK COSMETIC PURSE,-1,2010-01-20 11:36:00,2.1,15823.0,United Kingdom
C494988,85221,ASSORTED COLOUR SILK COIN PURSE,-2,2010-01-20 11:36:00,1.25,15823.0,United Kingdom
C494992,22134,LADLE LOVE HEART RED,-12,2010-01-20 12:04:00,0.42,14290.0,United Kingdom
C494992,22139,RETRO SPOT TEA SET CERAMIC 11 PC,-1,2010-01-20 12:04:00,4.95,14290.0,United Kingdom
C494992,22192,BLUE DINER WALL CLOCK,-2,2010-01-20 12:04:00,8.5,14290.0,United Kingdom
C494992,22193,RED DINER WALL CLOCK,-2,2010-01-20 12:04:00,8.5,14290.0,United Kingdom
C494992,21534,DAIRY MAID LARGE MILK JUG,-1,2010-01-20 12:04:00,4.95,14290.0,United Kingdom
C494992,M,Manual,-10,2010-01-20 12:04:00,1.25,14290.0,United Kingdom
C494992,22138,BAKING SET 9 PIECE RETROSPOT,-3,2010-01-20 12:04:00,4.95,14290.0,United Kingdom
C494992,22202,MILK PAN PINK RETROSPOT,-1,2010-01-20 12:04:00,3.75,14290.0,United Kingdom
C494992,22204,MILK PAN BLUE RETROSPOT,-4,2010-01-20 12:04:00,3.75,14290.0,United Kingdom
C494992,22135,LADLE LOVE HEART PINK,-12,2010-01-20 12:04:00,0.42,14290.0,United Kingdom
C494992,21533,RETRO SPOT LARGE MILK JUG,-1,2010-01-20 12:04:00,4.95,14290.0,United Kingdom
C495012,22218,CAKE STAND LACE WHITE,-24,2010-01-20 13:03:00,3.75,15311.0,United Kingdom
C495012,75049L,LARGE CIRCULAR MIRROR MOBILE,-96,2010-01-20 13:03:00,0.85,15311.0,United Kingdom
C495012,84997C,BLUE 3 PIECE MINI DOTS CUTLERY SET,-72,2010-01-20 13:03:00,3.39,15311.0,United Kingdom
C495012,22334,DINOSAUR PARTY BAG + STICKER SET,-4,2010-01-20 13:03:00,1.65,15311.0,United Kingdom
C495012,21059,PARTY INVITES DINOSAURS,-4,2010-01-20 13:03:00,0.85,15311.0,United Kingdom
C495012,21121,SET/10 RED SPOTTY PARTY CANDLES,-1,2010-01-20 13:03:00,1.25,15311.0,United Kingdom
C495012,37348,SET OF 4 PASTEL STACKING MUGS,-1,2010-01-20 13:03:00,2.55,15311.0,United Kingdom
C495012,21240,BLUE  SPOTTY CUP,-1,2010-01-20 13:03:00,0.85,15311.0,United Kingdom
C495012,20675,BLUE SPOTTY BOWL,-1,2010-01-20 13:03:00,1.25,15311.0,United Kingdom
C495012,21244,BLUE  SPOTTY PLATE,-1,2010-01-20 13:03:00,1.69,15311.0,United Kingdom
C495012,84670,JAPANESE CROCHETED ANIMAL,-14,2010-01-20 13:03:00,0.42,15311.0,United Kingdom
C495012,84826,ASSTD DESIGN 3D PAPER STICKERS,-60,2010-01-20 13:03:00,0.85,15311.0,United Kingdom
C495012,21826,EIGHT PIECE DINOSAUR SET,-2,2010-01-20 13:03:00,1.25,15311.0,United Kingdom
C495012,20974,12 PENCILS SMALL TUBE SKULL,-16,2010-01-20 13:03:00,0.65,15311.0,United Kingdom
C495012,20996,JAZZ HEARTS ADDRESS BOOK,-14,2010-01-20 13:03:00,0.42,15311.0,United Kingdom
C495012,16256C,HEARTS PENCIL/RUBBER+5 MINI PENCILS,-14,2010-01-20 13:03:00,0.42,15311.0,United Kingdom
C495014,37449,CERAMIC CAKE STAND + HANGING CAKES,-1,2010-01-20 13:08:00,9.95,15312.0,United Kingdom
C495015,22200,FRYING PAN PINK POLKADOT,-1,2010-01-20 13:08:00,3.75,13093.0,United Kingdom
C495017,37447,CERAMIC CAKE DESIGN SPOTTED PLATE,-3,2010-01-20 13:14:00,1.49,14861.0,United Kingdom
C495017,44230,SQUARE MIRROR CURTAIN,-2,2010-01-20 13:14:00,7.95,14861.0,United Kingdom
C495018,72803B,OCEAN SCENT CANDLE JEWELLED DRAWER,-1,2010-01-20 13:15:00,4.25,16933.0,United Kingdom
C495018,84876C,SILVER HEART COMPACT MIRROR,-1,2010-01-20 13:15:00,3.75,16933.0,United Kingdom
C495018,72807C,SET/3 VANILLA SCENTED CANDLE IN BOX,-1,2010-01-20 13:15:00,4.25,16933.0,United Kingdom
C495019,21425,SKULLS STORAGE BOX LARGE,-6,2010-01-20 13:16:00,2.95,13152.0,United Kingdom
C495019,85183B,CHARLIE & LOLA WASTEPAPER BIN FLORA,-1,2010-01-20 13:16:00,3.75,13152.0,United Kingdom
C495021,21877,HOME SWEET HOME MUG,-3,2010-01-20 13:25:00,1.25,13050.0,United Kingdom
C495021,37449,CERAMIC CAKE STAND + HANGING CAKES,-1,2010-01-20 13:25:00,9.95,13050.0,United Kingdom
C495023,20682,RED SPOTTY CHILDS UMBRELLA,-2,2010-01-20 13:29:00,3.25,16843.0,United Kingdom
C495024,22302,COFFEE MUG PEARS  DESIGN,-3,2010-01-20 13:35:00,2.55,17679.0,United Kingdom
C495025,21977,PACK OF 60 PINK PAISLEY CAKE CASES,-24,2010-01-20 13:43:00,0.55,12921.0,United Kingdom
C495026,22236,CAKE STAND 3 TIER MAGIC GARDEN,-1,2010-01-20 13:46:00,12.75,15607.0,United Kingdom
C495032,20724,RED SPOTTY CHARLOTTE BAG,-1,2010-01-20 14:05:00,0.85,13982.0,United Kingdom
C495032,21535,RED RETROSPOT SMALL MILK JUG,-1,2010-01-20 14:05:00,2.55,13982.0,United Kingdom
C495034,21733,RED HANGING HEART T-LIGHT HOLDER,-3,2010-01-20 14:14:00,2.95,16556.0,United Kingdom
C495034,21663,VINTAGE GLASS SUGAR CADDY,-1,2010-01-20 14:14:00,5.95,16556.0,United Kingdom
C495034,21662,VINTAGE GLASS COFFEE CADDY,-1,2010-01-20 14:14:00,5.95,16556.0,United Kingdom
C495034,21661,VINTAGE GLASS TEA CADDY,-1,2010-01-20 14:14:00,5.95,16556.0,United Kingdom
C495035,21527,RED RETROSPOT TRADITIONAL TEAPOT,-2,2010-01-20 14:16:00,7.95,15358.0,United Kingdom
C495036,21843,RED RETROSPOT CAKE STAND,-1,2010-01-20 14:18:00,10.95,13319.0,United Kingdom
C495036,79191C,RETRO PLASTIC ELEPHANT TRAY,-1,2010-01-20 14:18:00,0.85,13319.0,United Kingdom
C495037,21843,RED RETROSPOT CAKE STAND,-1,2010-01-20 14:21:00,10.95,16143.0,United Kingdom
C495040,21232,STRAWBERRY CERAMIC TRINKET BOX,-4,2010-01-20 14:22:00,1.25,16204.0,United Kingdom
C495043,37447,CERAMIC CAKE DESIGN SPOTTED PLATE,-1,2010-01-20 14:24:00,1.49,13287.0,United Kingdom
C495043,79000,MOROCCAN TEA GLASS,-1,2010-01-20 14:24:00,0.85,13287.0,United Kingdom
C495043,21428,SET3 BOOK BOX GREEN GINGHAM FLOWER,-1,2010-01-20 14:24:00,4.25,13287.0,United Kingdom
C495054,M,Manual,-1,2010-01-20 14:43:00,756.85,14911.0,EIRE
C495060,22096,PINK PAISLEY SQUARE TISSUE BOX,-12,2010-01-20 16:20:00,1.25,15489.0,United Kingdom
C495065,21232,STRAWBERRY CERAMIC TRINKET BOX,-5,2010-01-20 16:47:00,1.25,15224.0,United Kingdom
C495076,22065,CHRISTMAS PUDDING TRINKET POT,-1,2010-01-21 09:19:00,1.45,16150.0,United Kingdom
C495076,85123A,WHITE HANGING HEART T-LIGHT HOLDER,-4,2010-01-21 09:19:00,2.95,16150.0,United Kingdom
C495084,85136C,RED SHARK HELICOPTER,-1,2010-01-21 10:17:00,8.47,,United Kingdom
C495088,84967B,BLUE KASHMIRI OCCASIONAL TABLE,-1,2010-01-21 10:46:00,79.95,17675.0,United Kingdom
C495101,37447,CERAMIC CAKE DESIGN SPOTTED PLATE,-1,2010-01-21 11:06:00,1.49,14714.0,United Kingdom
C495101,47579,TEA TIME BREAKFAST BASKET,-1,2010-01-21 11:06:00,2.1,14714.0,United Kingdom
C495103,21843,RED RETROSPOT CAKE STAND,-1,2010-01-21 11:21:00,10.95,15547.0,United Kingdom
C495147,20892,SET/3 TALL GLASS CANDLE HOLDER PINK,-4,2010-01-21 11:40:00,3.95,17172.0,United Kingdom
C495147,21779,MA CAMPAGNE MINI WOODEN CHEST,-8,2010-01-21 11:40:00,2.95,17172.0,United Kingdom
C495155,47502,POLKADOT CUTLERY 24 PCS IN TRAY,-1,2010-01-21 12:33:00,12.75,13623.0,United Kingdom
C495155,79065A,TEATIME ROUND CAKE TINS,-1,2010-01-21 12:33:00,9.95,13623.0,United Kingdom
C495170,21549,CERAMIC BIRDHOUSE RED ROOF SMALL,-1,2010-01-21 12:45:00,2.95,13148.0,United Kingdom
C495170,21402,RED  EGG  SPOON,-1,2010-01-21 12:45:00,0.42,13148.0,United Kingdom
C495170,22341,LOVE GARLAND PAINTED ZINC,-1,2010-01-21 12:45:00,1.65,13148.0,United Kingdom
C495170,21545,CERAMIC BIRDHOUSE BUTTERFLY SMALL,-1,2010-01-21 12:45:00,2.95,13148.0,United Kingdom
C495170,21548,CERAMIC BIRDHOUSE FINCH BLUE ROOF,-3,2010-01-21 12:45:00,2.95,13148.0,United Kingdom
C495170,85166A,WHITE METAL BAROQUE PHOTO FRAME,-1,2010-01-21 12:45:00,3.75,13148.0,United Kingdom
C495170,22319,HAIRCLIPS FORTIES FABRIC ASSORTED,-8,2010-01-21 12:45:00,0.65,13148.0,United Kingdom
C495170,85006,SET 4 NURSERY DES ROUND BOXES,-3,2010-01-21 12:45:00,2.95,13148.0,United Kingdom
C495170,21153,RED SPOTTY TABLECLOTH,-1,2010-01-21 12:45:00,10.65,13148.0,United Kingdom
C495170,21552,CERAMIC BIRDHOUSE BLACK ROSE  LARGE,-1,2010-01-21 12:45:00,5.95,13148.0,United Kingdom
C495170,22191,EAU DE NIL DINER WALL CLOCK,-1,2010-01-21 12:45:00,8.5,13148.0,United Kingdom
C495170,21537,RED RETROSPOT PUDDING BOWL,-1,2010-01-21 12:45:00,4.25,13148.0,United Kingdom
C495172,21692,SILVER LATTICE VANILLA CANDLE POT,-4,2010-01-21 12:51:00,3.75,15885.0,United Kingdom
C495172,72803A,ROSE SCENT CANDLE JEWELLED DRAWER,-1,2010-01-21 12:51:00,4.25,15885.0,United Kingdom
C495173,85099C,JUMBO  BAG BAROQUE BLACK WHITE,-1,2010-01-21 12:55:00,1.95,15805.0,United Kingdom
C495173,79323GR,GREEN CHERRY LIGHTS,-2,2010-01-21 12:55:00,6.75,15805.0,United Kingdom
C495173,79323G,GOLD  CHERRY LIGHTS,-1,2010-01-21 12:55:00,6.75,15805.0,United Kingdom
C495174,72753D,S/3 FLWR FAIRY SUMMER CANDLES,-8,2010-01-21 12:59:00,2.1,13901.0,United Kingdom
C495175,21536,DAIRY MAID  SMALL  MILK JUG,-1,2010-01-21 13:15:00,2.1,14527.0,United Kingdom
C495175,21529,RETRO SPOT CERAMIC TOASTRACK,-1,2010-01-21 13:15:00,3.45,14527.0,United Kingdom
C495175,21530,DAIRY MAID TOASTRACK,-1,2010-01-21 13:15:00,2.95,14527.0,United Kingdom
C495175,85123A,WHITE HANGING HEART T-LIGHT HOLDER,-1,2010-01-21 13:15:00,2.95,14527.0,United Kingdom
C495175,37501,TEA TIME TEA SET IN GIFT BOX,-1,2010-01-21 13:15:00,6.95,14527.0,United Kingdom
C495175,37500,TEA TIME TEAPOT IN GIFT BOX,-1,2010-01-21 13:15:00,8.49,14527.0,United Kingdom
C495175,21527,RED RETROSPOT TRADITIONAL TEAPOT,-2,2010-01-21 13:15:00,6.95,14527.0,United Kingdom
C495175,21258,VICTORIAN SEWING BOX LARGE,-1,2010-01-21 13:15:00,10.95,14527.0,United Kingdom
C495175,21042,RED SPOTTY APRON,-1,2010-01-21 13:15:00,5.95,14527.0,United Kingdom
C495175,47567,ENGLISH ROSE DESIGN KITCHEN APRON,-1,2010-01-21 13:15:00,5.95,14527.0,United Kingdom
C495181,21258,VICTORIAN SEWING BOX LARGE,-1,2010-01-21 13:45:00,12.75,14421.0,United Kingdom
C495186,85042,ANTIQUE LILY FAIRY LIGHTS,-1,2010-01-21 14:30:00,4.25,15311.0,United Kingdom
C495186,21321,GLASS CHALICE BLUE  LARGE,-1,2010-01-21 14:30:00,2.1,15311.0,United Kingdom
C495186,37451,CERAMIC CAKE TEAPOT WITH CHERRY,-1,2010-01-21 14:30:00,4.25,15311.0,United Kingdom
C495186,37447,CERAMIC CAKE DESIGN SPOTTED PLATE,-4,2010-01-21 14:30:00,1.25,15311.0,United Kingdom
C495186,85047,WHITE BEADED GARLAND STRING 20LIGHT,-1,2010-01-21 14:30:00,5.55,15311.0,United Kingdom
C495186,21218,RED SPOTTY BISCUIT TIN,-1,2010-01-21 14:30:00,3.25,15311.0,United Kingdom
C495186,37449,CERAMIC CAKE STAND + HANGING CAKES,-1,2010-01-21 14:30:00,8.5,15311.0,United Kingdom
C495186,37446,MINI CAKE STAND WITH HANGING CAKES,-1,2010-01-21 14:30:00,1.25,15311.0,United Kingdom
C495190,21257,VICTORIAN SEWING BOX MEDIUM,-1,2010-01-21 14:47:00,7.95,14606.0,United Kingdom
C495190,79160,HEART SHAPE WIRELESS DOORBELL,-1,2010-01-21 14:47:00,2.1,14606.0,United Kingdom
C495190,37494A,FAIRY CAKE CERAMIC BUTTER DISH,-1,2010-01-21 14:47:00,2.95,14606.0,United Kingdom
C495231,M,Manual,-1,2010-01-22 09:13:00,756.85,14911.0,EIRE
C495234,M,Manual,-1,2010-01-22 09:39:00,1193.89,14156.0,EIRE
C495281,79320,FLAMINGO LIGHTS,-1,2010-01-22 12:27:00,4.95,16229.0,United Kingdom
C495281,85044,RED REINDEER STRING OF 20 LIGHTS,-1,2010-01-22 12:27:00,4.95,16229.0,United Kingdom
C495281,85042,ANTIQUE LILY FAIRY LIGHTS,-2,2010-01-22 12:27:00,4.95,16229.0,United Kingdom
C495281,85047,WHITE BEADED GARLAND STRING 20LIGHT,-2,2010-01-22 12:27:00,6.35,16229.0,United Kingdom
C495309,79072,TEATIME CAKE TIN WITH HANDLE,-1,2010-01-22 14:16:00,9.95,17243.0,United Kingdom
C495309,21346,LARGE SILVER BALUSTRADE CANDLESTICK,-1,2010-01-22 14:16:00,5.95,17243.0,United Kingdom
C495319,35980C,REDWHITE STRIPE SCANDINAVIAN HEART,-44,2010-01-22 15:09:00,0.38,17888.0,United Kingdom
C495319,21034,REX CASH+CARRY JUMBO SHOPPER,-1,2010-01-22 15:09:00,0.95,17888.0,United Kingdom
C495319,22139,RETRO SPOT TEA SET CERAMIC 11 PC,-1,2010-01-22 15:09:00,4.95,17888.0,United Kingdom
C495319,22223,CAKE PLATE LOVEBIRD PINK,-1,2010-01-22 15:09:00,4.95,17888.0,United Kingdom
C495319,20966,SANDWICH BATH SPONGE,-1,2010-01-22 15:09:00,1.25,17888.0,United Kingdom
C495319,22107,PIZZA PLATE IN BOX,-2,2010-01-22 15:09:00,3.75,17888.0,United Kingdom
C495319,21733,RED HANGING HEART T-LIGHT HOLDER,-3,2010-01-22 15:09:00,2.95,17888.0,United Kingdom
C495319,85175,CACTI T-LIGHT CANDLES,-16,2010-01-22 15:09:00,0.42,17888.0,United Kingdom
C495319,20934,SET/3 POT PLANT CANDLES,-1,2010-01-22 15:09:00,5.45,17888.0,United Kingdom
C495319,17021,NAMASTE SWAGAT INCENSE,-6,2010-01-22 15:09:00,0.3,17888.0,United Kingdom
C495319,20774,GREEN FERN NOTEBOOK,-1,2010-01-22 15:09:00,1.65,17888.0,United Kingdom
C495319,20778,GARDEN PATH NOTEBOOK,-1,2010-01-22 15:09:00,1.65,17888.0,United Kingdom
C495319,20773,BLUE PAISLEY NOTEBOOK,-1,2010-01-22 15:09:00,1.65,17888.0,United Kingdom
C495319,85042,ANTIQUE LILY FAIRY LIGHTS,-6,2010-01-22 15:09:00,4.95,17888.0,United Kingdom
C495319,22326,ROUND SNACK BOXES SET OF4 WOODLAND,-1,2010-01-22 15:09:00,2.95,17888.0,United Kingdom
C495319,22328,ROUND SNACK BOXES SET OF 4 FRUITS,-1,2010-01-22 15:09:00,2.95,17888.0,United Kingdom
C495319,22301,COFFEE MUG CAT + BIRD DESIGN,-1,2010-01-22 15:09:00,2.55,17888.0,United Kingdom
C495319,22244,"HOOK, 3 HANGER ,MAGIC GARDEN",-2,2010-01-22 15:09:00,1.95,17888.0,United Kingdom
C495319,22302,COFFEE MUG PEARS  DESIGN,-1,2010-01-22 15:09:00,2.55,17888.0,United Kingdom
C495319,22303,COFFEE MUG APPLES DESIGN,-1,2010-01-22 15:09:00,2.55,17888.0,United Kingdom
C495319,22300,COFFEE MUG DOG + BALL DESIGN,-1,2010-01-22 15:09:00,2.55,17888.0,United Kingdom
C495319,21082,SET/20 FRUIT SALAD PAPER NAPKINS,-2,2010-01-22 15:09:00,0.85,17888.0,United Kingdom
C495341,82552,WASHROOM METAL SIGN,-4,2010-01-22 17:32:00,1.25,14031.0,United Kingdom
C495368,21623,VINTAGE UNION JACK MEMOBOARD,-1,2010-01-24 12:28:00,9.95,13527.0,United Kingdom
C495373,37410,BLACK AND WHITE PAISLEY FLOWER MUG,-6,2010-01-24 13:00:00,1.25,12748.0,United Kingdom
C495373,22058,CERAMIC LOVE HEARTS DESIGN MUG,-6,2010-01-24 13:00:00,1.49,12748.0,United Kingdom
C495468,79160,HEART SHAPE WIRELESS DOORBELL,-1,2010-01-25 12:10:00,2.1,16795.0,United Kingdom
C495468,22268,EASTER DECORATION SITTING BUNNY,-3,2010-01-25 12:10:00,0.85,16795.0,United Kingdom
C495468,22185,SLATE TILE NATURAL HANGING,-1,2010-01-25 12:10:00,1.65,16795.0,United Kingdom
C495468,85195,HANGING HEART BASKET,-1,2010-01-25 12:10:00,2.1,16795.0,United Kingdom
C495502,21539,RED RETROSPOT BUTTER DISH,-1,2010-01-25 12:35:00,4.95,12644.0,Germany
C495502,85093,CANDY SPOT EGG WARMER HARE,-3,2010-01-25 12:35:00,1.25,12644.0,Germany
C495502,22251,BIRDHOUSE DECORATION MAGIC GARDEN,-3,2010-01-25 12:35:00,1.25,12644.0,Germany
C495502,22232,JIGSAW TOADSTOOLS 3 PIECE,-1,2010-01-25 12:35:00,1.65,12644.0,Germany
C495502,22230,JIGSAW TREE WITH WATERING CAN,-4,2010-01-25 12:35:00,0.85,12644.0,Germany
C495502,21652,GLASS ETCHED T-LIGHT HOLDER MEDIUM,-3,2010-01-25 12:35:00,1.95,12644.0,Germany
C495502,21717,EASTER TIN BUCKET,-1,2010-01-25 12:35:00,2.55,12644.0,Germany
C495502,47367B,PAIR PADDED HANGERS PINK CHECK,-1,2010-01-25 12:35:00,3.75,12644.0,Germany
C495502,22202,MILK PAN PINK RETROSPOT,-2,2010-01-25 12:35:00,3.75,12644.0,Germany
C495502,22215,CAKE STAND WHITE TWO TIER LACE,-2,2010-01-25 12:35:00,8.5,12644.0,Germany
C495502,22218,CAKE STAND LACE WHITE,-1,2010-01-25 12:35:00,4.25,12644.0,Germany
C495511,20779,PINK EAR MUFF HEADPHONES,-1,2010-01-25 14:04:00,5.49,17841.0,United Kingdom
C495516,35004S,SET OF 3 SILVER FLYING DUCKS,-1,2010-01-25 14:26:00,6.35,13564.0,United Kingdom
C495516,21663,VINTAGE GLASS SUGAR CADDY,-1,2010-01-25 14:26:00,5.95,13564.0,United Kingdom
C495516,72739C,DARK CHOCOLATE SCENTCANDLE,-13,2010-01-25 14:26:00,1.25,13564.0,United Kingdom
C495516,20753,RETRO PINK SPOT WASHING UP GLOVES,-2,2010-01-25 14:26:00,2.1,13564.0,United Kingdom
C495516,20752,RETRO BLUE SPOTTY WASHING UP GLOVES,-1,2010-01-25 14:26:00,2.1,13564.0,United Kingdom
C495516,20851,ZINC HEART LATTICE TRAY OVAL,-2,2010-01-25 14:26:00,5.95,13564.0,United Kingdom
C495525,22177,5 HOOK BLACKBOARD ORGANISER,-1,2010-01-25 14:37:00,9.95,14606.0,United Kingdom
C495525,85135A,YELLOW DRAGONFLY HELICOPTER,-1,2010-01-25 14:37:00,7.95,14606.0,United Kingdom
C495528,85042,ANTIQUE LILY FAIRY LIGHTS,-1,2010-01-25 15:00:00,4.95,17610.0,United Kingdom
C495528,22203,MILK PAN RED RETROSPOT,-1,2010-01-25 15:00:00,3.75,17610.0,United Kingdom
C495552,M,Manual,-144,2010-01-25 16:22:00,0.35,13206.0,United Kingdom
C495552,M,Manual,-132,2010-01-25 16:22:00,0.35,13206.0,United Kingdom
C495579,M,Manual,-1,2010-01-26 09:52:00,4.93,12600.0,Germany
C495582,79323P,PINK CHERRY LIGHTS,-1,2010-01-26 10:09:00,6.75,16719.0,United Kingdom
C495582,79323LP,LIGHT PINK CHERRY LIGHTS,-1,2010-01-26 10:09:00,6.75,16719.0,United Kingdom
C495582,79323W,WHITE CHERRY LIGHTS,-1,2010-01-26 10:09:00,6.75,16719.0,United Kingdom
C495585,84347,ROTATING SILVER ANGELS T-LIGHT HLDR,-3,2010-01-26 10:17:00,1.25,18223.0,United Kingdom
C495585,79323W,WHITE CHERRY LIGHTS,-2,2010-01-26 10:17:00,5.45,18223.0,United Kingdom
C495585,79323P,PINK CHERRY LIGHTS,-2,2010-01-26 10:17:00,5.45,18223.0,United Kingdom
C495585,22064,PINK DOUGHNUT TRINKET POT,-4,2010-01-26 10:17:00,1.65,18223.0,United Kingdom
C495585,22197,SMALL POPCORN HOLDER,-2,2010-01-26 10:17:00,0.85,18223.0,United Kingdom
C495585,22198,LARGE POPCORN HOLDER,-2,2010-01-26 10:17:00,1.65,18223.0,United Kingdom
C495585,21231,SWEETHEART CERAMIC TRINKET BOX,-2,2010-01-26 10:17:00,1.25,18223.0,United Kingdom
C495585,21232,STRAWBERRY CERAMIC TRINKET BOX,-3,2010-01-26 10:17:00,1.06,18223.0,United Kingdom
C495585,22064,PINK DOUGHNUT TRINKET POT,-1,2010-01-26 10:17:00,1.65,18223.0,United Kingdom
C495585,85099F,JUMBO BAG STRAWBERRY,-1,2010-01-26 10:17:00,1.95,18223.0,United Kingdom
C495585,21626,VINTAGE UNION JACK PENNANT,-1,2010-01-26 10:17:00,1.95,18223.0,United Kingdom
C495586,79321,CHILLI LIGHTS,-2,2010-01-26 10:18:00,4.25,16353.0,United Kingdom
C495587,85067,CREAM SWEETHEART WALL CABINET,-1,2010-01-26 10:19:00,18.95,15046.0,United Kingdom
C495632,75049L,LARGE CIRCULAR MIRROR MOBILE,-5,2010-01-26 10:47:00,0.85,15218.0,United Kingdom
C495632,85048,15CM CHRISTMAS GLASS BALL 20 LIGHTS,-1,2010-01-26 10:47:00,6.95,15218.0,United Kingdom
C495635,79341,WILLOW BRANCH LIGHTS.,-6,2010-01-26 10:54:00,6.75,15950.0,United Kingdom
C495679,78056,CAMOUFLAGE BACKPACK ON WHEELS,-1,2010-01-26 11:38:00,8.5,17353.0,United Kingdom
C495685,21539,RED RETROSPOT BUTTER DISH,-1,2010-01-26 12:04:00,4.95,14527.0,United Kingdom
C495685,85136B,BLUE SHARK HELICOPTER,-1,2010-01-26 12:04:00,7.95,14527.0,United Kingdom
C495697,21539,RED RETROSPOT BUTTER DISH,-2,2010-01-26 12:29:00,4.95,14527.0,United Kingdom
C495697,21259,VICTORIAN SEWING BOX SMALL,-2,2010-01-26 12:29:00,5.95,14527.0,United Kingdom
C495697,21340,CLASSIC METAL BIRDCAGE PLANT HOLDER,-8,2010-01-26 12:29:00,9.95,14527.0,United Kingdom
C495697,21238,RED SPOTTY CUP,-8,2010-01-26 12:29:00,0.85,14527.0,United Kingdom
C495697,21239,PINK  SPOTTY CUP,-8,2010-01-26 12:29:00,0.85,14527.0,United Kingdom
C495697,47562,ENGLISH ROSE IRONING BOARD COVER,-3,2010-01-26 12:29:00,3.75,14527.0,United Kingdom
C495705,22127,PARTY CONES CARNIVAL ASSORTED,-36,2010-01-26 13:01:00,1.25,15518.0,United Kingdom
C495714,71477,COLOUR GLASS. STAR T-LIGHT HOLDER,-12,2010-01-26 13:53:00,3.25,14194.0,United Kingdom
C495723,85167A,WHITE GRAND BAROQUE PHOTO FRAME,-27,2010-01-26 14:56:00,3.0,14037.0,United Kingdom
C495737,ADJUST,Adjustment by john on 26/01/2010 16,-1,2010-01-26 16:23:00,10.5,16154.0,United Kingdom
C495740,ADJUST,Adjustment by john on 26/01/2010 16,-1,2010-01-26 16:24:00,14.0,13054.0,United Kingdom
C495738,ADJUST,Adjustment by john on 26/01/2010 16,-1,2010-01-26 16:24:00,26.25,12454.0,Spain
C495739,ADJUST,Adjustment by john on 26/01/2010 16,-1,2010-01-26 16:24:00,10.5,15383.0,United Kingdom
C495744,ADJUST,Adjustment by john on 26/01/2010 16,-1,2010-01-26 16:25:00,91.89,12706.0,Finland
C495741,ADJUST,Adjustment by john on 26/01/2010 16,-1,2010-01-26 16:25:00,13.14,16840.0,United Kingdom
C495743,ADJUST,Adjustment by john on 26/01/2010 16,-1,2010-01-26 16:25:00,18.38,12382.0,Netherlands
C495751,ADJUST,Adjustment by john on 26/01/2010 16,-1,2010-01-26 16:28:00,26.19,12858.0,United Kingdom
C495757,ADJUST,Adjustment by john on 26/01/2010 16,-1,2010-01-26 16:30:00,10.49,16575.0,United Kingdom
C495759,ADJUST,Adjustment by john on 26/01/2010 16,-1,2010-01-26 16:31:00,15.75,12647.0,Germany
C495761,ADJUST,Adjustment by john on 26/01/2010 16,-1,2010-01-26 16:31:00,13.14,13664.0,United Kingdom
C495762,ADJUST,Adjustment by john on 26/01/2010 16,-1,2010-01-26 16:32:00,125.78,14285.0,United Kingdom
C495764,ADJUST,Adjustment by john on 26/01/2010 16,-1,2010-01-26 16:35:00,13.13,12792.0,Portugal
C495767,ADJUST,Adjustment by john on 26/01/2010 16,-1,2010-01-26 16:39:00,50.76,12696.0,Finland
C495769,ADJUST,Adjustment by john on 26/01/2010 16,-1,2010-01-26 16:47:00,18.38,17130.0,United Kingdom
C495770,ADJUST,Adjustment by john on 26/01/2010 16,-1,2010-01-26 16:49:00,36.75,15357.0,Unspecified
C495771,ADJUST,Adjustment by john on 26/01/2010 16,-1,2010-01-26 16:51:00,13.12,13776.0,United Kingdom
C495772,ADJUST,Adjustment by john on 26/01/2010 16,-1,2010-01-26 16:55:00,22.95,12600.0,Germany
C495775,M,Manual,-16,2010-01-26 16:59:00,2.5,13528.0,United Kingdom
C495778,ADJUST,Adjustment by john on 26/01/2010 16,-1,2010-01-26 17:07:00,10.51,15266.0,United Kingdom
C495779,ADJUST,Adjustment by john on 26/01/2010 16,-1,2010-01-26 17:08:00,15.74,16168.0,United Kingdom
C495785,ADJUST,Adjustment by john on 26/01/2010 16,-1,2010-01-26 17:12:00,23.63,13468.0,United Kingdom
C495789,ADJUST,Adjustment by john on 26/01/2010 16,-1,2010-01-26 17:17:00,503.19,,United Kingdom
C495790,ADJUST,Adjustment by john on 26/01/2010 16,-1,2010-01-26 17:18:00,21.85,13136.0,United Kingdom
C495793,ADJUST,Adjustment by john on 26/01/2010 16,-1,2010-01-26 17:21:00,36.75,12497.0,Germany
C495796,ADJUST,Adjustment by john on 26/01/2010 16,-1,2010-01-26 17:24:00,15.76,14358.0,United Kingdom
C495797,ADJUST,Adjustment by john on 26/01/2010 16,-1,2010-01-26 17:25:00,10.51,12826.0,United Kingdom
C495800,ADJUST,Adjustment by john on 26/01/2010 16,-1,2010-01-26 17:27:00,103.5,12346.0,United Kingdom
C495803,ADJUST,Adjustment by john on 26/01/2010 16,-1,2010-01-26 17:29:00,59.1,,EIRE
C495813,20932,PINK POT PLANT CANDLE,-2,2010-01-27 10:19:00,3.75,14640.0,United Kingdom
C495813,21185,HOME SWEET HOME  BLACKBOARD,-3,2010-01-27 10:19:00,6.35,14640.0,United Kingdom
C495813,37379A,PINK CHERRY BLOSSOM CUP & SAUCER,-1,2010-01-27 10:19:00,1.25,14640.0,United Kingdom
C495814,84625B,BLCK NEW BAROQUE CANDLESTICK CANDLE,-12,2010-01-27 10:21:00,0.85,14137.0,United Kingdom
C495814,84625A,PINK NEW BAROQUECANDLESTICK CANDLE,-20,2010-01-27 10:21:00,0.85,14137.0,United Kingdom
C495814,85118,HEART T-LIGHT HOLDER,-30,2010-01-27 10:21:00,0.38,14137.0,United Kingdom
C495873,82484,WOOD BLACK BOARD ANT WHITE FINISH,-1,2010-01-27 11:12:00,5.55,13590.0,United Kingdom
C495873,21232,STRAWBERRY CERAMIC TRINKET BOX,-1,2010-01-27 11:12:00,1.25,13590.0,United Kingdom
C495881,37449,CERAMIC CAKE STAND + HANGING CAKES,-2,2010-01-27 11:44:00,8.5,15638.0,United Kingdom
C495911,D,Discount,-1,2010-01-27 12:48:00,19.88,15911.0,United Kingdom
C495914,84680,CLASSICAL ROSE URN,-2,2010-01-27 13:10:00,7.95,15885.0,United Kingdom
C495922,POST,POSTAGE,-1,2010-01-27 14:09:00,5.15,,United Kingdom
C495922,46775D,SUNSET COLOUR CHUNKY KNITTED THROW,-1,2010-01-27 14:09:00,14.38,,United Kingdom
C495923,22254,FELT TOADSTOOL LARGE,-12,2010-01-27 14:26:00,1.25,14032.0,United Kingdom
C495924,79323GR,GREEN CHERRY LIGHTS,-1,2010-01-27 14:37:00,6.75,18223.0,United Kingdom
C495930,82483,WOOD 2 DRAWER CABINET WHITE FINISH,-1,2010-01-27 15:23:00,5.95,15719.0,United Kingdom
C495931,22300,COFFEE MUG DOG + BALL DESIGN,-1,2010-01-27 15:25:00,2.55,13008.0,United Kingdom
C495932,22203,MILK PAN RED RETROSPOT,-1,2010-01-27 15:26:00,3.75,12857.0,United Kingdom
C495933,37494A,FAIRY CAKE CERAMIC BUTTER DISH,-2,2010-01-27 15:27:00,2.95,18268.0,United Kingdom
C495933,37447,CERAMIC CAKE DESIGN SPOTTED PLATE,-4,2010-01-27 15:27:00,1.49,18268.0,United Kingdom
C495933,22064,PINK DOUGHNUT TRINKET POT,-1,2010-01-27 15:27:00,1.65,18268.0,United Kingdom
C495934,82607A,GLASS BONBON JAR PARFUME AUX FLEURE,-1,2010-01-27 15:31:00,1.25,15682.0,United Kingdom
C495943,85135A,YELLOW DRAGONFLY HELICOPTER,-1,2010-01-27 16:14:00,7.95,14606.0,United Kingdom
C495943,21351,CINAMMON & ORANGE WREATH,-1,2010-01-27 16:14:00,6.75,14606.0,United Kingdom
C495944,85047,WHITE BEADED GARLAND STRING 20LIGHT,-1,2010-01-27 16:19:00,5.55,13758.0,United Kingdom
C495944,85043,RED HEART CANDY POP LIGHTS,-1,2010-01-27 16:19:00,4.95,13758.0,United Kingdom
C495944,22203,MILK PAN RED RETROSPOT,-1,2010-01-27 16:19:00,3.75,13758.0,United Kingdom
C495959,21308,LOUVRE VANITY MIRROR,-2,2010-01-28 10:01:00,7.95,14442.0,Channel Islands
C495961,D,Discount,-150,2010-01-28 10:08:00,0.55,17949.0,United Kingdom
C495964,22255,FELT TOADSTOOL  SMALL,-4,2010-01-28 10:43:00,0.85,12531.0,Germany
C495964,22138,BAKING SET 9 PIECE RETROSPOT,-3,2010-01-28 10:43:00,4.95,12531.0,Germany
C495964,22254,FELT TOADSTOOL LARGE,-5,2010-01-28 10:43:00,1.25,12531.0,Germany
C495964,85059,FRENCH ENAMEL WATER BASIN,-1,2010-01-28 10:43:00,3.75,12531.0,Germany
C495964,21537,RED RETROSPOT PUDDING BOWL,-1,2010-01-28 10:43:00,4.25,12531.0,Germany
C495964,22232,JIGSAW TOADSTOOLS 3 PIECE,-1,2010-01-28 10:43:00,1.65,12531.0,Germany
495996,22168,ORGANISER WOOD ANTIQUE WHITE,-243,2010-01-28 11:41:00,0.0,,United Kingdom
C495999,22168,ORGANISER WOOD ANTIQUE WHITE,-1,2010-01-28 11:53:00,8.5,,United Kingdom
C495999,21768,WALL MOUNTED VINTAGE ORGANISER,-1,2010-01-28 11:53:00,14.95,,United Kingdom
C496000,22285,"DECORATION HEN ON NEST, HANGING",-12,2010-01-28 12:01:00,1.65,16634.0,United Kingdom
C496000,22284,HEN HOUSE DECORATION,-12,2010-01-28 12:01:00,1.65,16634.0,United Kingdom
C496000,22269,EGG CUP NATURAL CHICKEN,-8,2010-01-28 12:01:00,1.25,16634.0,United Kingdom
C496000,22257,FELT FARM ANIMAL SHEEP,-12,2010-01-28 12:01:00,1.25,16634.0,United Kingdom
C496000,22256,FELT FARM ANIMAL CHICKEN,-12,2010-01-28 12:01:00,1.25,16634.0,United Kingdom
C496000,22227,"DECORATION, HANGING HEART+MIRROR",-24,2010-01-28 12:01:00,0.65,16634.0,United Kingdom
C496000,21437,24 HANGING EASTER EGGS FLORAL TUB,-4,2010-01-28 12:01:00,3.75,16634.0,United Kingdom
C496000,84818,DANISH ROSE PHOTO FRAME,-6,2010-01-28 12:01:00,2.55,16634.0,United Kingdom
C496000,47583A,SET OF 3 WICKER BASKET ROSE,-1,2010-01-28 12:01:00,24.95,16634.0,United Kingdom
C496000,22217,T-LIGHT HOLDER HANGING LACE,-12,2010-01-28 12:01:00,1.25,16634.0,United Kingdom
C496000,85123A,WHITE HANGING HEART T-LIGHT HOLDER,-6,2010-01-28 12:01:00,2.95,16634.0,United Kingdom
C496000,84970S,HANGING HEART ZINC T-LIGHT HOLDER,-12,2010-01-28 12:01:00,0.85,16634.0,United Kingdom
C496000,85119,WATERING CAN SINGLE HOOK PISTACHIO,-8,2010-01-28 12:01:00,1.69,16634.0,United Kingdom
C496000,85129A,"WHITE PEARL BEADED HEART, SMALL",-12,2010-01-28 12:01:00,1.25,16634.0,United Kingdom
C496000,85202,HANGING WOOD AND FELT HEART,-24,2010-01-28 12:01:00,0.42,16634.0,United Kingdom
C496000,85065,CREAM SWEETHEART TRAYS,-1,2010-01-28 12:01:00,12.75,16634.0,United Kingdom
C496000,84791,GINGHAM HEART DECORATION,-6,2010-01-28 12:01:00,2.95,16634.0,United Kingdom
C496000,48194,DOORMAT HEARTS,-2,2010-01-28 12:01:00,6.75,16634.0,United Kingdom
C496000,18096C,WHITE ROUND PORCELAIN TLIGHT HOLDER,-6,2010-01-28 12:01:00,2.55,16634.0,United Kingdom
C496000,85053,FRENCH ENAMEL CANDLEHOLDER,-6,2010-01-28 12:01:00,2.1,16634.0,United Kingdom
C496001,79323LP,LIGHT PINK CHERRY LIGHTS,-1,2010-01-28 12:05:00,6.75,13820.0,United Kingdom
C496001,79323GR,GREEN CHERRY LIGHTS,-1,2010-01-28 12:05:00,6.75,13820.0,United Kingdom
496006,84641,damages,-51,2010-01-28 12:30:00,0.0,,United Kingdom
C496009,D,Discount,-1,2010-01-28 12:41:00,28.5,17841.0,United Kingdom
C496015,21843,RED RETROSPOT CAKE STAND,-1,2010-01-28 13:16:00,10.95,12703.0,Germany
C496015,22303,COFFEE MUG APPLES DESIGN,-1,2010-01-28 13:16:00,2.55,12703.0,Germany
C496016,21232,STRAWBERRY CERAMIC TRINKET BOX,-2,2010-01-28 13:16:00,1.25,12835.0,United Kingdom
C496016,21844,RED RETROSPOT MUG,-1,2010-01-28 13:16:00,2.95,12835.0,United Kingdom
C496021,85232A,SET/3 POLKA DOT STACKING TINS,-1,2010-01-28 13:48:00,4.95,16481.0,United Kingdom
C496021,85183A,CHARLIE & LOLA WASTEPAPER BIN BLUE,-4,2010-01-28 13:48:00,1.25,16481.0,United Kingdom
C496025,21478,SILVER SKULL HOT WATER BOTTLE,-1,2010-01-28 14:12:00,3.75,,United Kingdom
C496035,21477,STRING OF 20 ROSE LIGHTS,-1,2010-01-28 14:25:00,12.75,17115.0,United Kingdom
C496035,15056N,EDWARDIAN PARASOL NATURAL,-1,2010-01-28 14:25:00,5.95,17115.0,United Kingdom
C496055,22301,COFFEE MUG CAT + BIRD DESIGN,-1,2010-01-28 14:44:00,2.55,12471.0,Germany
C496071,72802A,ROSE SCENT CANDLE IN JEWELLED BOX,-12,2010-01-28 16:43:00,3.81,16262.0,United Kingdom
C496084,82494L,WOODEN FRAME ANTIQUE WHITE,-1,2010-01-28 18:15:00,2.95,17460.0,United Kingdom
C496084,22224,WHITE LOVEBIRD LANTERN,-1,2010-01-28 18:15:00,2.95,17460.0,United Kingdom
C496084,85123A,WHITE HANGING HEART T-LIGHT HOLDER,-1,2010-01-28 18:15:00,2.95,17460.0,United Kingdom
C496084,22073,RED RETROSPOT STORAGE JAR,-1,2010-01-28 18:15:00,3.75,17460.0,United Kingdom
C496084,37448,CERAMIC CAKE DESIGN SPOTTED MUG,-1,2010-01-28 18:15:00,1.49,17460.0,United Kingdom
C496087,85232B,SET/3 RUSSIAN DOLL STACKING TINS,-1,2010-01-28 19:44:00,4.95,15861.0,United Kingdom
C496087,82613A,"METAL SIGN,CUPCAKE SINGLE HOOK",-1,2010-01-28 19:44:00,1.25,15861.0,United Kingdom
C496087,84971S,SMALL HEART FLOWERS HOOK,-1,2010-01-28 19:44:00,0.85,15861.0,United Kingdom
C496087,22138,BAKING SET 9 PIECE RETROSPOT,-1,2010-01-28 19:44:00,4.95,15861.0,United Kingdom
C496114,M,Manual,-1,2010-01-29 10:55:00,24.6,17949.0,United Kingdom
C496116,M,Manual,-1,2010-01-29 11:05:00,8985.6,17949.0,United Kingdom
C496118,M,Manual,-1,2010-01-29 11:06:00,1065.54,17940.0,United Kingdom
C496123,M,Manual,-3,2010-01-29 11:07:00,55.01,17943.0,United Kingdom
C496202,90062,CARNIVAL BRACELET,-1,2010-01-29 12:39:00,12.75,15898.0,United Kingdom
C496218,22061,LARGE CAKE STAND  HANGING STRAWBERY,-1,2010-01-29 13:48:00,9.95,16523.0,United Kingdom
C496219,22147,FELTCRAFT BUTTERFLY HEARTS,-12,2010-01-29 13:52:00,1.45,13004.0,United Kingdom
C496219,22149,FELTCRAFT 6 FLOWER FRIENDS,-6,2010-01-29 13:52:00,2.1,13004.0,United Kingdom
C496219,84536B,FAIRY CAKES NOTEBOOK A7 SIZE,-4,2010-01-29 13:52:00,0.42,13004.0,United Kingdom
C496219,82613C,"METAL SIGN,CUPCAKE SINGLE HOOK",-2,2010-01-29 13:52:00,1.25,13004.0,United Kingdom
C496219,84249D,FAIRY CAKE GREETINGS CARD,-12,2010-01-29 13:52:00,0.42,13004.0,United Kingdom
C496219,37495,FAIRY CAKE BIRTHDAY CANDLE SET,-4,2010-01-29 13:52:00,3.75,13004.0,United Kingdom
C496223,21730,GLASS STAR FROSTED T-LIGHT HOLDER,-2,2010-01-29 13:55:00,4.95,14755.0,United Kingdom
C496224,21735,TWO DOOR CURIO CABINET,-1,2010-01-29 13:57:00,12.75,12949.0,United Kingdom
C496224,37370,RETRO COFFEE MUGS ASSORTED,-2,2010-01-29 13:57:00,1.25,12949.0,United Kingdom
C496225,21644,ASSORTED TUTTI FRUTTI HEART BOX,-3,2010-01-29 14:02:00,1.25,17706.0,United Kingdom
C496225,21528,DAIRY MAID TRADITIONAL TEAPOT,-1,2010-01-29 14:02:00,6.95,17706.0,United Kingdom
C496225,21540,DAIRY MAID CERAMIC BUTTER DISH,-1,2010-01-29 14:02:00,4.25,17706.0,United Kingdom
C496225,21539,RED RETROSPOT BUTTER DISH,-1,2010-01-29 14:02:00,4.95,17706.0,United Kingdom
C496226,21477,STRING OF 20 ROSE LIGHTS,-1,2010-01-29 14:05:00,12.75,13455.0,United Kingdom
C496226,82483,WOOD 2 DRAWER CABINET WHITE FINISH,-1,2010-01-29 14:05:00,5.95,13455.0,United Kingdom
C496226,85035A,GARDENIA 3 WICK MORRIS BOXED CANDLE,-1,2010-01-29 14:05:00,4.25,13455.0,United Kingdom
C496226,72807A,SET/3 ROSE CANDLE IN JEWELLED BOX,-1,2010-01-29 14:05:00,4.25,13455.0,United Kingdom
C496227,21317,GLASS SPHERE CANDLE STAND MEDIUM,-1,2010-01-29 14:08:00,5.45,16705.0,United Kingdom
C496228,82613A,"METAL SIGN,CUPCAKE SINGLE HOOK",-1,2010-01-29 14:11:00,1.25,17706.0,United Kingdom
C496228,21658,GLASS  BEURRE DISH,-1,2010-01-29 14:11:00,3.95,17706.0,United Kingdom
C496229,22078,RIBBON REEL LACE DESIGN,-7,2010-01-29 14:12:00,2.1,16434.0,United Kingdom
C496231,22138,BAKING SET 9 PIECE RETROSPOT,-1,2010-01-29 14:15:00,4.95,15759.0,United Kingdom
C496234,22054,MINI CAKE STAND HANGING HEARTS,-4,2010-01-29 14:35:00,1.65,12905.0,United Kingdom
C496240,20730,STRAWBERRY CANDY BAG,-10,2010-01-29 14:45:00,1.25,14460.0,United Kingdom
C496240,20981,12 PENCILS TALL TUBE WOODLAND,-24,2010-01-29 14:45:00,0.85,14460.0,United Kingdom
C496241,85048,15CM CHRISTMAS GLASS BALL 20 LIGHTS,-3,2010-01-29 14:48:00,6.95,15182.0,United Kingdom
C496242,85118,HEART T-LIGHT HOLDER,-26,2010-01-29 14:51:00,0.38,13557.0,United Kingdom
C496243,85123A,WHITE HANGING HEART T-LIGHT HOLDER,-2,2010-01-29 14:53:00,2.55,18065.0,United Kingdom
C496244,90010B,BLACK/WHITE GLASS/SILVER BRACELET,-1,2010-01-29 14:54:00,8.95,14949.0,United Kingdom
C496244,21232,STRAWBERRY CERAMIC TRINKET BOX,-3,2010-01-29 14:54:00,1.25,14949.0,United Kingdom
C496269,M,Manual,-1,2010-01-29 16:39:00,244.77,17940.0,United Kingdom
C496287,79323W,WHITE CHERRY LIGHTS,-11,2010-01-29 17:03:00,5.45,17603.0,United Kingdom
C496287,79323LP,LIGHT PINK CHERRY LIGHTS,-6,2010-01-29 17:03:00,5.45,17603.0,United Kingdom
C496287,79323P,PINK CHERRY LIGHTS,-2,2010-01-29 17:03:00,5.45,17603.0,United Kingdom
C496289,85063,CREAM SWEETHEART MAGAZINE RACK,-1,2010-01-29 17:27:00,16.95,,United Kingdom
C496289,46775D,SUNSET COLOUR CHUNKY KNITTED THROW,-1,2010-01-29 17:27:00,16.95,,United Kingdom
C496289,POST,POSTAGE,-1,2010-01-29 17:27:00,9.58,,United Kingdom
C496289,46776D,WOVEN SUNSET CUSHION COVER,-1,2010-01-29 17:27:00,11.93,,United Kingdom
C496295,82486,WOOD S/3 CABINET ANT WHITE FINISH,-1,2010-01-31 10:19:00,7.95,17243.0,United Kingdom
C496312,21763,VINTAGE WOODEN BAR STOOL,-2,2010-01-31 12:14:00,25.95,13190.0,United Kingdom
C496314,22330,72 ROUND PINK DOILIES,-12,2010-01-31 12:15:00,1.45,17677.0,United Kingdom
C496314,21217,RED SPOTTY ROUND CAKE TINS,-12,2010-01-31 12:15:00,8.95,17677.0,United Kingdom
C496320,21335,LIBRARY LAMP,-1,2010-01-31 12:36:00,21.95,15751.0,United Kingdom
C496320,85048,15CM CHRISTMAS GLASS BALL 20 LIGHTS,-1,2010-01-31 12:36:00,7.95,15751.0,United Kingdom
C496328,POST,POSTAGE,-1,2010-01-31 13:32:00,40.0,12483.0,Sweden
C496358,POST,POSTAGE,-2,2010-02-01 10:12:00,28.0,12540.0,Spain
C496360,20679,EDWARDIAN PARASOL RED,-1,2010-02-01 10:19:00,5.95,17969.0,United Kingdom
C496362,84466,TOP SECRET PEN SET,-1,2010-02-01 10:22:00,1.25,17365.0,United Kingdom
C496362,35400,WOODEN BOX ADVENT CALENDAR,-2,2010-02-01 10:22:00,8.95,17365.0,United Kingdom
496364,84879,ASSORTED COLOUR BIRD ORNAMENT,-441,2010-02-01 11:15:00,0.0,,United Kingdom
C496384,22171,3 HOOK PHOTO SHELF ANTIQUE WHITE,-1,2010-02-01 11:44:00,8.5,17841.0,United Kingdom
C496437,21527,RED RETROSPOT TRADITIONAL TEAPOT,-2,2010-02-01 12:43:00,7.95,13074.0,United Kingdom
C496468,M,Manual,-1,2010-02-01 15:18:00,818.19,15480.0,Malta
C496472,20822,SILVER WINE GOBLET,-2,2010-02-01 15:35:00,4.65,17905.0,United Kingdom
C496483,22185,SLATE TILE NATURAL HANGING,-1,2010-02-01 16:58:00,1.65,17465.0,United Kingdom
C496484,21833,CAMOUFLAGE LED TORCH,-3,2010-02-01 17:00:00,1.69,15882.0,United Kingdom
C496492,85023B,EAU DE NILE JEWELLED PHOTOFRAME,-1,2010-02-02 08:39:00,2.55,18199.0,United Kingdom
C496494,85189,HANGING BUTTERFLY  EGG,-3,2010-02-02 08:42:00,0.85,15222.0,United Kingdom
C496494,35968,FOLK ART METAL HEART T-LIGHT HOLDER,-22,2010-02-02 08:42:00,0.38,15222.0,United Kingdom
C496494,21931,JUMBO STORAGE BAG SUKI,-1,2010-02-02 08:42:00,1.95,15222.0,United Kingdom
C496494,21389,IVORY HANGING DECORATION  BIRD,-1,2010-02-02 08:42:00,0.85,15222.0,United Kingdom
C496494,85194L,HANGING SPRING FLOWER EGG LARGE,-3,2010-02-02 08:42:00,0.85,15222.0,United Kingdom
C496495,22227,"DECORATION, HANGING HEART+MIRROR",-2,2010-02-02 08:44:00,0.65,13584.0,United Kingdom
C496497,21844,RED RETROSPOT MUG,-1,2010-02-02 08:48:00,2.95,15296.0,United Kingdom
C496497,21843,RED RETROSPOT CAKE STAND,-1,2010-02-02 08:48:00,10.95,15296.0,United Kingdom
C496497,84279B,CHERRY BLOSSOM DECORATIVE FLASK,-1,2010-02-02 08:48:00,3.75,15296.0,United Kingdom
C496498,21629,SQUARE FLOOR CUSHION VINTAGE RED,-1,2010-02-02 08:50:00,7.95,15179.0,United Kingdom
C496501,21314,SMALL GLASS HEART TRINKET POT,-1,2010-02-02 08:57:00,2.1,14625.0,United Kingdom
C496511,22192,BLUE DINER WALL CLOCK,-1,2010-02-02 11:10:00,8.5,13975.0,United Kingdom
C496515,D,Discount,-1,2010-02-02 11:58:00,13.0,17377.0,United Kingdom
C496550,82486,WOOD S/3 CABINET ANT WHITE FINISH,-1,2010-02-02 13:10:00,7.95,17165.0,United Kingdom
C496583,21700,BIG DOUGHNUT FRIDGE MAGNETS,-1,2010-02-02 13:57:00,0.85,12471.0,Germany
C496586,M,Manual,-1,2010-02-02 14:20:00,608.5,14911.0,EIRE
C496598,POST,POSTAGE,-1,2010-02-02 16:18:00,5.0,16454.0,United Kingdom
C496610,20754,RETRO RED SPOTTY WASHING UP GLOVES,-1,2010-02-02 16:47:00,2.1,17092.0,United Kingdom
C496621,21935,SUKI  SHOULDER BAG,-20,2010-02-03 09:16:00,1.65,12510.0,Spain
C496630,22244,"HOOK, 3 HANGER ,MAGIC GARDEN",-12,2010-02-03 10:35:00,1.95,12647.0,Germany
C496630,22243,"HOOK, 5 HANGER ,MAGIC TOADSTOOL RED",-12,2010-02-03 10:35:00,1.65,12647.0,Germany
C496687,21733,RED HANGING HEART T-LIGHT HOLDER,-1,2010-02-03 13:08:00,2.55,14399.0,United Kingdom
C496687,85123A,WHITE HANGING HEART T-LIGHT HOLDER,-1,2010-02-03 13:08:00,2.55,14399.0,United Kingdom
C496687,22342,HOME GARLAND PAINTED ZINC,-6,2010-02-03 13:08:00,1.65,14399.0,United Kingdom
C496727,21843,RED RETROSPOT CAKE STAND,-1,2010-02-03 14:22:00,10.95,15785.0,United Kingdom
C496727,22057,CERAMIC PLATE STRAWBERRY DESIGN,-1,2010-02-03 14:22:00,1.49,15785.0,United Kingdom
C496727,22055,MINI CAKE STAND  HANGING STRAWBERY,-3,2010-02-03 14:22:00,1.65,15785.0,United Kingdom
C496727,22061,LARGE CAKE STAND  HANGING STRAWBERY,-1,2010-02-03 14:22:00,9.95,15785.0,United Kingdom
C496735,85042,ANTIQUE LILY FAIRY LIGHTS,-1,2010-02-03 14:26:00,4.25,13319.0,United Kingdom
C496739,22236,CAKE STAND 3 TIER MAGIC GARDEN,-1,2010-02-03 14:27:00,12.75,13478.0,United Kingdom
C496743,22266,EASTER DECORATION HANGING BUNNY,-6,2010-02-03 14:30:00,0.65,13192.0,United Kingdom
C496743,22269,EGG CUP NATURAL CHICKEN,-2,2010-02-03 14:30:00,1.25,13192.0,United Kingdom
C496805,22138,BAKING SET 9 PIECE RETROSPOT,-2,2010-02-04 09:39:00,4.95,,United Kingdom
C496819,47421,ASSORTED COLOUR LIZARD SUCTION HOOK,-16,2010-02-04 10:28:00,0.42,,United Kingdom
496950,16168S,FUNKY MONKEY GIFT BAG SMALL,-460,2010-02-04 18:45:00,0.0,,United Kingdom
C497003,21217,RED SPOTTY ROUND CAKE TINS,-2,2010-02-05 12:00:00,9.95,15465.0,United Kingdom
C497008,POST,POSTAGE,-1,2010-02-05 12:33:00,0.61,,United Kingdom
C497008,90065A,WHITE VINTAGE CRYSTAL BRACELET,-1,2010-02-05 12:33:00,7.22,,United Kingdom
C497022,22095,LADS ONLY TISSUE BOX,-3,2010-02-05 12:48:00,1.25,15137.0,United Kingdom
C497023,72821,CUPID SCENTED CANDLE IN GLASS,-3,2010-02-05 12:52:00,1.65,16067.0,United Kingdom
C497023,85232D,SET/3 DECOUPAGE STACKING TINS,-2,2010-02-05 12:52:00,4.95,16067.0,United Kingdom
C497026,21320,GLASS CHALICE GREEN  LARGE,-1,2010-02-05 13:17:00,2.1,15311.0,United Kingdom
C497026,82494L,WOODEN FRAME ANTIQUE WHITE,-3,2010-02-05 13:17:00,2.55,15311.0,United Kingdom
C497026,20798,CLEAR MILKSHAKE GLASS,-2,2010-02-05 13:17:00,1.65,15311.0,United Kingdom
C497026,37446,MINI CAKE STAND WITH HANGING CAKES,-1,2010-02-05 13:17:00,1.25,15311.0,United Kingdom
C497026,79328,BLUE FLOCK GLASS CANDLEHOLDER,-4,2010-02-05 13:17:00,0.38,15311.0,United Kingdom
C497026,40003,WHITE BAMBOO RIBS LAMPSHADE,-6,2010-02-05 13:17:00,0.95,15311.0,United Kingdom
C497028,M,Manual,-1,2010-02-05 13:21:00,4.8,18087.0,United Kingdom
C497032,22067,CHOC TRUFFLE GOLD TRINKET POT,-3,2010-02-05 13:54:00,1.65,17603.0,United Kingdom
C497034,84984B,RED PEONY DES C/COVER,-2,2010-02-05 14:06:00,4.65,14640.0,United Kingdom
C497034,84984A,GREEN PEONY DES C/COVER,-2,2010-02-05 14:06:00,4.65,14640.0,United Kingdom
C497037,22148,EASTER CRAFT 4 CHICKS,-1,2010-02-05 14:30:00,1.95,14420.0,United Kingdom
C497037,20914,SET/5 RED SPOTTY LID GLASS BOWLS,-2,2010-02-05 14:30:00,2.95,14420.0,United Kingdom
C497040,21527,RED RETROSPOT TRADITIONAL TEAPOT,-1,2010-02-05 14:35:00,7.95,18168.0,United Kingdom
C497040,22067,CHOC TRUFFLE GOLD TRINKET POT,-1,2010-02-05 14:35:00,1.65,18168.0,United Kingdom
C497040,22055,MINI CAKE STAND  HANGING STRAWBERY,-1,2010-02-05 14:35:00,1.65,18168.0,United Kingdom
C497040,37446,MINI CAKE STAND WITH HANGING CAKES,-1,2010-02-05 14:35:00,1.45,18168.0,United Kingdom
C497040,21231,SWEETHEART CERAMIC TRINKET BOX,-4,2010-02-05 14:35:00,1.25,18168.0,United Kingdom
C497041,20971,PINK BLUE FELT CRAFT TRINKET BOX,-300,2010-02-05 14:41:00,1.06,17949.0,United Kingdom
C497042,21563,RED HEART SHAPE LOVE BUCKET,-4,2010-02-05 14:42:00,2.55,15251.0,United Kingdom
C497051,POST,POSTAGE,-1,2010-02-05 14:45:00,8.97,13093.0,United Kingdom
C497059,21232,STRAWBERRY CERAMIC TRINKET BOX,-2,2010-02-05 14:47:00,1.25,12949.0,United Kingdom
C497070,22196,SMALL HEART MEASURING SPOONS,-1,2010-02-05 14:51:00,0.85,18051.0,United Kingdom
C497070,22355,CHARLOTTE BAG SUKI DESIGN,-2,2010-02-05 14:51:00,0.85,18051.0,United Kingdom
C497070,21218,RED SPOTTY BISCUIT TIN,-1,2010-02-05 14:51:00,3.75,18051.0,United Kingdom
C497078,20914,SET/5 RED SPOTTY LID GLASS BOWLS,-2,2010-02-05 14:54:00,2.95,14136.0,United Kingdom
C497150,22335,HEART DECORATION PAINTED ZINC,-24,2010-02-05 15:56:00,0.65,15137.0,United Kingdom
C497150,22339,CHRISTMAS TREE PAINTED ZINC,-24,2010-02-05 15:56:00,0.65,15137.0,United Kingdom
C497151,10123C,HEARTS WRAPPING TAPE,-6,2010-02-05 15:59:00,0.65,17412.0,United Kingdom
C497151,79190D,RETRO PLASTIC DAISY TRAY,-5,2010-02-05 15:59:00,0.42,17412.0,United Kingdom
C497151,79191C,RETRO PLASTIC ELEPHANT TRAY,-12,2010-02-05 15:59:00,0.85,17412.0,United Kingdom
C497156,21459,YELLOW EASTER EGG HUNT START POST,-2,2010-02-05 16:24:00,1.95,12840.0,United Kingdom
C497158,D,Discount,-190,2010-02-05 16:27:00,2.35,18102.0,United Kingdom
C497159,21071,VINTAGE BILLBOARD DRINK ME MUG,-1,2010-02-05 16:31:00,1.06,13078.0,United Kingdom
C497161,21843,RED RETROSPOT CAKE STAND,-1,2010-02-05 16:40:00,10.95,14896.0,United Kingdom
C497162,21533,RETRO SPOT LARGE MILK JUG,-4,2010-02-05 16:42:00,4.25,18225.0,United Kingdom
C497162,21844,RED RETROSPOT MUG,-1,2010-02-05 16:42:00,2.95,18225.0,United Kingdom
C497162,85066,CREAM SWEETHEART MINI CHEST,-3,2010-02-05 16:42:00,12.75,18225.0,United Kingdom
C497164,21745,GAOLERS KEYS DECORATIVE GARDEN,-12,2010-02-05 16:45:00,3.75,16550.0,United Kingdom
C497171,22067,CHOC TRUFFLE GOLD TRINKET POT,-3,2010-02-05 17:24:00,1.65,17603.0,United Kingdom
C497177,21260,FIRST AID TIN,-3,2010-02-05 17:27:00,3.25,16327.0,United Kingdom
C497181,85042,ANTIQUE LILY FAIRY LIGHTS,-2,2010-02-05 17:30:00,4.95,13468.0,United Kingdom
C497181,22236,CAKE STAND 3 TIER MAGIC GARDEN,-1,2010-02-05 17:30:00,12.75,13468.0,United Kingdom
C497181,37494A,FAIRY CAKE CERAMIC BUTTER DISH,-2,2010-02-05 17:30:00,2.95,13468.0,United Kingdom
C497193,22065,CHRISTMAS PUDDING TRINKET POT,-1,2010-02-07 10:29:00,1.45,14546.0,United Kingdom
C497193,21730,GLASS STAR FROSTED T-LIGHT HOLDER,-1,2010-02-07 10:29:00,4.95,14546.0,United Kingdom
C497193,21426,WOODLAND STORAGE BOX SMALL,-2,2010-02-07 10:29:00,2.1,14546.0,United Kingdom
C497193,21427,SKULLS STORAGE BOX SMALL,-2,2010-02-07 10:29:00,2.1,14546.0,United Kingdom
C497193,22170,PICTURE FRAME WOOD TRIPLE PORTRAIT,-1,2010-02-07 10:29:00,6.75,14546.0,United Kingdom
C497193,22196,SMALL HEART MEASURING SPOONS,-1,2010-02-07 10:29:00,0.85,14546.0,United Kingdom
C497193,85025B,EAU DE NILE HEART SHAPE PHOTO FRAME,-1,2010-02-07 10:29:00,1.65,14546.0,United Kingdom
C497193,21431,GREEN GINGHAM FLOWER JEWELLERY BOX,-1,2010-02-07 10:29:00,1.65,14546.0,United Kingdom
C497193,22167,"WALL MIRROR , DIAMANTE OVAL SHAPE",-1,2010-02-07 10:29:00,9.95,14546.0,United Kingdom
C497194,21889,WOODEN BOX OF DOMINOES,-1,2010-02-07 10:42:00,1.25,15059.0,United Kingdom
C497199,20681,PINK SPOTTY CHILDS UMBRELLA,-1,2010-02-07 11:21:00,3.25,13700.0,United Kingdom
C497199,84907,PINK YELLOW PATCH CUSHION COVER,-1,2010-02-07 11:21:00,7.65,13700.0,United Kingdom
C497199,20707,CRAZY DAISY HEART DECORATION,-3,2010-02-07 11:21:00,1.25,13700.0,United Kingdom
C497199,22143,CHRISTMAS CRAFT HEART DECORATIONS,-6,2010-02-07 11:21:00,2.1,13700.0,United Kingdom
C497206,22342,HOME GARLAND PAINTED ZINC,-4,2010-02-07 12:12:00,1.65,14454.0,United Kingdom
C497224,20725,LUNCH BAG RED SPOTTY,-2,2010-02-07 15:47:00,1.45,13798.0,United Kingdom
C497224,20727,LUNCH BAG  BLACK SKULL.,-1,2010-02-07 15:47:00,1.45,13798.0,United Kingdom
C497224,21937,STRAWBERRY   PICNIC BAG,-1,2010-02-07 15:47:00,2.55,13798.0,United Kingdom
C497224,85099C,JUMBO  BAG BAROQUE BLACK WHITE,-1,2010-02-07 15:47:00,1.65,13798.0,United Kingdom
C497224,21165,BEWARE OF THE CAT METAL SIGN,-1,2010-02-07 15:47:00,1.45,13798.0,United Kingdom
C497224,82599,FANNY'S REST STOPMETAL SIGN,-1,2010-02-07 15:47:00,1.69,13798.0,United Kingdom
C497224,35924,HANGING FAIRY CAKE DECORATION,-1,2010-02-07 15:47:00,1.69,13798.0,United Kingdom
C497224,22064,PINK DOUGHNUT TRINKET POT,-4,2010-02-07 15:47:00,1.45,13798.0,United Kingdom
C497224,22065,CHRISTMAS PUDDING TRINKET POT,-3,2010-02-07 15:47:00,1.25,13798.0,United Kingdom
C497224,37450,CERAMIC CAKE BOWL + HANGING CAKES,-9,2010-02-07 15:47:00,2.55,13798.0,United Kingdom
C497224,37449,CERAMIC CAKE STAND + HANGING CAKES,-8,2010-02-07 15:47:00,8.5,13798.0,United Kingdom
C497224,21843,RED RETROSPOT CAKE STAND,-6,2010-02-07 15:47:00,9.95,13798.0,United Kingdom
C497224,21231,SWEETHEART CERAMIC TRINKET BOX,-5,2010-02-07 15:47:00,1.06,13798.0,United Kingdom
C497224,37446,MINI CAKE STAND WITH HANGING CAKES,-1,2010-02-07 15:47:00,1.25,13798.0,United Kingdom
C497224,21232,STRAWBERRY CERAMIC TRINKET BOX,-1,2010-02-07 15:47:00,1.06,13798.0,United Kingdom
C497224,82552,WASHROOM METAL SIGN,-2,2010-02-07 15:47:00,1.25,13798.0,United Kingdom
C497231,22111,SCOTTIE DOG HOT WATER BOTTLE,-10,2010-02-08 09:29:00,4.95,15059.0,United Kingdom
C497239,37502,TEA TIME MUG IN GIFT BOX,-1,2010-02-08 10:47:00,2.95,17865.0,United Kingdom
C497239,21232,STRAWBERRY CERAMIC TRINKET BOX,-6,2010-02-08 10:47:00,1.25,17865.0,United Kingdom
C497239,22061,LARGE CAKE STAND  HANGING STRAWBERY,-1,2010-02-08 10:47:00,9.95,17865.0,United Kingdom
C497243,79303D,LILAC FLOWER BLOCK TABLE LAMP,-1,2010-02-08 11:40:00,2.95,15015.0,United Kingdom
C497245,79303D,LILAC FLOWER BLOCK TABLE LAMP,-1,2010-02-08 11:45:00,2.95,15015.0,United Kingdom
C497262,M,Manual,-1,2010-02-08 13:14:00,503.9,,United Arab Emirates
C497268,20982,12 PENCILS TALL TUBE SKULLS,-12,2010-02-08 13:36:00,0.85,,United Arab Emirates
C497268,20979,36 PENCILS TUBE RED SPOTTY,-16,2010-02-08 13:36:00,1.25,,United Arab Emirates
C497268,21542,WOODLAND WATER TRANSFER TATTOOS,-12,2010-02-08 13:36:00,0.85,,United Arab Emirates
C497268,20981,12 PENCILS TALL TUBE WOODLAND,-24,2010-02-08 13:36:00,0.85,,United Arab Emirates
C497268,21749,LARGE RED RETROSPOT WINDMILL,-12,2010-02-08 13:36:00,2.1,,United Arab Emirates
C497268,21746,SMALL RED RETROSPOT WINDMILL,-24,2010-02-08 13:36:00,1.25,,United Arab Emirates
C497268,22294,HEART FILIGREE DOVE  SMALL,-24,2010-02-08 13:36:00,1.25,,United Arab Emirates
C497268,85123A,WHITE HANGING HEART T-LIGHT HOLDER,-6,2010-02-08 13:36:00,2.95,,United Arab Emirates
C497268,21390,FILIGRIS HEART WITH BUTTERFLY,-24,2010-02-08 13:36:00,1.25,,United Arab Emirates
C497268,21355,TOAST ITS - I LOVE YOU,-12,2010-02-08 13:36:00,1.25,,United Arab Emirates
C497268,21985,PACK OF 12 HEARTS DESIGN TISSUES,-48,2010-02-08 13:36:00,0.29,,United Arab Emirates
C497268,21733,RED HANGING HEART T-LIGHT HOLDER,-6,2010-02-08 13:36:00,2.95,,United Arab Emirates
C497268,85186C,BUNNY EGG GARLAND,-24,2010-02-08 13:36:00,0.42,,United Arab Emirates
C497268,85188B,PINK METAL SWINGING BUNNY,-24,2010-02-08 13:36:00,0.85,,United Arab Emirates
C497268,85189,HANGING BUTTERFLY  EGG,-24,2010-02-08 13:36:00,0.85,,United Arab Emirates
C497268,22241,GARLAND WOODEN HAPPY EASTER,-12,2010-02-08 13:36:00,1.25,,United Arab Emirates
C497268,22148,EASTER CRAFT 4 CHICKS,-12,2010-02-08 13:36:00,1.95,,United Arab Emirates
C497268,22146,EASTER CRAFT IVY WREATH WITH CHICK,-6,2010-02-08 13:36:00,1.95,,United Arab Emirates
C497268,21383,PACK OF 12 STICKY BUNNIES,-24,2010-02-08 13:36:00,0.65,,United Arab Emirates
C497268,22228,BUNNY WOODEN PAINTED WITH BIRD,-12,2010-02-08 13:36:00,0.85,,United Arab Emirates
C497268,85200,BUNNY EGG BOX,-12,2010-02-08 13:36:00,1.25,,United Arab Emirates
C497268,22229,BUNNY WOODEN PAINTED WITH FLOWER,-12,2010-02-08 13:36:00,0.85,,United Arab Emirates
C497268,21454,PAINTED PINK RABBIT,-12,2010-02-08 13:36:00,0.85,,United Arab Emirates
C497268,22292,"SPRING DEC , HANGING CHICK  YELLOW",-24,2010-02-08 13:36:00,1.45,,United Arab Emirates
C497268,85196,EASTER BUNNIES ON A STICK,-12,2010-02-08 13:36:00,0.55,,United Arab Emirates
C497268,22021,BLUE FELT EASTER EGG BASKET,-12,2010-02-08 13:36:00,1.65,,United Arab Emirates
C497268,85206B,PINK FELT EASTER EGG BASKET,-12,2010-02-08 13:36:00,1.65,,United Arab Emirates
C497268,21717,EASTER TIN BUCKET,-8,2010-02-08 13:36:00,2.55,,United Arab Emirates
497275,22058,CERAMIC LOVE HEARTS DESIGN MUG,-191,2010-02-08 13:57:00,0.0,,United Kingdom
C497338,M,Manual,-1,2010-02-08 15:06:00,365.1,14911.0,EIRE
C497375,M,Manual,-1,2010-02-09 10:51:00,29.95,17810.0,United Kingdom
C497381,21231,SWEETHEART CERAMIC TRINKET BOX,-1,2010-02-09 11:49:00,1.25,14680.0,United Kingdom
C497487,22143,CHRISTMAS CRAFT HEART DECORATIONS,-6,2010-02-09 15:59:00,2.1,15580.0,United Kingdom
C497487,20707,CRAZY DAISY HEART DECORATION,-3,2010-02-09 15:59:00,1.25,15580.0,United Kingdom
C497487,84907,PINK YELLOW PATCH CUSHION COVER,-1,2010-02-09 15:59:00,7.65,15580.0,United Kingdom
C497487,20681,PINK SPOTTY CHILDS UMBRELLA,-1,2010-02-09 15:59:00,3.25,15580.0,United Kingdom
C497502,21649,ASSORTED TUTTI FRUTTI PHOTO FRAME,-1,2010-02-10 11:16:00,2.95,14606.0,United Kingdom
C497503,85090,CANDY SPOT APRON,-2,2010-02-10 11:20:00,4.65,14593.0,United Kingdom
C497505,D,Discount,-1,2010-02-10 11:25:00,41.12,14593.0,United Kingdom
C497507,70006,LOVE HEART POCKET WARMER,-1,2010-02-10 11:34:00,1.65,16768.0,United Kingdom
C497507,20751,FUNKY WASHING UP GLOVES ASSORTED,-1,2010-02-10 11:34:00,2.1,16768.0,United Kingdom
C497507,84934,ASSTD DESIGN POP ART SLIM PEN,-1,2010-02-10 11:34:00,0.85,16768.0,United Kingdom
C497513,21843,RED RETROSPOT CAKE STAND,-1,2010-02-10 12:30:00,10.95,17677.0,United Kingdom
C497585,47590A,BLUE HAPPY BIRTHDAY BUNTING,-9,2010-02-10 16:25:00,5.45,16013.0,United Kingdom
C497585,20828,GLITTER BUTTERFLY CLIPS,-18,2010-02-10 16:25:00,2.55,16013.0,United Kingdom
C497585,85060,WOOD FAN WITH FLOWER DESIGN,-24,2010-02-10 16:25:00,1.25,16013.0,United Kingdom
C497585,21876,POTTERING MUG,-12,2010-02-10 16:25:00,1.25,16013.0,United Kingdom
C497585,21836,GINGHAM OVEN GLOVE RED HEART,-4,2010-02-10 16:25:00,3.75,16013.0,United Kingdom
C497585,22218,CAKE STAND LACE WHITE,-3,2010-02-10 16:25:00,4.25,16013.0,United Kingdom
C497585,22260,FELT EGG COSY BLUE RABBIT,-12,2010-02-10 16:25:00,0.85,16013.0,United Kingdom
C497585,22262,FELT EGG COSY CHICKEN,-12,2010-02-10 16:25:00,0.85,16013.0,United Kingdom
C497585,22281,EASTER TREE YELLOW BIRDS,-10,2010-02-10 16:25:00,5.95,16013.0,United Kingdom
C497585,22293,"SPRING DEC , HANGING CHICK  GREEN",-24,2010-02-10 16:25:00,1.45,16013.0,United Kingdom
C497585,22291,"SPRING DEC , HANGING CHICK CREAM",-24,2010-02-10 16:25:00,1.45,16013.0,United Kingdom
C497585,22270,HAPPY EASTER HANGING DECORATION,-12,2010-02-10 16:25:00,3.75,16013.0,United Kingdom
C497585,22077,6 RIBBONS RUSTIC CHARM,-12,2010-02-10 16:25:00,1.65,16013.0,United Kingdom
C497585,85176,SEWING SUSAN 21 NEEDLE SET,-12,2010-02-10 16:25:00,0.85,16013.0,United Kingdom
C497585,22138,BAKING SET 9 PIECE RETROSPOT,-3,2010-02-10 16:25:00,4.95,16013.0,United Kingdom
C497585,21155,RED SPOTTY PEG BAG,-6,2010-02-10 16:25:00,2.1,16013.0,United Kingdom
C497595,22325,MOBILE VINTAGE HEARTS,-9,2010-02-11 09:45:00,4.95,12644.0,Germany
C497611,22372,AIRLINE BAG VINTAGE WORLD CHAMPION,-2,2010-02-11 11:47:00,6.35,17961.0,United Kingdom
C497613,22172,METAL SHELF WITH RAIL,-1,2010-02-11 11:55:00,8.5,15044.0,United Kingdom
C497613,85066,CREAM SWEETHEART MINI CHEST,-1,2010-02-11 11:55:00,12.75,15044.0,United Kingdom
C497614,22030,SWALLOWS GREETING CARD,-24,2010-02-11 11:57:00,0.42,14451.0,United Kingdom
C497616,21258,VICTORIAN SEWING BOX LARGE,-1,2010-02-11 12:13:00,10.95,14527.0,United Kingdom
C497616,21540,DAIRY MAID CERAMIC BUTTER DISH,-1,2010-02-11 12:13:00,4.25,14527.0,United Kingdom
C497616,21527,RED RETROSPOT TRADITIONAL TEAPOT,-1,2010-02-11 12:13:00,6.95,14527.0,United Kingdom
C497617,84948,SILVER HANGING T-LIGHT HOLDER DOME,-1,2010-02-11 12:17:00,1.65,12712.0,Germany
C497617,22352,LUNCH BOX WITH CUTLERY RETROSPOT,-3,2010-02-11 12:17:00,2.55,12712.0,Germany
C497617,21559,STRAWBERRY LUNCH BOX WITH CUTLERY,-1,2010-02-11 12:17:00,2.55,12712.0,Germany
C497621,84507B,STRIPES DESIGN MONKEY DOLL,-1,2010-02-11 12:23:00,2.55,15005.0,United Kingdom
C497621,22166,"WALL MIRROR , RECT DIAMANTE, PINK/",-1,2010-02-11 12:23:00,7.95,15005.0,United Kingdom
C497621,21232,STRAWBERRY CERAMIC TRINKET BOX,-1,2010-02-11 12:23:00,1.25,15005.0,United Kingdom
C497621,37448,CERAMIC CAKE DESIGN SPOTTED MUG,-1,2010-02-11 12:23:00,1.49,15005.0,United Kingdom
C497621,22062,CERAMIC BOWL WITH LOVE HEART DESIGN,-1,2010-02-11 12:23:00,2.95,15005.0,United Kingdom
C497621,22365,DOORMAT RESPECTABLE HOUSE,-1,2010-02-11 12:23:00,6.75,15005.0,United Kingdom
C497621,20668,DISCO BALL CHRISTMAS DECORATION,-2,2010-02-11 12:23:00,0.12,15005.0,United Kingdom
C497737,20985,HEART CALCULATOR,-1,2010-02-12 10:06:00,1.25,14606.0,United Kingdom
C497737,47504G,ENGLISH ROSE TAPE MEASURE,-1,2010-02-12 10:06:00,1.25,14606.0,United Kingdom
C497737,21232,STRAWBERRY CERAMIC TRINKET BOX,-1,2010-02-12 10:06:00,1.25,14606.0,United Kingdom
C497789,22109,FULL ENGLISH BREAKFAST PLATE,-1,2010-02-12 12:17:00,3.75,16873.0,United Kingdom
C497789,84792,ENCHANTED BIRD COATHANGER 5 HOOK,-2,2010-02-12 12:17:00,4.65,16873.0,United Kingdom
C497790,22198,LARGE POPCORN HOLDER,-3,2010-02-12 12:19:00,1.65,12471.0,Germany
C497790,22231,JIGSAW TREE WITH BIRDHOUSE,-1,2010-02-12 12:19:00,1.45,12471.0,Germany
C497790,21232,STRAWBERRY CERAMIC TRINKET BOX,-2,2010-02-12 12:19:00,1.25,12471.0,Germany
C497793,21527,RED RETROSPOT TRADITIONAL TEAPOT,-1,2010-02-12 12:31:00,7.95,12471.0,Germany
C497810,21527,RED RETROSPOT TRADITIONAL TEAPOT,-1,2010-02-12 14:37:00,7.95,14415.0,United Kingdom
C497810,21398,RED  SPOTTY COFFEE  MUG,-2,2010-02-12 14:37:00,2.1,14415.0,United Kingdom
C497810,21533,RETRO SPOT LARGE MILK JUG,-2,2010-02-12 14:37:00,4.95,14415.0,United Kingdom
C497810,20728,LUNCH BAG CARS BLUE,-1,2010-02-12 14:37:00,1.65,14415.0,United Kingdom
C497810,84388,WISE MAN STAR SHAPE EGG PAN,-1,2010-02-12 14:37:00,1.65,14415.0,United Kingdom
C497836,20981,12 PENCILS TALL TUBE WOODLAND,-12,2010-02-12 15:15:00,0.85,,United Arab Emirates
C497877,84665,SQUARE CHERRY BLOSSOM CABINET,-4,2010-02-14 11:05:00,5.95,16822.0,United Kingdom
C497878,22215,CAKE STAND WHITE TWO TIER LACE,-5,2010-02-14 11:14:00,7.65,16711.0,United Kingdom
C497878,22218,CAKE STAND LACE WHITE,-21,2010-02-14 11:14:00,3.75,16711.0,United Kingdom
C497886,85123A,WHITE HANGING HEART T-LIGHT HOLDER,-4,2010-02-14 12:07:00,2.95,15965.0,United Kingdom
C497886,85099B,JUMBO BAG RED RETROSPOT,-1,2010-02-14 12:07:00,1.95,15965.0,United Kingdom
C497900,22197,SMALL POPCORN HOLDER,-2,2010-02-14 12:50:00,0.85,12872.0,United Kingdom
C497900,35004B,SET OF 3 BLACK FLYING DUCKS,-1,2010-02-14 12:50:00,5.45,12872.0,United Kingdom
C497904,21892,TRADITIONAL WOODEN CATCH CUP GAME,-1,2010-02-14 12:59:00,1.25,13421.0,United Kingdom
C497927,21426,WOODLAND STORAGE BOX SMALL,-1,2010-02-15 09:16:00,2.1,12665.0,Germany
C497927,21232,STRAWBERRY CERAMIC TRINKET BOX,-5,2010-02-15 09:16:00,1.25,12665.0,Germany
C497927,21555,CERAMIC STRAWBERRY TRINKET TRAY,-1,2010-02-15 09:16:00,2.55,12665.0,Germany
C497930,22236,CAKE STAND 3 TIER MAGIC GARDEN,-1,2010-02-15 09:22:00,12.75,14911.0,EIRE
C497951,M,Manual,-1,2010-02-15 12:29:00,1508.65,12380.0,Belgium
C497964,44217M,MULTICOLOUR FEATHERS CURTAIN,-48,2010-02-15 13:27:00,2.95,16544.0,United Kingdom
497994,84680,CLASSICAL ROSE URN,-46,2010-02-15 14:17:00,0.0,,United Kingdom
C498023,21232,STRAWBERRY CERAMIC TRINKET BOX,-3,2010-02-15 17:13:00,1.25,16858.0,United Kingdom
C498023,21527,RED RETROSPOT TRADITIONAL TEAPOT,-2,2010-02-15 17:13:00,7.95,16858.0,United Kingdom
498034,35978,damages,-22,2010-02-16 10:08:00,0.0,,United Kingdom
C498040,22243,"HOOK, 5 HANGER ,MAGIC TOADSTOOL RED",-4,2010-02-16 10:23:00,1.65,12472.0,Germany
C498040,21428,SET3 BOOK BOX GREEN GINGHAM FLOWER,-2,2010-02-16 10:23:00,4.25,12472.0,Germany
C498040,85232B,SET/3 RUSSIAN DOLL STACKING TINS,-3,2010-02-16 10:23:00,4.95,12472.0,Germany
C498050,21928,JUMBO BAG SCANDINAVIAN PAISLEY,-2,2010-02-16 11:25:00,1.95,15640.0,United Kingdom
C498050,20914,SET/5 RED SPOTTY LID GLASS BOWLS,-2,2010-02-16 11:25:00,2.55,15640.0,United Kingdom
C498050,20712,JUMBO BAG WOODLAND ANIMALS,-1,2010-02-16 11:25:00,1.95,15640.0,United Kingdom
C498051,47580,TEA TIME DES TEA COSY,-3,2010-02-16 11:37:00,2.55,16940.0,United Kingdom
C498092,22171,3 HOOK PHOTO SHELF ANTIQUE WHITE,-1,2010-02-16 12:39:00,8.5,12836.0,United Kingdom
C498109,22270,HAPPY EASTER HANGING DECORATION,-3,2010-02-16 14:10:00,3.75,13503.0,United Kingdom
C498111,22138,BAKING SET 9 PIECE RETROSPOT,-3,2010-02-16 14:30:00,4.95,15260.0,United Kingdom
C498113,20693,FLORAL DINOSAUR GREEN,-1,2010-02-16 14:32:00,4.25,13092.0,United Kingdom
C498113,85199L,LARGE HANGING IVORY & RED WOOD BIRD,-12,2010-02-16 14:32:00,0.65,13092.0,United Kingdom
C498113,85006,SET 4 NURSERY DES ROUND BOXES,-12,2010-02-16 14:32:00,2.95,13092.0,United Kingdom
C498113,22175,PINK OWL SOFT TOY,-6,2010-02-16 14:32:00,2.95,13092.0,United Kingdom
C498113,22176,BLUE OWL SOFT TOY,-6,2010-02-16 14:32:00,2.95,13092.0,United Kingdom
C498115,47583A,SET OF 3 WICKER BASKET ROSE,-1,2010-02-16 14:35:00,24.95,13304.0,United Kingdom
C498115,85063,CREAM SWEETHEART MAGAZINE RACK,-1,2010-02-16 14:35:00,16.95,13304.0,United Kingdom
C498115,84820,DANISH ROSE TRINKET TRAYS,-2,2010-02-16 14:35:00,5.95,13304.0,United Kingdom
C498115,35004C,SET OF 3 COLOURED  FLYING DUCKS,-2,2010-02-16 14:35:00,5.45,13304.0,United Kingdom
C498115,85123A,WHITE HANGING HEART T-LIGHT HOLDER,-1,2010-02-16 14:35:00,2.95,13304.0,United Kingdom
C498122,47567,ENGLISH ROSE DESIGN KITCHEN APRON,-1,2010-02-16 15:33:00,5.95,14911.0,EIRE
C498129,21843,RED RETROSPOT CAKE STAND,-1,2010-02-16 16:30:00,10.95,14755.0,United Kingdom
C498140,79191C,RETRO PLASTIC ELEPHANT TRAY,-12,2010-02-17 08:49:00,0.85,12645.0,Germany
C498140,21542,WOODLAND WATER TRANSFER TATTOOS,-12,2010-02-17 08:49:00,0.85,12645.0,Germany
498144,21701,SET 6 MINI SUSHI SET FRIDGE MAGNETS,-82,2010-02-17 10:04:00,0.0,,United Kingdom
498146,21702,SET 5 MINI GATEAUX  FRIDGE MAGNETS,-377,2010-02-17 10:08:00,0.0,,United Kingdom
498147,85218,S/5 MINI ICE CREAM FRIDGE MAGNETS,-451,2010-02-17 10:12:00,0.0,,United Kingdom
C498151,85220,SMALL FAIRY CAKE FRIDGE MAGNETS,-2504,2010-02-17 10:37:00,1.45,13902.0,Denmark
C498196,21335,LIBRARY LAMP,-1,2010-02-17 13:06:00,18.95,13115.0,United Kingdom
C498201,84816,DANISH ROSE BEDSIDE CABINET,-1,2010-02-17 13:08:00,39.95,15244.0,United Kingdom
C498201,21277,FRENCH STYLE EMBOSSED HEART CABINET,-1,2010-02-17 13:08:00,21.95,15244.0,United Kingdom
C498214,21622,VINTAGE UNION JACK CUSHION COVER,-2,2010-02-17 13:17:00,4.95,17377.0,United Kingdom
C498271,21929,JUMBO BAG PINK VINTAGE PAISLEY,-10,2010-02-17 15:28:00,1.95,15640.0,United Kingdom
C498280,22169,FAMILY ALBUM WHITE PICTURE FRAME,-3,2010-02-17 16:22:00,7.65,17511.0,United Kingdom
C498280,82484,WOOD BLACK BOARD ANT WHITE FINISH,-1,2010-02-17 16:22:00,5.55,17511.0,United Kingdom
C498280,85045,GREEN CHRISTMAS TREE STRING 20LIGHT,-1,2010-02-17 16:22:00,4.25,17511.0,United Kingdom
C498280,22061,LARGE CAKE STAND  HANGING STRAWBERY,-2,2010-02-17 16:22:00,8.5,17511.0,United Kingdom
C498280,21535,RED RETROSPOT SMALL MILK JUG,-1,2010-02-17 16:22:00,2.1,17511.0,United Kingdom
C498280,84755,COLOUR GLASS T-LIGHT HOLDER HANGING,-8,2010-02-17 16:22:00,0.55,17511.0,United Kingdom
C498280,22197,SMALL POPCORN HOLDER,-7,2010-02-17 16:22:00,0.72,17511.0,United Kingdom
C498280,21539,RED RETROSPOT BUTTER DISH,-1,2010-02-17 16:22:00,4.25,17511.0,United Kingdom
C498280,79340W,WHITE ORCHID FLOWER LIGHTS,-1,2010-02-17 16:22:00,6.75,17511.0,United Kingdom
C498280,79320,FLAMINGO LIGHTS,-1,2010-02-17 16:22:00,4.25,17511.0,United Kingdom
C498280,37449,CERAMIC CAKE STAND + HANGING CAKES,-1,2010-02-17 16:22:00,8.5,17511.0,United Kingdom
C498280,47562,ENGLISH ROSE IRONING BOARD COVER,-1,2010-02-17 16:22:00,2.95,17511.0,United Kingdom
C498280,22192,BLUE DINER WALL CLOCK,-1,2010-02-17 16:22:00,7.65,17511.0,United Kingdom
C498280,84050,PINK HEART SHAPE EGG FRYING PAN,-1,2010-02-17 16:22:00,1.25,17511.0,United Kingdom
C498280,21155,RED SPOTTY PEG BAG,-1,2010-02-17 16:22:00,1.69,17511.0,United Kingdom
C498280,21363,HOME SMALL WOOD LETTERS,-2,2010-02-17 16:22:00,4.25,17511.0,United Kingdom
C498280,21361,LOVE LARGE WOOD LETTERS,-1,2010-02-17 16:22:00,10.95,17511.0,United Kingdom
C498280,47552A,DOTS IRONING BOARD COVER,-2,2010-02-17 16:22:00,1.65,17511.0,United Kingdom
C498280,22109,FULL ENGLISH BREAKFAST PLATE,-1,2010-02-17 16:22:00,3.39,17511.0,United Kingdom
C498280,20728,LUNCH BAG CARS BLUE,-1,2010-02-17 16:22:00,1.45,17511.0,United Kingdom
C498280,22086,PAPER CHAIN KIT 50'S CHRISTMAS,-2,2010-02-17 16:22:00,2.55,17511.0,United Kingdom
C498280,22310,IVORY KNITTED MUG COSY,-1,2010-02-17 16:22:00,1.45,17511.0,United Kingdom
C498280,10138,ASSORTED COLOUR JUMBO PEN,-1,2010-02-17 16:22:00,0.42,17511.0,United Kingdom
C498280,22127,PARTY CONES CARNIVAL ASSORTED,-1,2010-02-17 16:22:00,1.06,17511.0,United Kingdom
C498280,22130,PARTY CONE CHRISTMAS DECORATION,-1,2010-02-17 16:22:00,0.72,17511.0,United Kingdom
C498280,35832,WOOLLY HAT SOCK GLOVE ADVENT STRING,-1,2010-02-17 16:22:00,4.65,17511.0,United Kingdom
C498286,85066,CREAM SWEETHEART MINI CHEST,-1,2010-02-17 16:46:00,12.75,17230.0,United Kingdom
C498293,21868,POTTING SHED TEA MUG,-2,2010-02-18 08:57:00,1.25,13510.0,United Kingdom
C498293,47505,MINATURE COLOURED GARDENING SET,-2,2010-02-18 08:57:00,4.95,13510.0,United Kingdom
C498295,84466,TOP SECRET PEN SET,-9,2010-02-18 09:04:00,1.25,17406.0,United Kingdom
C498296,85067,CREAM SWEETHEART WALL CABINET,-1,2010-02-18 09:05:00,18.95,14370.0,United Kingdom
C498296,22349,"DOG BOWL , CHASING BALL DESIGN",-1,2010-02-18 09:05:00,3.75,14370.0,United Kingdom
C498297,21552,CERAMIC BIRDHOUSE BLACK ROSE  LARGE,-2,2010-02-18 09:10:00,5.95,14952.0,United Kingdom
C498298,22221,CAKE STAND LOVEBIRD 2 TIER PINK,-1,2010-02-18 09:11:00,9.95,,EIRE
C498299,21380,WOODEN HAPPY BIRTHDAY GARLAND,-1,2010-02-18 09:12:00,2.95,18267.0,United Kingdom
C498299,84050,PINK HEART SHAPE EGG FRYING PAN,-1,2010-02-18 09:12:00,1.65,18267.0,United Kingdom
C498299,21755,LOVE BUILDING BLOCK WORD,-2,2010-02-18 09:12:00,5.95,18267.0,United Kingdom
C498302,22382,LUNCH BAG SPACEBOY DESIGN,-50,2010-02-18 09:26:00,1.45,16705.0,United Kingdom
C498304,20754,RETRO RED SPOTTY WASHING UP GLOVES,-6,2010-02-18 09:31:00,1.6,14156.0,EIRE
C498306,POST,POSTAGE,-1,2010-02-18 09:35:00,8.22,15416.0,United Kingdom
C498308,POST,POSTAGE,-1,2010-02-18 09:54:00,2.14,16714.0,United Kingdom
C498308,85049A,TRADITIONAL CHRISTMAS RIBBONS,-12,2010-02-18 09:54:00,1.25,16714.0,United Kingdom
C498337,21781,MA CAMPAGNE CUTLERY BOX,-1,2010-02-18 10:35:00,14.95,14256.0,United Kingdom
C498339,75049L,LARGE CIRCULAR MIRROR MOBILE,-24,2010-02-18 10:36:00,1.25,16544.0,United Kingdom
C498339,44217M,MULTICOLOUR FEATHERS CURTAIN,-24,2010-02-18 10:36:00,3.95,16544.0,United Kingdom
C498342,POST,POSTAGE,-1,2010-02-18 11:14:00,2.7,16481.0,United Kingdom
C498342,20729,RED SPOTTY CANDY BAG,-10,2010-02-18 11:14:00,1.25,16481.0,United Kingdom
C498344,20711,JUMBO BAG TOYS,-1,2010-02-18 11:20:00,1.95,13658.0,United Kingdom
C498344,21833,CAMOUFLAGE LED TORCH,-12,2010-02-18 11:20:00,1.69,13658.0,United Kingdom
C498344,21535,RED RETROSPOT SMALL MILK JUG,-1,2010-02-18 11:20:00,2.55,13658.0,United Kingdom
C498356,79323P,PINK CHERRY LIGHTS,-1,2010-02-18 13:08:00,5.95,14040.0,United Kingdom
C498358,71495A,CD WALL TIDY BLUE OFFICE,-1,2010-02-18 13:15:00,0.42,17841.0,United Kingdom
C498358,21100,CHARLIE AND LOLA CHARLOTTE BAG,-1,2010-02-18 13:15:00,1.65,17841.0,United Kingdom
C498390,22165,"DIAMANTE HEART SHAPED WALL MIRROR,",-1,2010-02-18 14:48:00,12.75,15005.0,United Kingdom
C498390,22166,"WALL MIRROR , RECT DIAMANTE, PINK/",-1,2010-02-18 14:48:00,7.95,15005.0,United Kingdom
498394,22433,WATERING CAN GREEN DINOSAUR,-4200,2010-02-18 15:10:00,0.0,,United Kingdom
C498402,85048,15CM CHRISTMAS GLASS BALL 20 LIGHTS,-1,2010-02-18 15:48:00,7.95,14686.0,United Kingdom
C498408,22198,LARGE POPCORN HOLDER,-6,2010-02-18 16:11:00,1.65,17311.0,United Kingdom
C498408,22146,EASTER CRAFT IVY WREATH WITH CHICK,-40,2010-02-18 16:11:00,1.65,17311.0,United Kingdom
C498420,D,Discount,-1,2010-02-18 16:25:00,947.08,14646.0,Netherlands
C498422,D,Discount,-1,2010-02-18 16:55:00,62.0,13694.0,United Kingdom
C498424,71459,HANGING JAM JAR T-LIGHT HOLDER,-12,2010-02-18 17:04:00,0.72,15251.0,United Kingdom
C498425,21931,JUMBO STORAGE BAG SUKI,-10,2010-02-18 17:05:00,1.95,15078.0,United Kingdom
C498426,22231,JIGSAW TREE WITH BIRDHOUSE,-5,2010-02-18 17:08:00,1.45,16351.0,United Kingdom
C498426,22228,BUNNY WOODEN PAINTED WITH BIRD,-2,2010-02-18 17:08:00,0.85,16351.0,United Kingdom
C498426,22229,BUNNY WOODEN PAINTED WITH FLOWER,-5,2010-02-18 17:08:00,0.85,16351.0,United Kingdom
C498426,84456,SET OF 3 RABBIT EGG EASTER,-12,2010-02-18 17:08:00,0.85,16351.0,United Kingdom
C498426,84452,METAL RABBIT LADDER EASTER,-12,2010-02-18 17:08:00,0.85,16351.0,United Kingdom
C498427,22268,EASTER DECORATION SITTING BUNNY,-7,2010-02-18 17:09:00,0.85,14244.0,United Kingdom
C498427,22267,EASTER DECORATION EGG BUNNY,-3,2010-02-18 17:09:00,1.25,14244.0,United Kingdom
C498427,22269,EGG CUP NATURAL CHICKEN,-1,2010-02-18 17:09:00,1.25,14244.0,United Kingdom
C498427,22266,EASTER DECORATION HANGING BUNNY,-1,2010-02-18 17:09:00,0.65,14244.0,United Kingdom
C498428,21752,GLASS CAKE STAND MIRRORED BASE,-1,2010-02-18 17:12:00,14.95,14301.0,United Kingdom
498503,37450,CERAMIC CAKE BOWL + HANGING CAKES,-210,2010-02-19 11:11:00,0.0,,United Kingdom
C498506,16156S,WRAP PINK FAIRY CAKES,-96,2010-02-19 11:35:00,0.42,17949.0,United Kingdom
C498509,21843,RED RETROSPOT CAKE STAND,-1,2010-02-19 11:53:00,10.95,14909.0,United Kingdom
C498520,21218,RED SPOTTY BISCUIT TIN,-2,2010-02-19 13:13:00,3.75,15240.0,United Kingdom
C498520,72756,FAIRY CAKE CANDLES,-18,2010-02-19 13:13:00,1.49,15240.0,United Kingdom
C498520,21397,BLUE  SPOTTY EGG CUP,-12,2010-02-19 13:13:00,1.25,15240.0,United Kingdom
C498520,21262,WHITE GOOSE FEATHER CHRISTMAS TREE,-1,2010-02-19 13:13:00,16.95,15240.0,United Kingdom
C498544,22138,BAKING SET 9 PIECE RETROSPOT,-3,2010-02-19 16:38:00,4.95,15544.0,United Kingdom
C498551,21755,LOVE BUILDING BLOCK WORD,-1,2010-02-21 10:21:00,5.95,17243.0,United Kingdom
C498556,21648,ASSORTED TUTTI FRUTTI SMALL PURSE,-120,2010-02-21 11:16:00,1.06,14878.0,United Kingdom
C498557,21648,ASSORTED TUTTI FRUTTI SMALL PURSE,-120,2010-02-21 11:18:00,1.06,14878.0,United Kingdom
C498557,85221,ASSORTED COLOUR SILK COIN PURSE,-12,2010-02-21 11:18:00,1.25,14878.0,United Kingdom
C498563,21429,RED GINGHAM ROSE JEWELLERY BOX,-3,2010-02-21 12:17:00,1.65,14505.0,United Kingdom
C498563,79321,CHILLI LIGHTS,-4,2010-02-21 12:17:00,4.95,14505.0,United Kingdom
C498563,21532,DAIRY MAID SUGAR JAM BOWL,-1,2010-02-21 12:17:00,2.1,14505.0,United Kingdom
C498563,22139,RETRO SPOT TEA SET CERAMIC 11 PC,-1,2010-02-21 12:17:00,4.95,14505.0,United Kingdom
C498563,21739,COSY SLIPPER SHOES SMALL GREEN,-1,2010-02-21 12:17:00,2.95,14505.0,United Kingdom
C498563,79340P,PURPLE ORCHID FLOWER LIGHTS,-1,2010-02-21 12:17:00,7.95,14505.0,United Kingdom
C498563,84755,COLOUR GLASS T-LIGHT HOLDER HANGING,-3,2010-02-21 12:17:00,0.65,14505.0,United Kingdom
C498572,22147,FELTCRAFT BUTTERFLY HEARTS,-2,2010-02-21 13:03:00,1.45,17372.0,United Kingdom
C498576,22326,ROUND SNACK BOXES SET OF4 WOODLAND,-3,2010-02-21 13:47:00,2.95,15527.0,United Kingdom
C498576,21481,FAWN BLUE HOT WATER BOTTLE,-3,2010-02-21 13:47:00,2.95,15527.0,United Kingdom
C498576,85040A,S/4 PINK FLOWER CANDLES IN BOWL,-7,2010-02-21 13:47:00,1.65,15527.0,United Kingdom
C498576,85126,LARGE ROUND CUTGLASS CANDLESTICK,-6,2010-02-21 13:47:00,6.75,15527.0,United Kingdom
C498576,72800E,4 IVORY DINNER CANDLES SILVER FLOCK,-12,2010-02-21 13:47:00,0.79,15527.0,United Kingdom
C498576,85099C,JUMBO  BAG BAROQUE BLACK WHITE,-8,2010-02-21 13:47:00,1.95,15527.0,United Kingdom
C498576,82001S,VINYL RECORD FRAME SILVER,-4,2010-02-21 13:47:00,3.75,15527.0,United Kingdom
C498576,21465,PINK FLOWER CROCHET FOOD COVER,-2,2010-02-21 13:47:00,3.75,15527.0,United Kingdom
C498576,21470,FLOWER VINE RAFFIA FOOD COVER,-3,2010-02-21 13:47:00,3.75,15527.0,United Kingdom
C498576,21443,OLIVE CHALET BIRDFEEDER,-6,2010-02-21 13:47:00,3.75,15527.0,United Kingdom
C498576,20727,LUNCH BAG  BLACK SKULL.,-10,2010-02-21 13:47:00,1.65,15527.0,United Kingdom
C498576,22303,COFFEE MUG APPLES DESIGN,-12,2010-02-21 13:47:00,2.55,15527.0,United Kingdom
C498580,22191,EAU DE NIL DINER WALL CLOCK,-1,2010-02-21 14:51:00,8.5,16797.0,United Kingdom
C498582,22200,FRYING PAN PINK POLKADOT,-1,2010-02-21 15:01:00,4.25,13093.0,United Kingdom
C498582,22111,SCOTTIE DOG HOT WATER BOTTLE,-1,2010-02-21 15:01:00,4.95,13093.0,United Kingdom
C498583,21288,STRIPEY CHOCOLATE NESTING BOXES,-1,2010-02-21 15:02:00,2.95,17547.0,United Kingdom
C498583,22138,BAKING SET 9 PIECE RETROSPOT,-3,2010-02-21 15:02:00,4.95,17547.0,United Kingdom
C498583,22318,FIVE HEART HANGING DECORATION,-2,2010-02-21 15:02:00,2.95,17547.0,United Kingdom
C498586,22202,MILK PAN PINK RETROSPOT,-2,2010-02-21 15:14:00,3.75,15059.0,United Kingdom
C498591,22218,CAKE STAND LACE WHITE,-1,2010-02-21 15:37:00,4.25,15827.0,United Kingdom
C498595,85014C,BLUE/BROWN DOTS RUFFLED UMBRELLA,-192,2010-02-21 15:51:00,3.0,18102.0,United Kingdom
C498595,15056P,EDWARDIAN PARASOL PINK,-240,2010-02-21 15:51:00,3.0,18102.0,United Kingdom
C498598,21769,VINTAGE POST OFFICE CABINET,-1,2010-02-21 16:06:00,79.95,15538.0,United Kingdom
C498599,85067,CREAM SWEETHEART WALL CABINET,-1,2010-02-21 16:06:00,16.95,15538.0,United Kingdom
C498600,21843,RED RETROSPOT CAKE STAND,-1,2010-02-21 16:07:00,9.95,17139.0,United Kingdom
C498602,85232B,SET/3 RUSSIAN DOLL STACKING TINS,-1,2010-02-21 16:09:00,4.95,15326.0,United Kingdom
C498603,21232,STRAWBERRY CERAMIC TRINKET BOX,-1,2010-02-21 16:11:00,1.25,17160.0,United Kingdom
C498603,84755,COLOUR GLASS T-LIGHT HOLDER HANGING,-1,2010-02-21 16:11:00,0.65,17160.0,United Kingdom
C498603,20914,SET/5 RED SPOTTY LID GLASS BOWLS,-1,2010-02-21 16:11:00,2.95,17160.0,United Kingdom
C498603,22274,FELTCRAFT DOLL EMILY,-1,2010-02-21 16:11:00,2.95,17160.0,United Kingdom
C498604,85042,ANTIQUE LILY FAIRY LIGHTS,-3,2010-02-21 16:16:00,4.25,13081.0,United Kingdom
C498604,21479,WHITE SKULL HOT WATER BOTTLE,-1,2010-02-21 16:16:00,3.75,13081.0,United Kingdom
C498604,37495,FAIRY CAKE BIRTHDAY CANDLE SET,-8,2010-02-21 16:16:00,2.95,13081.0,United Kingdom
C498604,15034,PAPER POCKET TRAVELING FAN,-15,2010-02-21 16:16:00,0.07,13081.0,United Kingdom
C498604,85060,WOOD FAN WITH FLOWER DESIGN,-1,2010-02-21 16:16:00,1.25,13081.0,United Kingdom
C498604,85123A,WHITE HANGING HEART T-LIGHT HOLDER,-1,2010-02-21 16:16:00,2.55,13081.0,United Kingdom
C498604,22215,CAKE STAND WHITE TWO TIER LACE,-1,2010-02-21 16:16:00,8.5,13081.0,United Kingdom
C498604,22325,MOBILE VINTAGE HEARTS,-3,2010-02-21 16:16:00,4.95,13081.0,United Kingdom
C498604,71279,PINK GLASS CANDLEHOLDER,-2,2010-02-21 16:16:00,2.95,13081.0,United Kingdom
C498604,37492D,PURPLE GREEN FLOWER PIGGY BANK,-8,2010-02-21 16:16:00,1.65,13081.0,United Kingdom
C498604,21984,PACK OF 12 PINK PAISLEY TISSUES,-12,2010-02-21 16:16:00,0.25,13081.0,United Kingdom
C498605,20727,LUNCH BAG  BLACK SKULL.,-1,2010-02-21 16:17:00,1.65,14038.0,United Kingdom
C498605,85099C,JUMBO  BAG BAROQUE BLACK WHITE,-1,2010-02-21 16:17:00,1.95,14038.0,United Kingdom
C498605,37503,TEA TIME CAKE STAND IN GIFT BOX,-1,2010-02-21 16:17:00,10.75,14038.0,United Kingdom
C498606,35004B,SET OF 3 BLACK FLYING DUCKS,-2,2010-02-21 16:19:00,5.45,12747.0,United Kingdom
C498606,21274,EMBOSSED HEART 3 DRAWER SHELF,-1,2010-02-21 16:19:00,12.75,12747.0,United Kingdom
C498607,21232,STRAWBERRY CERAMIC TRINKET BOX,-6,2010-02-21 16:20:00,1.25,18223.0,United Kingdom
C498608,21258,VICTORIAN SEWING BOX LARGE,-1,2010-02-21 16:21:00,12.75,16225.0,United Kingdom
C498609,84685,BEACH HUT KEY CABINET,-1,2010-02-21 16:22:00,3.75,13163.0,United Kingdom
C498609,21276,TWO EMBOSSED HEART MINI DRAWERS,-2,2010-02-21 16:22:00,6.95,13163.0,United Kingdom
C498619,21479,WHITE SKULL HOT WATER BOTTLE,-1,2010-02-22 10:32:00,3.75,14159.0,United Kingdom
C498703,21733,RED HANGING HEART T-LIGHT HOLDER,-1,2010-02-22 12:37:00,2.55,14680.0,United Kingdom
C498703,85152,HAND OVER THE CHOCOLATE   SIGN,-1,2010-02-22 12:37:00,2.1,14680.0,United Kingdom
C498703,85123A,WHITE HANGING HEART T-LIGHT HOLDER,-5,2010-02-22 12:37:00,2.55,14680.0,United Kingdom
C498703,20726,LUNCH BAG WOODLAND,-3,2010-02-22 12:37:00,1.65,14680.0,United Kingdom
C498703,21556,CERAMIC STRAWBERRY MONEY BOX,-1,2010-02-22 12:37:00,2.55,14680.0,United Kingdom
C498703,22384,LUNCH BAG PINK RETROSPOT,-1,2010-02-22 12:37:00,1.65,14680.0,United Kingdom
C498703,37448,CERAMIC CAKE DESIGN SPOTTED MUG,-2,2010-02-22 12:37:00,1.49,14680.0,United Kingdom
C498703,22352,LUNCH BOX WITH CUTLERY RETROSPOT,-1,2010-02-22 12:37:00,2.55,14680.0,United Kingdom
498731,46000M,POLYESTER FILLER PAD 45x45cm,-100,2010-02-22 15:40:00,0.0,,United Kingdom
C498735,21667,GLASS CAKE COVER AND PLATE,-6,2010-02-22 16:03:00,14.95,16027.0,United Kingdom
C498737,21174,POTTERING IN THE SHED METAL SIGN,-1,2010-02-22 16:08:00,1.95,14783.0,United Kingdom
C498760,22097,SWALLOW SQUARE TISSUE BOX,-4,2010-02-22 17:03:00,1.25,12490.0,France
C498761,84279P,CHERRY BLOSSOM  DECORATIVE FLASK,-2,2010-02-22 17:09:00,3.75,13813.0,Germany
C498777,84927A,WAKE UP COCKEREL TILE HOOK,-1,2010-02-23 10:48:00,2.1,12500.0,Germany
C498777,22243,"HOOK, 5 HANGER ,MAGIC TOADSTOOL RED",-3,2010-02-23 10:48:00,1.65,12500.0,Germany
C498781,22202,MILK PAN PINK RETROSPOT,-8,2010-02-23 10:50:00,3.75,12647.0,Germany
C498781,22303,COFFEE MUG APPLES DESIGN,-2,2010-02-23 10:50:00,2.55,12647.0,Germany
C498782,22328,ROUND SNACK BOXES SET OF 4 FRUITS,-1,2010-02-23 10:56:00,2.95,12755.0,Japan
C498784,20864,DENIM PATCH PENCIL CASE BUTTERFLY,-1,2010-02-23 10:58:00,2.1,12755.0,Japan
C498784,20855,PINK PATCH PURSE BLUE HEART,-1,2010-02-23 10:58:00,1.65,12755.0,Japan
C498784,20857,BLUE ROSE PATCH PURSE PINK BUTTERFL,-1,2010-02-23 10:58:00,1.65,12755.0,Japan
C498784,20854,BLUE PATCH PURSE PINK HEART,-1,2010-02-23 10:58:00,1.65,12755.0,Japan
C498784,20865,PATCHWORK PENCIL CASE BUTTERFLY,-1,2010-02-23 10:58:00,2.1,12755.0,Japan
C498784,22384,LUNCH BAG PINK RETROSPOT,-1,2010-02-23 10:58:00,1.65,12755.0,Japan
C498784,21936,RED RETROSPOT PICNIC BAG,-1,2010-02-23 10:58:00,2.95,12755.0,Japan
C498784,21937,STRAWBERRY   PICNIC BAG,-1,2010-02-23 10:58:00,2.95,12755.0,Japan
C498784,20725,LUNCH BAG RED SPOTTY,-1,2010-02-23 10:58:00,1.65,12755.0,Japan
C498784,22276,WASH BAG VINTAGE ROSE PAISLEY,-1,2010-02-23 10:58:00,2.55,12755.0,Japan
C498784,84568,GIRLS ALPHABET IRON ON PATCHES,-1,2010-02-23 10:58:00,0.21,12755.0,Japan
C498784,20862,PINK PATCH PENCIL CASE BLUE HEART,-1,2010-02-23 10:58:00,2.1,12755.0,Japan
C498784,20863,BLUE PATCH PENCIL CASE PINK HEART,-1,2010-02-23 10:58:00,2.1,12755.0,Japan
C498784,20856,DENIM PATCH PURSE PINK BUTTERFLY,-1,2010-02-23 10:58:00,1.65,12755.0,Japan
C498784,84569A,PACK 3 IRON ON DOG PATCHES,-1,2010-02-23 10:58:00,1.25,12755.0,Japan
C498784,84569C,PACK 4 FLOWER/BUTTERFLY PATCHES,-1,2010-02-23 10:58:00,1.25,12755.0,Japan
C498784,84569D,PACK 6 HEART/ICE-CREAM PATCHES,-1,2010-02-23 10:58:00,1.25,12755.0,Japan
C498784,21647,ASSORTED TUTTI FRUTTI LARGE PURSE,-1,2010-02-23 10:58:00,2.1,12755.0,Japan
C498784,21648,ASSORTED TUTTI FRUTTI SMALL PURSE,-1,2010-02-23 10:58:00,1.25,12755.0,Japan
C498813,21671,RED SPOT CERAMIC DRAWER KNOB,-2,2010-02-23 11:28:00,1.25,12500.0,Germany
C498813,21837,CROSS STITCH ALPHABET CUSHION COVER,-2,2010-02-23 11:28:00,5.95,12500.0,Germany
C498821,22231,JIGSAW TREE WITH BIRDHOUSE,-2,2010-02-23 11:31:00,1.45,12471.0,Germany
C498839,22203,MILK PAN RED RETROSPOT,-2,2010-02-23 11:45:00,3.75,12647.0,Germany
C498854,22269,EGG CUP NATURAL CHICKEN,-1,2010-02-23 12:16:00,1.25,12523.0,France
C498854,22168,ORGANISER WOOD ANTIQUE WHITE,-2,2010-02-23 12:16:00,8.5,12523.0,France
C498854,22220,CAKE STAND LOVEBIRD 2 TIER WHITE,-2,2010-02-23 12:16:00,9.95,12523.0,France
498887,20679,EDWARDIAN PARASOL RED,-330,2010-02-23 13:04:00,0.0,,United Kingdom
498888,15056N,EDWARDIAN PARASOL NATURAL,-700,2010-02-23 13:08:00,0.0,,United Kingdom
C498915,21658,GLASS  BEURRE DISH,-1,2010-02-23 16:40:00,3.95,16992.0,United Kingdom
C498920,20686,DOLLY MIXTURE CHILDREN'S UMBRELLA,-1,2010-02-24 09:16:00,3.25,14329.0,United Kingdom
C498922,22273,FELTCRAFT DOLL MOLLY,-6,2010-02-24 09:26:00,2.95,14911.0,EIRE
498930,72754A,FLOWER FAIRY POTPOURRI CUSHION LILY,-62,2010-02-24 10:24:00,0.0,,United Kingdom
C498985,21539,RED RETROSPOT BUTTER DISH,-1,2010-02-24 11:41:00,4.95,14527.0,United Kingdom
C498985,85232A,SET/3 POLKA DOT STACKING TINS,-1,2010-02-24 11:41:00,4.95,14527.0,United Kingdom
C498985,21527,RED RETROSPOT TRADITIONAL TEAPOT,-1,2010-02-24 11:41:00,6.95,14527.0,United Kingdom
C499008,21730,GLASS STAR FROSTED T-LIGHT HOLDER,-1,2010-02-24 11:56:00,4.95,12907.0,United Kingdom
C499008,21463,MIRRORED DISCO BALL,-6,2010-02-24 11:56:00,5.95,12907.0,United Kingdom
C499008,85180A,RED HEARTS LIGHT CHAIN,-3,2010-02-24 11:56:00,4.65,12907.0,United Kingdom
C499008,85179A,GREEN BITTY LIGHT CHAIN,-3,2010-02-24 11:56:00,4.65,12907.0,United Kingdom
C499037,85123A,WHITE HANGING HEART T-LIGHT HOLDER,-1,2010-02-24 13:06:00,2.55,13982.0,United Kingdom
C499037,21535,RED RETROSPOT SMALL MILK JUG,-1,2010-02-24 13:06:00,2.55,13982.0,United Kingdom
C499037,20724,RED SPOTTY CHARLOTTE BAG,-1,2010-02-24 13:06:00,0.85,13982.0,United Kingdom
C499060,21216,"SET 3 RED SPOT TIN TEA,COFFEE,SUGAR",-1,2010-02-24 14:03:00,4.95,14590.0,United Kingdom
C499060,21527,RED RETROSPOT TRADITIONAL TEAPOT,-1,2010-02-24 14:03:00,6.95,14590.0,United Kingdom
C499060,21539,RED RETROSPOT BUTTER DISH,-2,2010-02-24 14:03:00,4.25,14590.0,United Kingdom
C499068,22300,COFFEE MUG DOG + BALL DESIGN,-6,2010-02-24 15:00:00,2.55,14944.0,United Kingdom
C499068,22301,COFFEE MUG CAT + BIRD DESIGN,-6,2010-02-24 15:00:00,2.55,14944.0,United Kingdom
C499160,21906,PHARMACIE FIRST AID TIN,-10,2010-02-24 16:59:00,6.75,15984.0,United Kingdom
C499162,85066,CREAM SWEETHEART MINI CHEST,-2,2010-02-24 17:01:00,12.75,14558.0,United Kingdom
C499161,21080,SET/20 RED SPOTTY PAPER NAPKINS,-11,2010-02-24 17:01:00,0.85,16406.0,United Kingdom
C499161,84520D,PACK OF 20 FAIRY CAKE PAPER NAPKINS,-11,2010-02-24 17:01:00,0.85,16406.0,United Kingdom
C499203,48187,DOOR MAT NEW ENGLAND,-1,2010-02-25 10:49:00,6.75,13334.0,United Kingdom
C499217,21385,IVORY HANGING DECORATION  HEART,-2,2010-02-25 10:56:00,0.85,13787.0,United Kingdom
C499217,85170C,SET/6 EAU DE NIL BIRD T-LIGHTS,-1,2010-02-25 10:56:00,2.1,13787.0,United Kingdom
C499217,84839,SWEETHEART KEY CABINET,-1,2010-02-25 10:56:00,6.75,13787.0,United Kingdom
C499224,84750A,PINK SMALL GLASS CAKE STAND,-1,2010-02-25 11:46:00,1.95,13735.0,United Kingdom
C499224,21626,VINTAGE UNION JACK PENNANT,-1,2010-02-25 11:46:00,1.95,13735.0,United Kingdom
C499224,21733,RED HANGING HEART T-LIGHT HOLDER,-1,2010-02-25 11:46:00,2.95,13735.0,United Kingdom
C499224,21115,ROSE CARAVAN DOORSTOP,-1,2010-02-25 11:46:00,6.75,13735.0,United Kingdom
C499224,21892,TRADITIONAL WOODEN CATCH CUP GAME,-2,2010-02-25 11:46:00,1.25,13735.0,United Kingdom
C499243,84910A,PINK PAISLEY CUSHION COVER,-13,2010-02-25 13:29:00,5.95,13240.0,United Kingdom
C499251,21533,RETRO SPOT LARGE MILK JUG,-1,2010-02-25 14:42:00,4.95,14898.0,United Kingdom
C499251,21535,RED RETROSPOT SMALL MILK JUG,-3,2010-02-25 14:42:00,2.55,14898.0,United Kingdom
C499251,21527,RED RETROSPOT TRADITIONAL TEAPOT,-1,2010-02-25 14:42:00,7.95,14898.0,United Kingdom
C499265,20791,BLUE TILED SET OF 3 DRAWERS,-5,2010-02-25 15:40:00,12.75,17032.0,United Kingdom
C499277,37447,CERAMIC CAKE DESIGN SPOTTED PLATE,-2,2010-02-25 18:38:00,1.49,13604.0,United Kingdom
C499277,21232,STRAWBERRY CERAMIC TRINKET BOX,-1,2010-02-25 18:38:00,1.25,13604.0,United Kingdom
C499278,20681,PINK SPOTTY CHILDS UMBRELLA,-6,2010-02-25 18:43:00,3.25,14732.0,United Kingdom
C499278,22170,PICTURE FRAME WOOD TRIPLE PORTRAIT,-2,2010-02-25 18:43:00,6.75,14732.0,United Kingdom
C499280,21936,RED RETROSPOT PICNIC BAG,-1,2010-02-25 18:51:00,2.95,14227.0,United Kingdom
C499281,84978,HANGING HEART JAR T-LIGHT HOLDER,-2,2010-02-25 18:53:00,1.25,16327.0,United Kingdom
C499281,84975,HEART SHAPED MIRROR,-3,2010-02-25 18:53:00,1.69,16327.0,United Kingdom
C499282,21166,COOK WITH WINE METAL SIGN,-432,2010-02-25 18:55:00,1.69,16684.0,United Kingdom
C499283,POST,POSTAGE,-1,2010-02-25 18:56:00,7.06,15240.0,United Kingdom
C499286,21844,RED RETROSPOT MUG,-1,2010-02-25 19:14:00,2.95,14276.0,United Kingdom
C499286,21533,RETRO SPOT LARGE MILK JUG,-2,2010-02-25 19:14:00,4.95,14276.0,United Kingdom
C499286,20725,LUNCH BAG RED SPOTTY,-5,2010-02-25 19:14:00,1.65,14276.0,United Kingdom
C499286,20728,LUNCH BAG CARS BLUE,-1,2010-02-25 19:14:00,1.65,14276.0,United Kingdom
C499287,85042,ANTIQUE LILY FAIRY LIGHTS,-2,2010-02-25 19:15:00,4.95,13317.0,United Kingdom
C499287,20914,SET/5 RED SPOTTY LID GLASS BOWLS,-1,2010-02-25 19:15:00,2.95,13317.0,United Kingdom
C499287,21217,RED SPOTTY ROUND CAKE TINS,-1,2010-02-25 19:15:00,9.95,13317.0,United Kingdom
C499287,21232,STRAWBERRY CERAMIC TRINKET BOX,-2,2010-02-25 19:15:00,1.25,13317.0,United Kingdom
C499288,82486,WOOD S/3 CABINET ANT WHITE FINISH,-4,2010-02-25 19:21:00,6.95,18172.0,United Kingdom
C499288,82483,WOOD 2 DRAWER CABINET WHITE FINISH,-2,2010-02-25 19:21:00,4.95,18172.0,United Kingdom
C499289,71053,WHITE METAL LANTERN,-1,2010-02-25 19:23:00,3.75,15270.0,United Kingdom
C499289,22185,SLATE TILE NATURAL HANGING,-1,2010-02-25 19:23:00,1.65,15270.0,United Kingdom
C499289,75049L,LARGE CIRCULAR MIRROR MOBILE,-12,2010-02-25 19:23:00,0.85,15270.0,United Kingdom
C499290,21259,VICTORIAN SEWING BOX SMALL,-1,2010-02-25 19:30:00,5.95,16656.0,United Kingdom
C499291,15056N,EDWARDIAN PARASOL NATURAL,-3,2010-02-25 19:32:00,4.95,13777.0,United Kingdom
C499291,15056BL,EDWARDIAN PARASOL BLACK,-5,2010-02-25 19:32:00,4.95,13777.0,United Kingdom
C499291,21137,BLACK RECORD COVER FRAME,-1,2010-02-25 19:32:00,3.39,13777.0,United Kingdom
C499291,20971,PINK BLUE FELT CRAFT TRINKET BOX,-1,2010-02-25 19:32:00,1.06,13777.0,United Kingdom
C499291,84050,PINK HEART SHAPE EGG FRYING PAN,-2,2010-02-25 19:32:00,1.25,13777.0,United Kingdom
C499291,20779,PINK EAR MUFF HEADPHONES,-2,2010-02-25 19:32:00,4.65,13777.0,United Kingdom
C499291,20934,SET/3 POT PLANT CANDLES,-1,2010-02-25 19:32:00,4.95,13777.0,United Kingdom
C499291,82615,PINK MARSHMALLOW SCARF KNITTING KIT,-2,2010-02-25 19:32:00,2.55,13777.0,United Kingdom
C499291,79301,FEATHER HEART LIGHTS,-6,2010-02-25 19:32:00,2.55,13777.0,United Kingdom
C499291,35004B,SET OF 3 BLACK FLYING DUCKS,-2,2010-02-25 19:32:00,4.65,13777.0,United Kingdom
C499292,21299,EDWARDIAN TOILET ROLL UNIT,-1,2010-02-25 19:33:00,12.75,16560.0,United Kingdom
C499293,85099F,JUMBO BAG STRAWBERRY,-1,2010-02-25 19:34:00,1.95,13599.0,United Kingdom
C499293,22382,LUNCH BAG SPACEBOY DESIGN,-1,2010-02-25 19:34:00,1.65,13599.0,United Kingdom
C499293,21314,SMALL GLASS HEART TRINKET POT,-1,2010-02-25 19:34:00,2.1,13599.0,United Kingdom
C499293,22169,FAMILY ALBUM WHITE PICTURE FRAME,-2,2010-02-25 19:34:00,8.5,13599.0,United Kingdom
C499293,22381,TOY TIDY PINK RETROSPOT,-1,2010-02-25 19:34:00,2.1,13599.0,United Kingdom
C499296,44230,SQUARE MIRROR CURTAIN,-2,2010-02-25 20:10:00,7.95,17883.0,United Kingdom
C499301,21534,DAIRY MAID LARGE MILK JUG,-1,2010-02-25 21:52:00,4.95,13446.0,United Kingdom
C499328,22073,RED RETROSPOT STORAGE JAR,-1,2010-02-26 11:26:00,3.75,14680.0,United Kingdom
C499328,20725,LUNCH BAG RED SPOTTY,-4,2010-02-26 11:26:00,1.65,14680.0,United Kingdom
C499328,21843,RED RETROSPOT CAKE STAND,-1,2010-02-26 11:26:00,10.95,14680.0,United Kingdom
C499328,85123A,WHITE HANGING HEART T-LIGHT HOLDER,-1,2010-02-26 11:26:00,2.55,14680.0,United Kingdom
C499328,21218,RED SPOTTY BISCUIT TIN,-1,2010-02-26 11:26:00,3.75,14680.0,United Kingdom
499371,84782B,BLACK 3 TIER GLASS PLATE STAND,-46,2010-02-26 11:51:00,0.0,,United Kingdom
499373,84782A,PINK 3 TIER GLASS PLATE STAND,-20,2010-02-26 11:52:00,0.0,,United Kingdom
C499374,BANK CHARGES,Bank Charges,-1,2010-02-26 11:55:00,467.54,,United Kingdom
C499375,M,Manual,-1,2010-02-26 11:57:00,664.23,,United Kingdom
C499376,M,Manual,-1,2010-02-26 11:58:00,1466.23,,United Kingdom
C499380,85063,CREAM SWEETHEART MAGAZINE RACK,-1,2010-02-26 12:04:00,16.95,12854.0,United Kingdom
C499380,21534,DAIRY MAID LARGE MILK JUG,-1,2010-02-26 12:04:00,4.95,12854.0,United Kingdom
C499380,21536,DAIRY MAID  SMALL  MILK JUG,-1,2010-02-26 12:04:00,2.1,12854.0,United Kingdom
C499380,84950,ASSORTED COLOUR T-LIGHT HOLDER,-12,2010-02-26 12:04:00,0.85,12854.0,United Kingdom
C499385,48138,DOOR MAT UNION FLAG,-10,2010-02-26 12:12:00,6.35,14258.0,United Kingdom
C499389,22356,"CHARLOTTE BAG , PINK/WHITE SPOTS",-300,2010-02-26 12:44:00,0.72,14646.0,Netherlands
C499389,20725,LUNCH BAG RED SPOTTY,-100,2010-02-26 12:44:00,1.45,14646.0,Netherlands
C499406,22215,CAKE STAND WHITE TWO TIER LACE,-2,2010-02-26 14:42:00,8.5,15309.0,United Kingdom
C499410,22215,CAKE STAND WHITE TWO TIER LACE,-2,2010-02-26 15:01:00,8.5,15309.0,United Kingdom
C499413,85098B,BLUE FLYING SINGING CANARY,-12,2010-02-26 15:52:00,2.95,16807.0,United Kingdom
C499419,21760,FRENCH STYLE WALL DRESSER,-1,2010-02-26 16:26:00,125.0,15538.0,United Kingdom
C499419,22088,PAPER BUNTING COLOURED LACE,-1,2010-02-26 16:26:00,2.95,15538.0,United Kingdom
C499419,71477,COLOUR GLASS. STAR T-LIGHT HOLDER,-1,2010-02-26 16:26:00,3.25,15538.0,United Kingdom
C499419,21685,MEDINA STAMPED METAL TRAY,-1,2010-02-26 16:26:00,14.95,15538.0,United Kingdom
C499419,21628,TRIANGULAR POUFFE VINTAGE,-1,2010-02-26 16:26:00,14.95,15538.0,United Kingdom
C499419,21627,ELEPHANT CARNIVAL POUFFE,-1,2010-02-26 16:26:00,14.95,15538.0,United Kingdom
C499419,21630,FLOOR CUSHION ELEPHANT CARNIVAL,-1,2010-02-26 16:26:00,8.95,15538.0,United Kingdom
C499419,21645,ASSORTED TUTTI FRUTTI ROUND BOX,-3,2010-02-26 16:26:00,1.65,15538.0,United Kingdom
C499419,22303,COFFEE MUG APPLES DESIGN,-1,2010-02-26 16:26:00,2.55,15538.0,United Kingdom
C499419,22120,WELCOME  WOODEN BLOCK LETTERS,-1,2010-02-26 16:26:00,9.95,15538.0,United Kingdom
C499419,21630,FLOOR CUSHION ELEPHANT CARNIVAL,-1,2010-02-26 16:26:00,8.95,15538.0,United Kingdom
C499423,79072,TEATIME CAKE TIN WITH HANDLE,-1,2010-02-26 16:36:00,9.95,14831.0,United Kingdom
C499424,22170,PICTURE FRAME WOOD TRIPLE PORTRAIT,-4,2010-02-26 16:39:00,6.75,13089.0,United Kingdom
C499448,21777,RECIPE BOX WITH METAL HEART,-1,2010-02-26 17:29:00,7.95,14322.0,United Kingdom
C499448,85066,CREAM SWEETHEART MINI CHEST,-2,2010-02-26 17:29:00,12.75,14322.0,United Kingdom
C499462,84625D,WHITE NEWBAROQUE CANDLESTICK CANDLE,-6,2010-02-28 11:22:00,2.95,13564.0,United Kingdom
C499462,21068,VINTAGE BILLBOARD LOVE/HATE MUG,-12,2010-02-28 11:22:00,1.25,13564.0,United Kingdom
C499462,84279B,CHERRY BLOSSOM DECORATIVE FLASK,-1,2010-02-28 11:22:00,3.75,13564.0,United Kingdom
C499462,20941,FROG CANDLE,-1,2010-02-28 11:22:00,1.25,13564.0,United Kingdom
C499462,84978,HANGING HEART JAR T-LIGHT HOLDER,-1,2010-02-28 11:22:00,1.25,13564.0,United Kingdom
C499489,82486,WOOD S/3 CABINET ANT WHITE FINISH,-1,2010-02-28 13:50:00,7.95,16283.0,United Kingdom
C499489,82483,WOOD 2 DRAWER CABINET WHITE FINISH,-1,2010-02-28 13:50:00,5.95,16283.0,United Kingdom
C499489,71053,WHITE METAL LANTERN,-1,2010-02-28 13:50:00,3.75,16283.0,United Kingdom
C499492,21114,LAVENDER SCENTED FABRIC HEART,-20,2010-02-28 14:07:00,1.25,14064.0,United Kingdom
C499493,21114,LAVENDER SCENTED FABRIC HEART,-10,2010-02-28 14:09:00,1.25,14064.0,United Kingdom
C499501,21303,FILIGREE WALL MIRROR  ANTIQUE WHITE,-1,2010-02-28 14:45:00,16.95,13044.0,United Kingdom
C499514,21669,BLUE STRIPE CERAMIC DRAWER KNOB,-24,2010-03-01 09:29:00,1.25,16202.0,United Kingdom
499518,37410,BLACK AND WHITE PAISLEY FLOWER MUG,-355,2010-03-01 10:02:00,0.0,,United Kingdom
C499530,47594B,SCOTTIES DESIGN WASHBAG,-1,2010-03-01 11:28:00,1.95,13446.0,United Kingdom
C499530,21622,VINTAGE UNION JACK CUSHION COVER,-4,2010-03-01 11:28:00,4.95,13446.0,United Kingdom
C499530,79067,CORONA MEXICAN TRAY,-4,2010-03-01 11:28:00,3.75,13446.0,United Kingdom
C499530,85184D,S/4 BLUE ROUND DECOUPAGE BOXES,-4,2010-03-01 11:28:00,2.95,13446.0,United Kingdom
C499530,85066,CREAM SWEETHEART MINI CHEST,-6,2010-03-01 11:28:00,12.75,13446.0,United Kingdom
C499530,21754,HOME BUILDING BLOCK WORD,-3,2010-03-01 11:28:00,5.95,13446.0,United Kingdom
C499530,21756,BATH BUILDING BLOCK WORD,-3,2010-03-01 11:28:00,5.95,13446.0,United Kingdom
C499530,22073,RED RETROSPOT STORAGE JAR,-2,2010-03-01 11:28:00,3.75,13446.0,United Kingdom
C499530,47594A,CAROUSEL DESIGN WASHBAG,-2,2010-03-01 11:28:00,1.95,13446.0,United Kingdom
C499530,21577,SAVE THE PLANET COTTON TOTE BAG,-2,2010-03-01 11:28:00,2.25,13446.0,United Kingdom
C499530,22207,FRYING PAN UNION FLAG,-4,2010-03-01 11:28:00,4.25,13446.0,United Kingdom
C499530,85175,CACTI T-LIGHT CANDLES,-16,2010-03-01 11:28:00,0.42,13446.0,United Kingdom
C499531,21558,SKULL LUNCH BOX WITH CUTLERY,-100,2010-03-01 11:29:00,2.1,14646.0,Netherlands
C499651,79160,HEART SHAPE WIRELESS DOORBELL,-1,2010-03-01 14:34:00,2.1,17841.0,United Kingdom
C499745,85053,FRENCH ENAMEL CANDLEHOLDER,-1,2010-03-02 11:31:00,2.1,14239.0,United Kingdom
C499746,35400,WOODEN BOX ADVENT CALENDAR,-2,2010-03-02 11:33:00,7.95,16109.0,United Kingdom
C499747,85097B,BLUE ROCKING SINGING CANARY,-8,2010-03-02 11:38:00,2.95,16807.0,United Kingdom
C499748,21535,RED RETROSPOT SMALL MILK JUG,-1,2010-03-02 11:40:00,2.55,12909.0,United Kingdom
C499748,21843,RED RETROSPOT CAKE STAND,-1,2010-03-02 11:40:00,10.95,12909.0,United Kingdom
C499748,20730,STRAWBERRY CANDY BAG,-1,2010-03-02 11:40:00,1.25,12909.0,United Kingdom
C499749,21869,POTTING SHED COFFEE MUG,-1,2010-03-02 11:41:00,1.25,15290.0,United Kingdom
C499750,22148,EASTER CRAFT 4 CHICKS,-12,2010-03-02 11:44:00,1.95,15382.0,United Kingdom
C499751,85070,ANT WHITE SWEETHEART TABLE W 3 DRAW,-1,2010-03-02 11:46:00,125.0,17539.0,United Kingdom
C499753,22269,EGG CUP NATURAL CHICKEN,-1,2010-03-02 11:54:00,1.25,16471.0,United Kingdom
C499774,85221,ASSORTED COLOUR SILK COIN PURSE,-108,2010-03-02 13:48:00,1.25,17011.0,United Kingdom
C499776,21532,DAIRY MAID SUGAR JAM BOWL,-3,2010-03-02 13:57:00,2.1,15633.0,United Kingdom
C499776,21540,DAIRY MAID CERAMIC BUTTER DISH,-2,2010-03-02 13:57:00,4.25,15633.0,United Kingdom
C499783,22180,RETRO SPOT LAMP,-2,2010-03-02 14:33:00,9.95,12525.0,France
C499783,21265,PINK GOOSE FEATHER TREE 60CM,-1,2010-03-02 14:33:00,9.95,12525.0,France
C499786,21928,JUMBO BAG SCANDINAVIAN PAISLEY,-1,2010-03-02 14:50:00,1.95,18257.0,United Kingdom
C499786,22384,LUNCH BAG PINK RETROSPOT,-1,2010-03-02 14:50:00,1.65,18257.0,United Kingdom
C499786,22168,ORGANISER WOOD ANTIQUE WHITE,-1,2010-03-02 14:50:00,8.5,18257.0,United Kingdom
C499786,22356,"CHARLOTTE BAG , PINK/WHITE SPOTS",-2,2010-03-02 14:50:00,0.85,18257.0,United Kingdom
C499787,17021,NAMASTE SWAGAT INCENSE,-36,2010-03-02 14:51:00,0.3,13287.0,United Kingdom
C499790,21658,GLASS  BEURRE DISH,-1,2010-03-02 15:01:00,3.95,12972.0,United Kingdom
C499790,21396,RED SPOTTY EGG CUP,-5,2010-03-02 15:01:00,1.25,12972.0,United Kingdom
C499790,21535,RED RETROSPOT SMALL MILK JUG,-1,2010-03-02 15:01:00,2.55,12972.0,United Kingdom
C499790,21534,DAIRY MAID LARGE MILK JUG,-1,2010-03-02 15:01:00,4.95,12972.0,United Kingdom
C499790,21781,MA CAMPAGNE CUTLERY BOX,-1,2010-03-02 15:01:00,14.95,12972.0,United Kingdom
C499791,21735,TWO DOOR CURIO CABINET,-2,2010-03-02 15:03:00,12.75,16631.0,United Kingdom
C499793,22184,CAKE STAND VICTORIAN FILIGREE LARGE,-1,2010-03-02 15:15:00,8.5,14495.0,United Kingdom
C499794,22170,PICTURE FRAME WOOD TRIPLE PORTRAIT,-4,2010-03-02 15:16:00,6.75,13431.0,United Kingdom
C499796,85232A,SET/3 POLKA DOT STACKING TINS,-1,2010-03-02 15:27:00,4.95,13393.0,United Kingdom
C499796,84600,NEW BAROQUE JEWELLERY BOX,-1,2010-03-02 15:27:00,7.95,13393.0,United Kingdom
C499796,84611B,BLACK NEW BAROQUE FLOCK BOX,-1,2010-03-02 15:27:00,5.95,13393.0,United Kingdom
C499808,22278,OVERNIGHT BAG VINTAGE ROSE PAISLEY,-3,2010-03-02 15:51:00,4.95,12785.0,Portugal
C499818,84949,SILVER HANGING T-LIGHT HOLDER,-6,2010-03-02 16:02:00,1.65,13513.0,United Kingdom
C499818,22273,FELTCRAFT DOLL MOLLY,-6,2010-03-02 16:02:00,2.95,13513.0,United Kingdom
C499819,35004C,SET OF 3 COLOURED  FLYING DUCKS,-2,2010-03-02 16:06:00,4.65,12980.0,United Kingdom
C499821,84625C,BLUE NEW BAROQUE CANDLESTICK CANDLE,-12,2010-03-02 16:09:00,2.95,12663.0,Germany
C499827,21527,RED RETROSPOT TRADITIONAL TEAPOT,-2,2010-03-02 16:12:00,6.95,14944.0,United Kingdom
C499832,79323B,BLACK CHERRY LIGHTS,-3,2010-03-02 16:13:00,6.75,13711.0,United Kingdom
C499851,21462,"NURSERY A,B,C PAINTED LETTERS",-1,2010-03-02 16:40:00,6.75,16520.0,United Kingdom
C499852,21278,VINTAGE KITCHEN PRINT PUDDINGS,-2,2010-03-02 16:42:00,2.55,13883.0,United Kingdom
C499862,22489,PACK OF 12 TRADITIONAL CRAYONS,-4,2010-03-02 17:10:00,0.42,13593.0,United Kingdom
C499867,79072,TEATIME CAKE TIN WITH HANDLE,-1,2010-03-02 17:20:00,9.95,14831.0,United Kingdom
C499868,84688,BEACH HUT DESIGN BLACKBOARD,-4,2010-03-02 17:22:00,4.25,13287.0,United Kingdom
C499868,21232,STRAWBERRY CERAMIC TRINKET BOX,-4,2010-03-02 17:22:00,1.25,13287.0,United Kingdom
C499869,22138,BAKING SET 9 PIECE RETROSPOT,-1,2010-03-02 17:23:00,4.95,15673.0,United Kingdom
C499870,21527,RED RETROSPOT TRADITIONAL TEAPOT,-1,2010-03-02 17:24:00,6.95,14113.0,United Kingdom
C499870,22300,COFFEE MUG DOG + BALL DESIGN,-5,2010-03-02 17:24:00,2.55,14113.0,United Kingdom
C499871,22199,FRYING PAN RED POLKADOT,-2,2010-03-02 17:24:00,4.25,13093.0,United Kingdom
C499871,22203,MILK PAN RED RETROSPOT,-2,2010-03-02 17:24:00,3.75,13093.0,United Kingdom
C499871,22202,MILK PAN PINK RETROSPOT,-3,2010-03-02 17:24:00,3.75,13093.0,United Kingdom
C499872,21232,STRAWBERRY CERAMIC TRINKET BOX,-3,2010-03-02 17:25:00,1.25,15321.0,United Kingdom
C499885,21731,RED TOADSTOOL LED NIGHT LIGHT,-2,2010-03-03 11:12:00,1.65,12472.0,Germany
C499885,22378,WALL TIDY RETROSPOT,-2,2010-03-03 11:12:00,2.1,12472.0,Germany
C499885,20712,JUMBO BAG WOODLAND ANIMALS,-1,2010-03-03 11:12:00,1.95,12472.0,Germany
C499885,22385,JUMBO BAG SPACEBOY DESIGN,-1,2010-03-03 11:12:00,1.95,12472.0,Germany
C499888,21399,BLUE  SPOTTY  COFFEE MUG,-1,2010-03-03 11:22:00,2.1,12426.0,Germany
C499888,21424,WOODLAND STORAGE BOX LARGE,-1,2010-03-03 11:22:00,2.95,12426.0,Germany
C499888,71403,"PINK/WHITE ""KEEP CLEAN"" BULLET BIN",-2,2010-03-03 11:22:00,2.95,12426.0,Germany
C499888,21528,DAIRY MAID TRADITIONAL TEAPOT,-1,2010-03-03 11:22:00,6.95,12426.0,Germany
C499888,21527,RED RETROSPOT TRADITIONAL TEAPOT,-2,2010-03-03 11:22:00,7.95,12426.0,Germany
C499889,21563,RED HEART SHAPE LOVE BUCKET,-2,2010-03-03 11:32:00,2.95,14606.0,United Kingdom
C499889,22188,BLACK HEART CARD HOLDER,-1,2010-03-03 11:32:00,3.95,14606.0,United Kingdom
C499892,79323P,PINK CHERRY LIGHTS,-1,2010-03-03 11:39:00,6.75,13820.0,United Kingdom
C499896,22192,BLUE DINER WALL CLOCK,-1,2010-03-03 11:52:00,8.5,13097.0,United Kingdom
C499896,21658,GLASS  BEURRE DISH,-1,2010-03-03 11:52:00,3.95,13097.0,United Kingdom
C499896,85097B,BLUE ROCKING SINGING CANARY,-1,2010-03-03 11:52:00,3.75,13097.0,United Kingdom
C499898,85088,CANDY SPOT HAND BAG,-2,2010-03-03 11:54:00,2.1,14593.0,United Kingdom
C499916,85042,ANTIQUE LILY FAIRY LIGHTS,-2,2010-03-03 12:11:00,4.25,15311.0,United Kingdom
C499916,85047,WHITE BEADED GARLAND STRING 20LIGHT,-2,2010-03-03 12:11:00,5.55,15311.0,United Kingdom
C499916,84750A,PINK SMALL GLASS CAKE STAND,-6,2010-03-03 12:11:00,1.65,15311.0,United Kingdom
C499917,17013C,ORIGAMI LAVENDER INCENSE IN TUBE,-96,2010-03-03 12:16:00,0.42,14298.0,United Kingdom
C499920,21833,CAMOUFLAGE LED TORCH,-1,2010-03-03 12:20:00,1.69,15015.0,United Kingdom
C499920,22236,CAKE STAND 3 TIER MAGIC GARDEN,-1,2010-03-03 12:20:00,12.75,15015.0,United Kingdom
C499920,21549,CERAMIC BIRDHOUSE RED ROOF SMALL,-2,2010-03-03 12:20:00,2.95,15015.0,United Kingdom
C499943,22054,MINI CAKE STAND HANGING HEARTS,-1,2010-03-03 12:31:00,1.65,12835.0,United Kingdom
C499963,22071,SMALL WHITE RETROSPOT MUG IN BOX,-1,2010-03-03 13:15:00,3.75,16118.0,United Kingdom
499976,17013C,ORIGAMI LAVENDER INCENSE IN TUBE,-800,2010-03-03 14:45:00,0.0,,United Kingdom
C499978,82607A,GLASS BONBON JAR PARFUME AUX FLEURE,-2,2010-03-03 15:15:00,1.25,13797.0,United Kingdom
C499978,85121B,RETRO LAUNDRY TUB PINK,-1,2010-03-03 15:15:00,8.5,13797.0,United Kingdom
C499983,85123A,WHITE HANGING HEART T-LIGHT HOLDER,-1,2010-03-03 15:59:00,2.95,15321.0,United Kingdom
C499984,21239,PINK  SPOTTY CUP,-8,2010-03-03 16:02:00,0.85,12598.0,France
C499984,21243,PINK  SPOTTY PLATE,-8,2010-03-03 16:02:00,1.69,12598.0,France
C499987,21298,EDWARDIAN 2 DRAWER WALL CABINET,-1,2010-03-03 16:13:00,12.75,13044.0,United Kingdom
C500000,21303,FILIGREE WALL MIRROR  ANTIQUE WHITE,-2,2010-03-04 09:38:00,5.95,13948.0,United Kingdom
C500002,20821,GOLDIE LOOKING MIRROR,-2,2010-03-04 09:39:00,4.95,17213.0,United Kingdom
C500002,82483,WOOD 2 DRAWER CABINET WHITE FINISH,-1,2010-03-04 09:39:00,5.95,17213.0,United Kingdom
C500002,79323B,BLACK CHERRY LIGHTS,-1,2010-03-04 09:39:00,6.75,17213.0,United Kingdom
C500002,79323P,PINK CHERRY LIGHTS,-1,2010-03-04 09:39:00,6.75,17213.0,United Kingdom
C500003,21099,SET/6 STRAWBERRY PAPER CUPS,-96,2010-03-04 09:42:00,0.65,16422.0,United Kingdom
C500004,22165,"DIAMANTE HEART SHAPED WALL MIRROR,",-1,2010-03-04 09:45:00,12.75,17861.0,United Kingdom
500005,84934,ASSTD DESIGN POP ART SLIM PEN,-1782,2010-03-04 09:49:00,0.0,,United Kingdom
C500011,48111,DOOR MAT 3 SMILEY CATS,-10,2010-03-04 10:14:00,5.95,18087.0,United Kingdom
C500013,21833,CAMOUFLAGE LED TORCH,-12,2010-03-04 10:26:00,1.69,15015.0,United Kingdom
C500016,84750A,PINK SMALL GLASS CAKE STAND,-1,2010-03-04 10:34:00,1.95,12391.0,Cyprus
C500016,22202,MILK PAN PINK RETROSPOT,-1,2010-03-04 10:34:00,3.75,12391.0,Cyprus
C500016,21658,GLASS  BEURRE DISH,-1,2010-03-04 10:34:00,3.95,12391.0,Cyprus
C500016,22218,CAKE STAND LACE WHITE,-1,2010-03-04 10:34:00,4.25,12391.0,Cyprus
C500016,79067,CORONA MEXICAN TRAY,-2,2010-03-04 10:34:00,3.75,12391.0,Cyprus
C500016,20799,PINK MILKSHAKE GLASS,-2,2010-03-04 10:34:00,2.1,12391.0,Cyprus
C500026,21298,EDWARDIAN 2 DRAWER WALL CABINET,-1,2010-03-04 11:18:00,35.95,14527.0,United Kingdom
C500079,22203,MILK PAN RED RETROSPOT,-3,2010-03-04 11:51:00,3.75,13758.0,United Kingdom
C500081,M,Manual,-1,2010-03-04 11:52:00,102.84,13758.0,United Kingdom
C500090,85162A,SILVER RETRODISC LAMPSHADE,-1,2010-03-04 12:03:00,9.95,17763.0,United Kingdom
C500090,22385,JUMBO BAG SPACEBOY DESIGN,-1,2010-03-04 12:03:00,1.95,17763.0,United Kingdom
C500090,75049L,LARGE CIRCULAR MIRROR MOBILE,-6,2010-03-04 12:03:00,1.25,17763.0,United Kingdom
C500090,20893,HANGING BAUBLE T-LIGHT HOLDER SMALL,-2,2010-03-04 12:03:00,2.55,17763.0,United Kingdom
C500090,20894,HANGING BAUBLE T-LIGHT HOLDER LARGE,-3,2010-03-04 12:03:00,2.95,17763.0,United Kingdom
C500090,85211,S/4 GROOVY CAT MAGNETS,-1,2010-03-04 12:03:00,1.65,17763.0,United Kingdom
C500095,M,Manual,-1,2010-03-04 12:30:00,308.74,13097.0,United Kingdom
C500127,22061,LARGE CAKE STAND  HANGING STRAWBERY,-1,2010-03-04 14:42:00,9.95,15504.0,United Kingdom
C500131,20828,GLITTER BUTTERFLY CLIPS,-6,2010-03-04 14:58:00,2.55,13610.0,United Kingdom
C500152,22142,CHRISTMAS CRAFT WHITE FAIRY,-1,2010-03-04 17:49:00,1.45,17931.0,United Kingdom
C500154,22114,HOT WATER BOTTLE TEA AND SYMPATHY,-2,2010-03-04 17:55:00,3.95,17931.0,United Kingdom
C500156,21069,VINTAGE BILLBOARD TEA MUG,-6,2010-03-04 18:02:00,1.25,17931.0,United Kingdom
500258,21752,GLASS CAKE STAND MIRRORED BASE,-53,2010-03-05 13:36:00,0.0,,United Kingdom
C500305,S,SAMPLES,-1,2010-03-07 10:59:00,73.8,,United Kingdom
C500307,21303,FILIGREE WALL MIRROR  ANTIQUE WHITE,-1,2010-03-07 11:02:00,5.95,17477.0,United Kingdom
C500308,16235,RECYCLED PENCIL WITH RABBIT ERASER,-60,2010-03-07 11:05:00,0.21,15279.0,United Kingdom
C500309,S,SAMPLES,-1,2010-03-07 11:09:00,32.03,,United Kingdom
C500314,21985,PACK OF 12 HEARTS DESIGN TISSUES,-48,2010-03-07 11:51:00,0.29,16136.0,United Kingdom
C500314,21733,RED HANGING HEART T-LIGHT HOLDER,-4,2010-03-07 11:51:00,2.95,16136.0,United Kingdom
C500319,BANK CHARGES,Bank Charges,-11,2010-03-07 12:02:00,0.96,,United Kingdom
500321,84016,FLAG OF ST GEORGE CAR FLAG,-3300,2010-03-07 12:03:00,0.0,,United Kingdom
C500345,84937,KASHMIR FOLKART TUMBLERS,-6,2010-03-07 14:49:00,2.1,17969.0,United Kingdom
C500345,85042,ANTIQUE LILY FAIRY LIGHTS,-1,2010-03-07 14:49:00,4.95,17969.0,United Kingdom
C500352,BANK CHARGES,Bank Charges,-1,2010-03-07 15:08:00,11.29,,United Kingdom
C500494,C2,CARRIAGE,-1,2010-03-08 12:59:00,50.0,13377.0,United Kingdom
C500507,21298,EDWARDIAN 2 DRAWER WALL CABINET,-1,2010-03-08 13:50:00,12.75,16103.0,United Kingdom
C500507,84770,ROUND GEORGIAN SILVER MIRROR,-6,2010-03-08 13:50:00,2.95,16103.0,United Kingdom
C500542,21429,RED GINGHAM ROSE JEWELLERY BOX,-2,2010-03-08 15:30:00,1.65,12525.0,France
C500542,22358,KINGS CHOICE TEA CADDY,-1,2010-03-08 15:30:00,2.95,12525.0,France
C500542,85232B,SET/3 RUSSIAN DOLL STACKING TINS,-2,2010-03-08 15:30:00,4.95,12525.0,France
C500542,22386,JUMBO BAG PINK WITH WHITE SPOTS,-1,2010-03-08 15:30:00,1.95,12525.0,France
C500546,21527,RED RETROSPOT TRADITIONAL TEAPOT,-2,2010-03-08 15:32:00,7.95,12809.0,Portugal
C500551,85232A,SET/3 POLKA DOT STACKING TINS,-6,2010-03-08 15:33:00,4.95,12708.0,Germany
500562,84839,SWEETHEART KEY CABINET,-26,2010-03-08 15:37:00,0.0,,United Kingdom
C500565,85066,CREAM SWEETHEART MINI CHEST,-2,2010-03-08 15:48:00,12.75,15767.0,United Kingdom
C500565,85123A,WHITE HANGING HEART T-LIGHT HOLDER,-12,2010-03-08 15:48:00,2.95,15767.0,United Kingdom
C500565,85232B,SET/3 RUSSIAN DOLL STACKING TINS,-3,2010-03-08 15:48:00,4.95,15767.0,United Kingdom
C500565,21533,RETRO SPOT LARGE MILK JUG,-6,2010-03-08 15:48:00,4.95,15767.0,United Kingdom
C500565,21535,RED RETROSPOT SMALL MILK JUG,-6,2010-03-08 15:48:00,2.55,15767.0,United Kingdom
C500565,15056N,EDWARDIAN PARASOL NATURAL,-12,2010-03-08 15:48:00,5.95,15767.0,United Kingdom
C500565,20679,EDWARDIAN PARASOL RED,-3,2010-03-08 15:48:00,5.95,15767.0,United Kingdom
C500565,15056BL,EDWARDIAN PARASOL BLACK,-3,2010-03-08 15:48:00,5.95,15767.0,United Kingdom
C500573,79323LP,LIGHT PINK CHERRY LIGHTS,-8,2010-03-08 16:28:00,6.75,17661.0,United Kingdom
C500594,22300,COFFEE MUG DOG + BALL DESIGN,-2,2010-03-09 10:29:00,2.55,13008.0,United Kingdom
500623,82494L,WOODEN FRAME ANTIQUE WHITE,-310,2010-03-09 10:48:00,0.0,,United Kingdom
C500694,M,Manual,-1,2010-03-09 12:37:00,2.55,15769.0,United Kingdom
C500697,M,Manual,-1,2010-03-09 12:53:00,373.57,,United Kingdom
C500698,POST,POSTAGE,-1,2010-03-09 13:02:00,25.0,14911.0,EIRE
C500698,37449,CERAMIC CAKE STAND + HANGING CAKES,-2,2010-03-09 13:02:00,9.95,14911.0,EIRE
C500698,79072,TEATIME CAKE TIN WITH HANDLE,-2,2010-03-09 13:02:00,9.95,14911.0,EIRE
C500698,21258,VICTORIAN SEWING BOX LARGE,-1,2010-03-09 13:02:00,12.75,14911.0,EIRE
C500700,M,Manual,-1,2010-03-09 13:20:00,40.68,,United Kingdom
C500705,22208,WOOD STAMP SET THANK YOU,-12,2010-03-09 13:46:00,1.65,14748.0,United Kingdom
C500705,22210,WOOD STAMP SET BEST WISHES,-12,2010-03-09 13:46:00,1.65,14748.0,United Kingdom
C500705,22209,WOOD STAMP SET HAPPY BIRTHDAY,-12,2010-03-09 13:46:00,1.65,14748.0,United Kingdom
C500705,16237,SLEEPING CAT ERASERS,-30,2010-03-09 13:46:00,0.21,14748.0,United Kingdom
C500705,16236,KITTY PENCIL ERASERS,-28,2010-03-09 13:46:00,0.21,14748.0,United Kingdom
C500705,16043,POP ART PUSH DOWN RUBBER,-24,2010-03-09 13:46:00,0.42,14748.0,United Kingdom
C500705,10120,DOGGY RUBBER,-30,2010-03-09 13:46:00,0.21,14748.0,United Kingdom
C500705,47480,HANGING PHOTO CLIP ROPE LADDER,-12,2010-03-09 13:46:00,1.65,14748.0,United Kingdom
C500705,20766,GARDEN PATH SKETCHBOOK,-4,2010-03-09 13:46:00,3.75,14748.0,United Kingdom
C500705,20763,DAISY SKETCHBOOK,-4,2010-03-09 13:46:00,3.75,14748.0,United Kingdom
C500705,20765,CHRYSANTHEMUM SKETCHBOOK,-4,2010-03-09 13:46:00,3.75,14748.0,United Kingdom
C500705,20762,GREEN FERN SKETCHBOOK,-4,2010-03-09 13:46:00,3.75,14748.0,United Kingdom
C500705,20761,BLUE PAISLEY SKETCHBOOK,-4,2010-03-09 13:46:00,3.75,14748.0,United Kingdom
C500705,20764,ABSTRACT CIRCLES SKETCHBOOK,-4,2010-03-09 13:46:00,3.75,14748.0,United Kingdom
C500705,16216,LETTER SHAPE PENCIL SHARPENER,-80,2010-03-09 13:46:00,0.16,14748.0,United Kingdom
C500705,20772,GARDEN PATH JOURNAL,-6,2010-03-09 13:46:00,2.55,14748.0,United Kingdom
C500705,20767,BLUE PAISLEY JOURNAL,-6,2010-03-09 13:46:00,2.55,14748.0,United Kingdom
C500705,20770,ABSTRACT CIRCLE JOURNAL,-6,2010-03-09 13:46:00,2.55,14748.0,United Kingdom
C500705,20771,CHRYSANTHEMUM  JOURNAL,-6,2010-03-09 13:46:00,2.55,14748.0,United Kingdom
C500705,22610,PENS ASSORTED FUNNY FACE,-36,2010-03-09 13:46:00,0.85,14748.0,United Kingdom
C500705,22609,PENS ASSORTED SPACEBALL,-36,2010-03-09 13:46:00,0.85,14748.0,United Kingdom
C500705,22608,PENS ASSORTED FUNKY JEWELED,-36,2010-03-09 13:46:00,0.85,14748.0,United Kingdom
C500707,M,Manual,-1,2010-03-09 13:53:00,774.04,,United Kingdom
C500708,BANK CHARGES,Bank Charges,-1,2010-03-09 13:56:00,372.3,,United Kingdom
C500709,21257,VICTORIAN SEWING BOX MEDIUM,-1,2010-03-09 13:58:00,7.95,15722.0,United Kingdom
C500709,82483,WOOD 2 DRAWER CABINET WHITE FINISH,-1,2010-03-09 13:58:00,5.95,15722.0,United Kingdom
C500709,22171,3 HOOK PHOTO SHELF ANTIQUE WHITE,-1,2010-03-09 13:58:00,8.5,15722.0,United Kingdom
C500709,M,Manual,-2,2010-03-09 13:58:00,5.95,15722.0,United Kingdom
C500709,82482,WOODEN PICTURE FRAME WHITE FINISH,-1,2010-03-09 13:58:00,2.55,15722.0,United Kingdom
C500709,84836,ZINC METAL HEART DECORATION,-2,2010-03-09 13:58:00,1.25,15722.0,United Kingdom
C500710,M,Manual,-1,2010-03-09 13:59:00,255.24,,United Kingdom
C500722,21645,ASSORTED TUTTI FRUTTI ROUND BOX,-3,2010-03-09 15:40:00,1.65,15538.0,United Kingdom
C500722,21634,ASSORTED MINI MADRAS NOTEBOOK,-1,2010-03-09 15:40:00,1.25,15538.0,United Kingdom
C500722,21639,ASSORTED TUTTI FRUTTI KEYRING,-3,2010-03-09 15:40:00,0.85,15538.0,United Kingdom
C500722,21648,ASSORTED TUTTI FRUTTI SMALL PURSE,-3,2010-03-09 15:40:00,1.25,15538.0,United Kingdom
C500723,85123A,WHITE HANGING HEART T-LIGHT HOLDER,-1,2010-03-09 15:43:00,2.95,17644.0,United Kingdom
C500723,21536,DAIRY MAID  SMALL  MILK JUG,-1,2010-03-09 15:43:00,2.1,17644.0,United Kingdom
C500723,21533,RETRO SPOT LARGE MILK JUG,-2,2010-03-09 15:43:00,4.95,17644.0,United Kingdom
C500723,21535,RED RETROSPOT SMALL MILK JUG,-1,2010-03-09 15:43:00,2.55,17644.0,United Kingdom
C500724,22061,LARGE CAKE STAND  HANGING STRAWBERY,-1,2010-03-09 15:44:00,9.95,14156.0,EIRE
C500724,22198,LARGE POPCORN HOLDER,-5,2010-03-09 15:44:00,1.65,14156.0,EIRE
C500725,22070,SMALL RED RETROSPOT MUG IN BOX,-3,2010-03-09 15:45:00,3.75,14112.0,United Kingdom
C500725,22071,SMALL WHITE RETROSPOT MUG IN BOX,-2,2010-03-09 15:45:00,3.75,14112.0,United Kingdom
C500725,22326,ROUND SNACK BOXES SET OF4 WOODLAND,-1,2010-03-09 15:45:00,2.95,14112.0,United Kingdom
C500725,22138,BAKING SET 9 PIECE RETROSPOT,-1,2010-03-09 15:45:00,4.95,14112.0,United Kingdom
C500725,21683,MEDIUM MEDINA STAMPED METAL BOWL,-1,2010-03-09 15:45:00,2.95,14112.0,United Kingdom
C500726,22609,PENS ASSORTED SPACEBALL,-36,2010-03-09 15:47:00,0.85,14112.0,United Kingdom
C500727,84836,ZINC METAL HEART DECORATION,-12,2010-03-09 15:49:00,1.25,13662.0,United Kingdom
C500727,37450,CERAMIC CAKE BOWL + HANGING CAKES,-1,2010-03-09 15:49:00,2.95,13662.0,United Kingdom
C500729,21298,EDWARDIAN 2 DRAWER WALL CABINET,-2,2010-03-09 16:02:00,12.75,15291.0,United Kingdom
C500731,22236,CAKE STAND 3 TIER MAGIC GARDEN,-1,2010-03-09 16:07:00,12.75,15827.0,United Kingdom
C500731,21232,STRAWBERRY CERAMIC TRINKET BOX,-1,2010-03-09 16:07:00,1.25,15827.0,United Kingdom
C500731,21667,GLASS CAKE COVER AND PLATE,-1,2010-03-09 16:07:00,16.95,15827.0,United Kingdom
C500732,71459,HANGING JAM JAR T-LIGHT HOLDER,-1,2010-03-09 16:11:00,0.85,17049.0,United Kingdom
C500732,79323GR,GREEN CHERRY LIGHTS,-2,2010-03-09 16:11:00,6.75,17049.0,United Kingdom
C500732,20679,EDWARDIAN PARASOL RED,-1,2010-03-09 16:11:00,5.95,17049.0,United Kingdom
C500733,22157,ANGEL DECORATION WITH LACE PADDED,-48,2010-03-09 16:25:00,0.85,13089.0,United Kingdom
C500733,22153,ANGEL DECORATION STARS ON DRESS,-48,2010-03-09 16:25:00,0.42,13089.0,United Kingdom
C500733,22338,STAR DECORATION PAINTED ZINC,-36,2010-03-09 16:25:00,0.65,13089.0,United Kingdom
C500733,22339,CHRISTMAS TREE PAINTED ZINC,-36,2010-03-09 16:25:00,0.65,13089.0,United Kingdom
C500740,82483,WOOD 2 DRAWER CABINET WHITE FINISH,-1,2010-03-09 16:43:00,5.95,16947.0,United Kingdom
C500740,21535,RED RETROSPOT SMALL MILK JUG,-1,2010-03-09 16:43:00,2.55,16947.0,United Kingdom
C500742,22207,FRYING PAN UNION FLAG,-6,2010-03-09 17:16:00,4.25,15856.0,United Kingdom
C500748,22278,OVERNIGHT BAG VINTAGE ROSE PAISLEY,-1,2010-03-10 10:00:00,4.95,14852.0,United Kingdom
C500750,21186,WHITE DOVE HONEYCOMB PAPER GARLAND,-10,2010-03-10 10:25:00,1.45,12931.0,United Kingdom
C500750,21172,PARTY METAL SIGN,-4,2010-03-10 10:25:00,1.25,12931.0,United Kingdom
C500755,21232,STRAWBERRY CERAMIC TRINKET BOX,-2,2010-03-10 10:33:00,1.25,13377.0,United Kingdom
C500755,21539,RED RETROSPOT BUTTER DISH,-1,2010-03-10 10:33:00,4.95,13377.0,United Kingdom
C500760,20914,SET/5 RED SPOTTY LID GLASS BOWLS,-2,2010-03-10 10:35:00,2.55,13093.0,United Kingdom
C500764,21153,RED SPOTTY TABLECLOTH,-1,2010-03-10 10:35:00,10.65,13890.0,United Kingdom
C500769,22192,BLUE DINER WALL CLOCK,-1,2010-03-10 10:37:00,8.5,17442.0,United Kingdom
C500772,22319,HAIRCLIPS FORTIES FABRIC ASSORTED,-12,2010-03-10 10:38:00,0.65,13178.0,United Kingdom
C500774,22070,SMALL RED RETROSPOT MUG IN BOX,-6,2010-03-10 10:42:00,3.75,16946.0,United Kingdom
C500783,84975,HEART SHAPED MIRROR,-2,2010-03-10 10:50:00,1.69,15309.0,United Kingdom
C500790,75049L,LARGE CIRCULAR MIRROR MOBILE,-8,2010-03-10 10:53:00,0.85,18064.0,United Kingdom
C500798,22197,SMALL POPCORN HOLDER,-2,2010-03-10 10:57:00,0.85,14156.0,EIRE
500815,17027A,INCENSE BAZAAR CANNABIS,-370,2010-03-10 11:03:00,0.0,,United Kingdom
C500826,22061,LARGE CAKE STAND  HANGING STRAWBERY,-1,2010-03-10 11:09:00,9.95,16523.0,United Kingdom
C500831,22384,LUNCH BAG PINK RETROSPOT,-1,2010-03-10 11:32:00,1.65,14680.0,United Kingdom
C500831,20726,LUNCH BAG WOODLAND,-1,2010-03-10 11:32:00,1.65,14680.0,United Kingdom
C500831,85123A,WHITE HANGING HEART T-LIGHT HOLDER,-1,2010-03-10 11:32:00,2.55,14680.0,United Kingdom
C500831,22386,JUMBO BAG PINK WITH WHITE SPOTS,-1,2010-03-10 11:32:00,1.95,14680.0,United Kingdom
C500831,21535,RED RETROSPOT SMALL MILK JUG,-1,2010-03-10 11:32:00,2.55,14680.0,United Kingdom
C500831,22073,RED RETROSPOT STORAGE JAR,-1,2010-03-10 11:32:00,3.75,14680.0,United Kingdom
C500831,21843,RED RETROSPOT CAKE STAND,-1,2010-03-10 11:32:00,10.95,14680.0,United Kingdom
C500831,21537,RED RETROSPOT PUDDING BOWL,-1,2010-03-10 11:32:00,4.25,14680.0,United Kingdom
C500833,22457,NATURAL SLATE HEART CHALKBOARD,-7,2010-03-10 11:35:00,2.95,17377.0,United Kingdom
C500835,21559,STRAWBERRY LUNCH BOX WITH CUTLERY,-1,2010-03-10 11:51:00,2.55,12437.0,France
C500835,22326,ROUND SNACK BOXES SET OF4 WOODLAND,-1,2010-03-10 11:51:00,2.95,12437.0,France
C500835,21432,SET OF 3 CASES WOODLAND DESIGN,-2,2010-03-10 11:51:00,5.95,12437.0,France
C500835,21892,TRADITIONAL WOODEN CATCH CUP GAME,-12,2010-03-10 11:51:00,1.25,12437.0,France
C500841,84978,HANGING HEART JAR T-LIGHT HOLDER,-72,2010-03-10 12:11:00,1.06,13413.0,United Kingdom
C500842,M,Manual,-1,2010-03-10 12:12:00,7.32,13413.0,United Kingdom
C500865,21212,PACK OF 72 RETRO SPOT CAKE CASES,-48,2010-03-10 13:00:00,0.55,14680.0,United Kingdom
C500865,21212,PACK OF 72 RETRO SPOT CAKE CASES,-72,2010-03-10 13:00:00,0.55,14680.0,United Kingdom
C500877,POST,POSTAGE,-1,2010-03-10 14:05:00,2.7,17675.0,United Kingdom
C500887,22163,HEART STRING MEMO HOLDER HANGING,-24,2010-03-10 15:30:00,2.95,15558.0,United Kingdom
C500969,72807B,SET/3 OCEAN SCENT CANDLE JEWEL BOX,-1,2010-03-11 12:51:00,4.25,16933.0,United Kingdom
C500969,22268,EASTER DECORATION SITTING BUNNY,-1,2010-03-11 12:51:00,0.85,16933.0,United Kingdom
C500969,22228,BUNNY WOODEN PAINTED WITH BIRD,-2,2010-03-11 12:51:00,0.85,16933.0,United Kingdom
C500969,85123A,WHITE HANGING HEART T-LIGHT HOLDER,-1,2010-03-11 12:51:00,2.55,16933.0,United Kingdom
C500969,21777,RECIPE BOX WITH METAL HEART,-2,2010-03-11 12:51:00,7.95,16933.0,United Kingdom
C500972,22461,SAVOY ART DECO CLOCK,-1,2010-03-11 13:11:00,12.75,14172.0,United Kingdom
C501003,35637A,IVORY STRING CURTAIN WITH POLE,-1,2010-03-11 14:08:00,5.95,17841.0,United Kingdom
C501003,79160,HEART SHAPE WIRELESS DOORBELL,-3,2010-03-11 14:08:00,2.1,17841.0,United Kingdom
C501027,84919,BLUE CUSHION COVER WITH FLOWER,-2,2010-03-11 17:01:00,6.95,13627.0,United Kingdom
C501036,22275,WEEKEND BAG VINTAGE ROSE PAISLEY,-2,2010-03-11 19:57:00,8.5,16918.0,United Kingdom
C501036,22167,"WALL MIRROR , DIAMANTE OVAL SHAPE",-3,2010-03-11 19:57:00,9.95,16918.0,United Kingdom
501040,21041,RED SPOTTY OVEN GLOVE DOUBLE,-160,2010-03-12 09:38:00,0.0,,United Kingdom
C501041,79029,GLASS HONEYPOT WASP CATCHER,-4,2010-03-12 09:56:00,1.65,14403.0,United Kingdom
C501081,22384,LUNCH BAG PINK RETROSPOT,-1,2010-03-12 11:24:00,1.65,15544.0,United Kingdom
501109,77081,FLOWER WINDMILL,-233,2010-03-12 13:44:00,0.0,,United Kingdom
501110,47591C,BLUE FAIRY CAKE CHILD'S APRON,-300,2010-03-12 13:45:00,0.0,,United Kingdom
C501120,21928,JUMBO BAG SCANDINAVIAN PAISLEY,-1,2010-03-12 14:59:00,1.95,12500.0,Germany
C501122,POST,POSTAGE,-1,2010-03-12 15:14:00,1.85,,United Kingdom
C501122,22278,OVERNIGHT BAG VINTAGE ROSE PAISLEY,-1,2010-03-12 15:14:00,11.02,,United Kingdom
C501125,85099B,JUMBO BAG RED RETROSPOT,-1,2010-03-12 15:22:00,1.65,17754.0,United Kingdom
C501125,21733,RED HANGING HEART T-LIGHT HOLDER,-1,2010-03-12 15:22:00,2.95,17754.0,United Kingdom
C501131,21622,VINTAGE UNION JACK CUSHION COVER,-1,2010-03-12 17:04:00,4.95,14031.0,United Kingdom
C501131,21527,RED RETROSPOT TRADITIONAL TEAPOT,-2,2010-03-12 17:04:00,7.95,14031.0,United Kingdom
C501131,84706B,FAIRY CAKES TABLE CLOCK,-1,2010-03-12 17:04:00,8.95,14031.0,United Kingdom
C501131,21935,SUKI  SHOULDER BAG,-100,2010-03-12 17:04:00,1.45,14031.0,United Kingdom
C501131,21310,CAPIZ CHANDELIER,-1,2010-03-12 17:04:00,29.95,14031.0,United Kingdom
C501131,37370,RETRO COFFEE MUGS ASSORTED,-2,2010-03-12 17:04:00,1.06,14031.0,United Kingdom
C501131,22072,RED RETROSPOT TEA CUP AND SAUCER,-1,2010-03-12 17:04:00,3.75,14031.0,United Kingdom
C501139,22236,CAKE STAND 3 TIER MAGIC GARDEN,-1,2010-03-14 12:10:00,12.75,14532.0,United Kingdom
C501170,85121C,RETRO LAUNDRY TUB PISTACHIO,-2,2010-03-15 10:20:00,8.5,12495.0,Sweden
C501170,85121B,RETRO LAUNDRY TUB PINK,-2,2010-03-15 10:20:00,8.5,12495.0,Sweden
C501171,85094,CANDY SPOT EGG WARMER RABBIT,-1,2010-03-15 10:39:00,1.25,16984.0,United Kingdom
C501171,21411,GINGHAM HEART  DOORSTOP RED,-1,2010-03-15 10:39:00,4.25,16984.0,United Kingdom
C501171,90176C,DIAMANTE NECKLACE,-1,2010-03-15 10:39:00,7.5,16984.0,United Kingdom
C501174,22384,LUNCH BAG PINK RETROSPOT,-12,2010-03-15 10:55:00,1.65,12755.0,Japan
C501174,20725,LUNCH BAG RED SPOTTY,-12,2010-03-15 10:55:00,1.65,12755.0,Japan
C501174,21936,RED RETROSPOT PICNIC BAG,-12,2010-03-15 10:55:00,2.95,12755.0,Japan
C501174,21937,STRAWBERRY   PICNIC BAG,-12,2010-03-15 10:55:00,2.95,12755.0,Japan
C501184,21540,DAIRY MAID CERAMIC BUTTER DISH,-1,2010-03-15 11:42:00,4.25,14527.0,United Kingdom
C501184,21527,RED RETROSPOT TRADITIONAL TEAPOT,-1,2010-03-15 11:42:00,6.95,14527.0,United Kingdom
501185,82607C,GLASS BONBON JAR. SUPERFINES,-67,2010-03-15 11:56:00,0.0,,United Kingdom
C501238,22236,CAKE STAND 3 TIER MAGIC GARDEN,-1,2010-03-15 12:36:00,12.75,12471.0,Germany
C501243,37448,CERAMIC CAKE DESIGN SPOTTED MUG,-1,2010-03-15 12:39:00,1.49,17460.0,United Kingdom
C501243,22193,RED DINER WALL CLOCK,-2,2010-03-15 12:39:00,8.5,17460.0,United Kingdom
C501269,85123A,WHITE HANGING HEART T-LIGHT HOLDER,-2,2010-03-15 13:13:00,2.55,18135.0,United Kingdom
C501270,90200A,PURPLE SWEETHEART BRACELET,-1,2010-03-15 13:21:00,4.25,14667.0,United Kingdom
C501270,90200E,GREEN SWEETHEART BRACELET,-2,2010-03-15 13:21:00,4.25,14667.0,United Kingdom
C501271,35004B,SET OF 3 BLACK FLYING DUCKS,-1,2010-03-15 13:31:00,4.65,17448.0,United Kingdom
C501283,21621,VINTAGE UNION JACK BUNTING,-6,2010-03-15 14:17:00,8.5,17085.0,United Kingdom
C501290,22177,5 HOOK BLACKBOARD ORGANISER,-1,2010-03-15 15:29:00,9.95,17287.0,United Kingdom
C501293,22154,ANGEL DECORATION 3 BUTTONS,-1,2010-03-15 15:41:00,0.42,14606.0,United Kingdom
C501310,84950,ASSORTED COLOUR T-LIGHT HOLDER,-12,2010-03-16 09:09:00,0.85,15309.0,United Kingdom
C501311,POST,POSTAGE,-1,2010-03-16 09:11:00,4.41,13446.0,United Kingdom
C501311,85006,SET 4 NURSERY DES ROUND BOXES,-6,2010-03-16 09:11:00,2.95,13446.0,United Kingdom
C501312,84706F,RED PEONY TABLE CLOCK,-1,2010-03-16 09:24:00,8.95,13173.0,United Kingdom
C501313,POST,POSTAGE,-1,2010-03-16 09:27:00,4.41,14276.0,United Kingdom
C501314,84773,RED ROSE AND LACE C/COVER,-1,2010-03-16 09:29:00,2.95,14142.0,United Kingdom
C501314,21870,I CAN ONLY PLEASE ONE PERSON MUG,-3,2010-03-16 09:29:00,1.25,14142.0,United Kingdom
C501314,85232A,SET/3 POLKA DOT STACKING TINS,-1,2010-03-16 09:29:00,4.95,14142.0,United Kingdom
C501315,72807A,SET/3 ROSE CANDLE IN JEWELLED BOX,-1,2010-03-16 09:31:00,4.25,17707.0,United Kingdom
C501317,21754,HOME BUILDING BLOCK WORD,-1,2010-03-16 09:40:00,5.95,13047.0,United Kingdom
C501319,22219,LOVEBIRD HANGING DECORATION WHITE,-3,2010-03-16 09:42:00,0.85,15601.0,United Kingdom
C501319,85123A,WHITE HANGING HEART T-LIGHT HOLDER,-1,2010-03-16 09:42:00,2.95,15601.0,United Kingdom
C501321,21536,DAIRY MAID  SMALL  MILK JUG,-1,2010-03-16 09:53:00,2.1,12972.0,United Kingdom
C501321,21393,BLUE  SPOTTY PUDDING BOWL,-3,2010-03-16 09:53:00,2.1,12972.0,United Kingdom
C501321,21392,RED SPOTTY PUDDING BOWL,-2,2010-03-16 09:53:00,2.1,12972.0,United Kingdom
C501322,M,Manual,-1,2010-03-16 09:56:00,3.39,15769.0,United Kingdom
C501323,21438,TUB 24 HANGING EASTER EGGS SPOTTY,-4,2010-03-16 09:57:00,3.75,14911.0,EIRE
C501324,72755C,FLOWER FAIRY OIL BURNER SET ROSE,-11,2010-03-16 10:00:00,1.25,15603.0,United Kingdom
C501325,21794,CLASSIC FRENCH STYLE BASKET NATURAL,-2,2010-03-16 10:01:00,6.75,18226.0,United Kingdom
C501326,21299,EDWARDIAN TOILET ROLL UNIT,-1,2010-03-16 10:02:00,12.75,14426.0,United Kingdom
C501327,22193,RED DINER WALL CLOCK,-1,2010-03-16 10:03:00,7.65,15251.0,United Kingdom
C501328,21933,PINK VINTAGE PAISLEY PICNIC BAG,-5,2010-03-16 10:05:00,2.95,13979.0,United Kingdom
C501329,21871,SAVE THE PLANET MUG,-12,2010-03-16 10:06:00,1.25,13037.0,United Kingdom
C501329,22380,TOY TIDY SPACEBOY,-2,2010-03-16 10:06:00,2.1,13037.0,United Kingdom
C501329,22177,5 HOOK BLACKBOARD ORGANISER,-1,2010-03-16 10:06:00,9.95,13037.0,United Kingdom
C501330,22254,FELT TOADSTOOL LARGE,-12,2010-03-16 10:07:00,1.25,16558.0,United Kingdom
C501330,79164,BLACK WINE GLASS,-2,2010-03-16 10:07:00,1.65,16558.0,United Kingdom
C501330,22109,FULL ENGLISH BREAKFAST PLATE,-1,2010-03-16 10:07:00,3.75,16558.0,United Kingdom
C501331,72802A,ROSE SCENT CANDLE IN JEWELLED BOX,-6,2010-03-16 10:09:00,4.25,18151.0,United Kingdom
C501332,22112,CHOCOLATE HOT WATER BOTTLE,-1,2010-03-16 10:11:00,4.95,14755.0,United Kingdom
C501332,85099B,JUMBO BAG RED RETROSPOT,-1,2010-03-16 10:11:00,1.65,14755.0,United Kingdom
C501332,21300,ANTIQUE EDWARDIAN DRESSER,-2,2010-03-16 10:11:00,12.75,14755.0,United Kingdom
C501332,21298,EDWARDIAN 2 DRAWER WALL CABINET,-1,2010-03-16 10:11:00,12.75,14755.0,United Kingdom
C501334,22411,JUMBO SHOPPER VINTAGE RED PAISLEY,-1,2010-03-16 10:29:00,1.95,15719.0,United Kingdom
C501334,22486,PLASMATRONIC LAMP,-2,2010-03-16 10:29:00,12.75,15719.0,United Kingdom
C501336,21535,RED RETROSPOT SMALL MILK JUG,-1,2010-03-16 10:31:00,2.55,14870.0,United Kingdom
C501336,21843,RED RETROSPOT CAKE STAND,-1,2010-03-16 10:31:00,10.95,14870.0,United Kingdom
C501337,21735,TWO DOOR CURIO CABINET,-2,2010-03-16 10:34:00,12.75,13280.0,United Kingdom
C501338,82483,WOOD 2 DRAWER CABINET WHITE FINISH,-1,2010-03-16 10:35:00,5.95,16947.0,United Kingdom
C501338,21535,RED RETROSPOT SMALL MILK JUG,-1,2010-03-16 10:35:00,2.55,16947.0,United Kingdom
C501339,35001W,HAND OPEN SHAPE DECO.WHITE,-1,2010-03-16 10:37:00,3.49,17774.0,United Kingdom
C501340,21163,DO NOT TOUCH MY STUFF DOOR HANGER,-12,2010-03-16 10:41:00,1.45,16705.0,United Kingdom
C501340,21162,TOXIC AREA  DOOR HANGER,-12,2010-03-16 10:41:00,1.45,16705.0,United Kingdom
C501340,84674,FLYING PIG WATERING CAN,-1,2010-03-16 10:41:00,2.95,16705.0,United Kingdom
C501340,21661,VINTAGE GLASS TEA CADDY,-1,2010-03-16 10:41:00,5.45,16705.0,United Kingdom
C501341,21657,MILK BOTTLE WITH GLASS STOPPER,-3,2010-03-16 10:42:00,6.95,14112.0,United Kingdom
C501342,D,Discount,-12,2010-03-16 10:43:00,0.5,16029.0,United Kingdom
C501343,20972,PINK CREAM FELT CRAFT TRINKET BOX,-50,2010-03-16 10:45:00,0.19,12931.0,United Kingdom
C501344,82552,WASHROOM METAL SIGN,-1,2010-03-16 10:46:00,1.25,15622.0,United Kingdom
C501350,21232,STRAWBERRY CERAMIC TRINKET BOX,-13,2010-03-16 10:52:00,1.25,18094.0,United Kingdom
C501350,82494L,WOODEN FRAME ANTIQUE WHITE,-3,2010-03-16 10:52:00,2.95,18094.0,United Kingdom
C501350,79323GR,GREEN CHERRY LIGHTS,-2,2010-03-16 10:52:00,6.75,18094.0,United Kingdom
C501355,21955,DOOR MAT UNION JACK GUNS AND ROSES,-12,2010-03-16 10:54:00,5.95,15057.0,United Kingdom
C501364,21232,STRAWBERRY CERAMIC TRINKET BOX,-12,2010-03-16 10:56:00,1.25,15224.0,United Kingdom
C501364,21232,STRAWBERRY CERAMIC TRINKET BOX,-1,2010-03-16 10:56:00,1.25,15224.0,United Kingdom
C501368,84679,CLASSICAL ROSE TABLE LAMP,-1,2010-03-16 10:58:00,5.95,13126.0,United Kingdom
C501368,84770,ROUND GEORGIAN SILVER MIRROR,-6,2010-03-16 10:58:00,2.95,13126.0,United Kingdom
C501370,21094,SET/6 RED SPOTTY PAPER PLATES,-12,2010-03-16 10:59:00,0.85,15382.0,United Kingdom
C501400,22433,WATERING CAN GREEN DINOSAUR,-12,2010-03-16 11:28:00,1.95,12483.0,Sweden
C501416,22311,OFFICE MUG WARMER BLACK+SILVER,-2,2010-03-16 11:37:00,4.95,13979.0,United Kingdom
C501416,22314,OFFICE MUG WARMER CHOC+BLUE,-2,2010-03-16 11:37:00,4.95,13979.0,United Kingdom
C501417,21258,VICTORIAN SEWING BOX LARGE,-3,2010-03-16 11:38:00,10.95,15058.0,United Kingdom
C501418,22067,CHOC TRUFFLE GOLD TRINKET POT,-2,2010-03-16 11:39:00,1.65,16177.0,United Kingdom
C501418,85066,CREAM SWEETHEART MINI CHEST,-1,2010-03-16 11:39:00,12.75,16177.0,United Kingdom
C501419,22461,SAVOY ART DECO CLOCK,-2,2010-03-16 11:40:00,12.75,13078.0,United Kingdom
C501421,85066,CREAM SWEETHEART MINI CHEST,-1,2010-03-16 11:49:00,12.75,15696.0,United Kingdom
C501424,47559B,TEA TIME OVEN GLOVE,-3,2010-03-16 11:55:00,1.25,14824.0,United Kingdom
C501424,85090,CANDY SPOT APRON,-3,2010-03-16 11:55:00,4.65,14824.0,United Kingdom
C501424,84684,BEACH HUT PHOTO FRAME,-4,2010-03-16 11:55:00,2.55,14824.0,United Kingdom
C501428,21314,SMALL GLASS HEART TRINKET POT,-4,2010-03-16 12:38:00,2.1,13047.0,United Kingdom
C501429,21671,RED SPOT CERAMIC DRAWER KNOB,-1,2010-03-16 12:41:00,1.25,13047.0,United Kingdom
C501429,21667,GLASS CAKE COVER AND PLATE,-1,2010-03-16 12:41:00,16.95,13047.0,United Kingdom
C501429,21669,BLUE STRIPE CERAMIC DRAWER KNOB,-1,2010-03-16 12:41:00,1.25,13047.0,United Kingdom
C501433,84750A,PINK SMALL GLASS CAKE STAND,-2,2010-03-16 13:11:00,1.65,15311.0,United Kingdom
C501433,40002,WHITE BAMBOO RIBS LAMPSHADE,-6,2010-03-16 13:11:00,0.85,15311.0,United Kingdom
C501433,85099B,JUMBO BAG RED RETROSPOT,-1,2010-03-16 13:11:00,1.65,15311.0,United Kingdom
C501433,37449,CERAMIC CAKE STAND + HANGING CAKES,-2,2010-03-16 13:11:00,8.5,15311.0,United Kingdom
C501433,75049L,LARGE CIRCULAR MIRROR MOBILE,-5,2010-03-16 13:11:00,0.85,15311.0,United Kingdom
C501433,21318,GLASS CHALICE BLUE SMALL,-1,2010-03-16 13:11:00,1.45,15311.0,United Kingdom
C501433,20798,CLEAR MILKSHAKE GLASS,-3,2010-03-16 13:11:00,1.65,15311.0,United Kingdom
C501433,85047,WHITE BEADED GARLAND STRING 20LIGHT,-1,2010-03-16 13:11:00,5.55,15311.0,United Kingdom
C501433,20728,LUNCH BAG CARS BLUE,-1,2010-03-16 13:11:00,1.45,15311.0,United Kingdom
C501433,85042,ANTIQUE LILY FAIRY LIGHTS,-4,2010-03-16 13:11:00,4.25,15311.0,United Kingdom
C501433,79067,CORONA MEXICAN TRAY,-6,2010-03-16 13:11:00,2.95,15311.0,United Kingdom
C501435,22058,CERAMIC LOVE HEARTS DESIGN MUG,-1,2010-03-16 13:17:00,1.49,12835.0,United Kingdom
C501436,POST,POSTAGE,-1,2010-03-16 13:20:00,18.0,12703.0,Germany
C501436,20676,RED SPOTTY BOWL,-8,2010-03-16 13:20:00,1.25,12703.0,Germany
C501436,20674,GREEN SPOTTY BOWL,-8,2010-03-16 13:20:00,1.25,12703.0,Germany
C501436,21246,RED SPOTTY BIG BOWL,-4,2010-03-16 13:20:00,4.95,12703.0,Germany
C501436,84970L,SINGLE HEART ZINC T-LIGHT HOLDER,-12,2010-03-16 13:20:00,0.95,12703.0,Germany
C501436,84970S,HANGING HEART ZINC T-LIGHT HOLDER,-12,2010-03-16 13:20:00,0.85,12703.0,Germany
C501436,21653,GLASS ETCHED T-LIGHT HOLDER LARGE,-6,2010-03-16 13:20:00,2.1,12703.0,Germany
C501481,47504J,ENGLISH ROSE SET/3 GARDEN TOOLS,-1,2010-03-17 10:16:00,7.95,12500.0,Germany
C501506,85123A,WHITE HANGING HEART T-LIGHT HOLDER,-5,2010-03-17 11:06:00,2.55,14680.0,United Kingdom
C501506,21843,RED RETROSPOT CAKE STAND,-1,2010-03-17 11:06:00,10.95,14680.0,United Kingdom
C501536,47503K,ASSORTED FLORAL SECATEURS,-1,2010-03-17 13:16:00,0.85,17511.0,United Kingdom
C501536,22196,SMALL HEART MEASURING SPOONS,-1,2010-03-17 13:16:00,0.72,17511.0,United Kingdom
C501536,22278,OVERNIGHT BAG VINTAGE ROSE PAISLEY,-1,2010-03-17 13:16:00,4.25,17511.0,United Kingdom
C501536,85044,RED REINDEER STRING OF 20 LIGHTS,-1,2010-03-17 13:16:00,4.25,17511.0,United Kingdom
C501536,22215,CAKE STAND WHITE TWO TIER LACE,-3,2010-03-17 13:16:00,7.65,17511.0,United Kingdom
C501536,20726,LUNCH BAG WOODLAND,-1,2010-03-17 13:16:00,1.45,17511.0,United Kingdom
C501536,22270,HAPPY EASTER HANGING DECORATION,-1,2010-03-17 13:16:00,3.39,17511.0,United Kingdom
C501536,21477,STRING OF 20 ROSE LIGHTS,-1,2010-03-17 13:16:00,10.95,17511.0,United Kingdom
C501536,22169,FAMILY ALBUM WHITE PICTURE FRAME,-9,2010-03-17 13:16:00,7.65,17511.0,United Kingdom
C501536,22197,SMALL POPCORN HOLDER,-16,2010-03-17 13:16:00,0.72,17511.0,United Kingdom
C501538,85042,ANTIQUE LILY FAIRY LIGHTS,-1,2010-03-17 14:03:00,4.95,16085.0,United Kingdom
C501538,22248,DECORATION  PINK CHICK MAGIC GARDEN,-1,2010-03-17 14:03:00,0.85,16085.0,United Kingdom
C501554,21459,YELLOW EASTER EGG HUNT START POST,-3,2010-03-17 16:01:00,1.95,13983.0,United Kingdom
C501554,21590,KINGS CHOICE CIGAR BOX MATCHES,-2,2010-03-17 16:01:00,1.25,13983.0,United Kingdom
C501554,85206A,CREAM FELT EASTER EGG BASKET,-2,2010-03-17 16:01:00,1.65,13983.0,United Kingdom
C501584,21303,FILIGREE WALL MIRROR  ANTIQUE WHITE,-7,2010-03-18 10:29:00,5.95,17477.0,United Kingdom
501615,47587A,PINK FAIRY CAKE COASTER,-1060,2010-03-18 11:06:00,0.0,,United Kingdom
C501642,21622,VINTAGE UNION JACK CUSHION COVER,-1,2010-03-18 12:30:00,4.95,17377.0,United Kingdom
C501642,84773,RED ROSE AND LACE C/COVER,-1,2010-03-18 12:30:00,2.95,17377.0,United Kingdom
C501642,85036A,GARDENIA 1 WICK MORRIS BOXED CANDLE,-1,2010-03-18 12:30:00,4.25,17377.0,United Kingdom
C501643,35241,ENAMEL BLUE RIM BISCUIT BIN,-1,2010-03-18 12:32:00,4.95,17841.0,United Kingdom
C501655,21477,STRING OF 20 ROSE LIGHTS,-12,2010-03-18 13:00:00,10.95,13057.0,United Kingdom
C501655,20833,SHAKER THROW  QUILTED,-1,2010-03-18 13:00:00,49.95,13057.0,United Kingdom
C501659,84868B,BLUE BABY BOY'S MEMORY BOX,-2,2010-03-18 13:28:00,6.95,17307.0,United Kingdom
C501678,M,Manual,-1,2010-03-18 16:18:00,241.38,16943.0,United Kingdom
C501690,21876,POTTERING MUG,-3,2010-03-18 17:08:00,1.25,13183.0,United Kingdom
C501690,21870,I CAN ONLY PLEASE ONE PERSON MUG,-1,2010-03-18 17:08:00,1.25,13183.0,United Kingdom
C501690,75049L,LARGE CIRCULAR MIRROR MOBILE,-3,2010-03-18 17:08:00,1.25,13183.0,United Kingdom
C501692,D,Discount,-1,2010-03-18 17:26:00,7.63,13798.0,United Kingdom
C501698,22192,BLUE DINER WALL CLOCK,-1,2010-03-18 19:17:00,8.5,14702.0,United Kingdom
C501703,71143,SILVER BOOK MARK WITH BEADS,-1,2010-03-19 09:25:00,0.85,,United Kingdom
C501751,M,Manual,-1,2010-03-19 11:30:00,6958.17,15760.0,Norway
C501769,M,Manual,-1,2010-03-19 11:49:00,6958.17,15760.0,Norway
C501771,M,Manual,-1,2010-03-19 11:53:00,5795.87,15760.0,Norway
C501773,51008,AFGHAN SLIPPER SOCK PAIR,-3,2010-03-19 12:17:00,3.45,17673.0,United Kingdom
C501774,M,Manual,-1,2010-03-19 12:27:00,506.51,17445.0,United Kingdom
C501777,M,Manual,-1,2010-03-19 12:35:00,934.66,14939.0,Channel Islands
C501794,21231,SWEETHEART CERAMIC TRINKET BOX,-11,2010-03-19 13:40:00,1.25,13464.0,United Kingdom
C501796,POST,POSTAGE,-1,2010-03-19 13:43:00,2.5,15030.0,United Kingdom
C501796,22236,CAKE STAND 3 TIER MAGIC GARDEN,-1,2010-03-19 13:43:00,12.75,15030.0,United Kingdom
C501797,84663A,GRASS HOPPER WOODEN WALL CLOCK,-1,2010-03-19 13:46:00,5.95,12957.0,United Kingdom
C501798,M,Manual,-1,2010-03-19 13:48:00,134.86,16514.0,United Kingdom
C501801,84879,ASSORTED COLOUR BIRD ORNAMENT,-1,2010-03-19 13:51:00,1.69,15994.0,United Kingdom
C501803,M,Manual,-1,2010-03-19 13:56:00,322.69,14832.0,United Kingdom
C501809,75049L,LARGE CIRCULAR MIRROR MOBILE,-3,2010-03-19 14:40:00,0.85,15218.0,United Kingdom
C501809,21730,GLASS STAR FROSTED T-LIGHT HOLDER,-1,2010-03-19 14:40:00,4.95,15218.0,United Kingdom
C501809,21129,SILVER FISHING GNOME,-1,2010-03-19 14:40:00,6.95,15218.0,United Kingdom
C501809,84975,HEART SHAPED MIRROR,-3,2010-03-19 14:40:00,1.69,15218.0,United Kingdom
C501817,21437,24 HANGING EASTER EGGS FLORAL TUB,-1,2010-03-19 15:07:00,3.75,13415.0,United Kingdom
C501817,84218,BOX/12 CHICK & EGG IN BASKET,-1,2010-03-19 15:07:00,1.95,13415.0,United Kingdom
C501817,79000,MOROCCAN TEA GLASS,-48,2010-03-19 15:07:00,0.85,13415.0,United Kingdom
C501817,21246,RED SPOTTY BIG BOWL,-2,2010-03-19 15:07:00,4.95,13415.0,United Kingdom
C501817,79160,HEART SHAPE WIRELESS DOORBELL,-1,2010-03-19 15:07:00,2.1,13415.0,United Kingdom
C501817,72351A,SET/6 TURQUOISE BUTTERFLY T-LIGHTS,-1,2010-03-19 15:07:00,2.1,13415.0,United Kingdom
C501817,72351B,SET/6 PINK  BUTTERFLY T-LIGHTS,-1,2010-03-19 15:07:00,2.1,13415.0,United Kingdom
C501817,85039A,SET/4 RED MINI ROSE CANDLE IN BOWL,-2,2010-03-19 15:07:00,1.65,13415.0,United Kingdom
C501817,85039C,S/4 BLACK MINI ROSE CANDLE IN BOWL,-1,2010-03-19 15:07:00,1.65,13415.0,United Kingdom
C501817,85041,SET/4 PINK ORCHID CANDLES IN BOWL,-1,2010-03-19 15:07:00,1.65,13415.0,United Kingdom
C501817,85040B,SET/4 BLUE FLOWER CANDLES IN BOWL,-8,2010-03-19 15:07:00,1.65,13415.0,United Kingdom
C501817,46000S,POLYESTER FILLER PAD 40x40cm,-25,2010-03-19 15:07:00,1.45,13415.0,United Kingdom
C501820,M,Manual,-1,2010-03-19 15:15:00,274.63,14832.0,United Kingdom
C501823,84723,CHERRY BLOSSOM CANVAS ART PICTURE,-5,2010-03-19 15:27:00,7.95,13564.0,United Kingdom
C501826,22488,NATURAL SLATE RECTANGLE CHALKBOARD,-1,2010-03-19 15:44:00,1.65,16875.0,United Kingdom
C501826,22457,NATURAL SLATE HEART CHALKBOARD,-2,2010-03-19 15:44:00,2.95,16875.0,United Kingdom
C501826,85123A,WHITE HANGING HEART T-LIGHT HOLDER,-1,2010-03-19 15:44:00,2.95,16875.0,United Kingdom
C501827,22290,STANDING METAL RABBIT WITH EGG,-1,2010-03-19 15:44:00,2.1,14745.0,United Kingdom
C501829,22170,PICTURE FRAME WOOD TRIPLE PORTRAIT,-1,2010-03-19 15:59:00,6.75,15194.0,United Kingdom
C501829,85041,SET/4 PINK ORCHID CANDLES IN BOWL,-1,2010-03-19 15:59:00,1.65,15194.0,United Kingdom
C501844,84770,ROUND GEORGIAN SILVER MIRROR,-6,2010-03-21 10:04:00,2.95,17477.0,United Kingdom
C501851,22270,HAPPY EASTER HANGING DECORATION,-3,2010-03-21 10:51:00,3.75,14451.0,United Kingdom
C501857,M,Manual,-3,2010-03-21 11:19:00,0.45,15446.0,United Kingdom
C501861,20784,RED RETRO BAR STOOL,-1,2010-03-21 11:36:00,39.95,14080.0,United Kingdom
C501873,79323W,WHITE CHERRY LIGHTS,-1,2010-03-21 12:29:00,6.75,14970.0,United Kingdom
C501873,79323P,PINK CHERRY LIGHTS,-2,2010-03-21 12:29:00,6.75,14970.0,United Kingdom
C501873,79323S,SILVER CHERRY LIGHTS,-1,2010-03-21 12:29:00,6.75,14970.0,United Kingdom
C501873,79323G,GOLD  CHERRY LIGHTS,-1,2010-03-21 12:29:00,6.75,14970.0,United Kingdom
C501873,79323LP,LIGHT PINK CHERRY LIGHTS,-3,2010-03-21 12:29:00,6.75,14970.0,United Kingdom
C501878,M,Manual,-50,2010-03-21 13:18:00,0.58,17611.0,United Kingdom
C501901,M,Manual,-1,2010-03-21 15:38:00,2.95,13798.0,United Kingdom
C501901,22064,PINK DOUGHNUT TRINKET POT,-2,2010-03-21 15:38:00,1.45,13798.0,United Kingdom
C501901,20914,SET/5 RED SPOTTY LID GLASS BOWLS,-1,2010-03-21 15:38:00,2.55,13798.0,United Kingdom
C501901,21231,SWEETHEART CERAMIC TRINKET BOX,-5,2010-03-21 15:38:00,1.06,13798.0,United Kingdom
C501901,37450,CERAMIC CAKE BOWL + HANGING CAKES,-4,2010-03-21 15:38:00,2.55,13798.0,United Kingdom
C501901,82599,FANNY'S REST STOPMETAL SIGN,-1,2010-03-21 15:38:00,1.69,13798.0,United Kingdom
C501901,37447,CERAMIC CAKE DESIGN SPOTTED PLATE,-1,2010-03-21 15:38:00,1.25,13798.0,United Kingdom
C501901,20676,RED SPOTTY BOWL,-2,2010-03-21 15:38:00,1.06,13798.0,United Kingdom
C501901,35924,HANGING FAIRY CAKE DECORATION,-2,2010-03-21 15:38:00,1.69,13798.0,United Kingdom
C501901,21843,RED RETROSPOT CAKE STAND,-8,2010-03-21 15:38:00,9.95,13798.0,United Kingdom
C501905,37495,FAIRY CAKE BIRTHDAY CANDLE SET,-3,2010-03-21 16:01:00,3.75,13451.0,United Kingdom
C501914,85096,HILDA CANDY SPOT RABBIT,-1,2010-03-22 09:40:00,3.75,13151.0,United Kingdom
C501914,21359,RELAX LARGE WOOD LETTERS,-1,2010-03-22 09:40:00,15.95,13151.0,United Kingdom
C501914,21277,FRENCH STYLE EMBOSSED HEART CABINET,-1,2010-03-22 09:40:00,21.95,13151.0,United Kingdom
C501914,21309,LOUVRE CHALKBOARD,-1,2010-03-22 09:40:00,9.95,13151.0,United Kingdom
C501914,21784,SHOE SHINE BOX,-1,2010-03-22 09:40:00,9.95,13151.0,United Kingdom
C501915,84247N,PACK/12 BLUE FOLKART CARDS,-11,2010-03-22 09:52:00,2.95,17508.0,Greece
C501924,85144,JARDIN ETCHED GLASS BUTTER DISH,-1,2010-03-22 10:33:00,7.25,17760.0,United Kingdom
C501934,22061,LARGE CAKE STAND  HANGING STRAWBERY,-1,2010-03-22 11:42:00,8.5,15523.0,United Kingdom
C501934,37446,MINI CAKE STAND WITH HANGING CAKES,-4,2010-03-22 11:42:00,1.25,15523.0,United Kingdom
C501934,22055,MINI CAKE STAND  HANGING STRAWBERY,-5,2010-03-22 11:42:00,1.45,15523.0,United Kingdom
C501934,21843,RED RETROSPOT CAKE STAND,-4,2010-03-22 11:42:00,9.95,15523.0,United Kingdom
C501934,37449,CERAMIC CAKE STAND + HANGING CAKES,-2,2010-03-22 11:42:00,8.5,15523.0,United Kingdom
C502029,37447,CERAMIC CAKE DESIGN SPOTTED PLATE,-1,2010-03-22 13:07:00,1.49,15005.0,United Kingdom
502031,21542,WOODLAND WATER TRANSFER TATTOOS,-900,2010-03-22 13:14:00,0.0,,United Kingdom
502032,75149N,STRING CRYSTALS NATURAL,-394,2010-03-22 13:15:00,0.0,,United Kingdom
C502041,22197,SMALL POPCORN HOLDER,-2,2010-03-22 14:11:00,0.85,13267.0,United Kingdom
C502041,M,Manual,-8,2010-03-22 14:11:00,1.8,13267.0,United Kingdom
C502054,21944,KITTENS DESIGN FLANNEL,-2,2010-03-22 14:28:00,0.85,,United Kingdom
C502054,21945,STRAWBERRIES  DESIGN FLANNEL,-1,2010-03-22 14:28:00,0.85,,United Kingdom
C502061,21477,STRING OF 20 ROSE LIGHTS,-2,2010-03-22 14:56:00,10.95,13093.0,United Kingdom
C502061,22385,JUMBO BAG SPACEBOY DESIGN,-1,2010-03-22 14:56:00,1.95,13093.0,United Kingdom
C502061,51012L,"FEATHER DUSTER, LIGHT PINK",-1,2010-03-22 14:56:00,1.25,13093.0,United Kingdom
C502061,20914,SET/5 RED SPOTTY LID GLASS BOWLS,-1,2010-03-22 14:56:00,2.95,13093.0,United Kingdom
C502062,21531,RED RETROSPOT SUGAR JAM BOWL,-2,2010-03-22 15:00:00,2.55,17596.0,United Kingdom
C502062,22055,MINI CAKE STAND  HANGING STRAWBERY,-5,2010-03-22 15:00:00,1.65,17596.0,United Kingdom
C502065,22057,CERAMIC PLATE STRAWBERRY DESIGN,-1,2010-03-22 15:24:00,1.49,16108.0,United Kingdom
C502065,21232,STRAWBERRY CERAMIC TRINKET BOX,-1,2010-03-22 15:24:00,1.25,16108.0,United Kingdom
C502065,84674,FLYING PIG WATERING CAN,-2,2010-03-22 15:24:00,2.95,16108.0,United Kingdom
C502066,22456,NATURAL SLATE CHALKBOARD LARGE,-1,2010-03-22 15:25:00,4.95,17677.0,United Kingdom
C502066,22327,ROUND SNACK BOXES SET OF 4 SKULLS,-1,2010-03-22 15:25:00,2.95,17677.0,United Kingdom
C502067,82494L,WOODEN FRAME ANTIQUE WHITE,-4,2010-03-22 15:27:00,2.95,17593.0,United Kingdom
C502067,84770,ROUND GEORGIAN SILVER MIRROR,-2,2010-03-22 15:27:00,2.95,17593.0,United Kingdom
C502068,22487,WHITE WOOD GARDEN PLANT LADDER,-2,2010-03-22 15:29:00,8.5,16571.0,United Kingdom
C502068,22147,FELTCRAFT BUTTERFLY HEARTS,-6,2010-03-22 15:29:00,1.45,16571.0,United Kingdom
C502070,37330,SPOTS MUG,-6,2010-03-22 15:31:00,1.95,13406.0,United Kingdom
C502071,21348,PINK SPOTS CHOCOLATE NESTING BOXES,-1,2010-03-22 15:32:00,2.95,17448.0,United Kingdom
C502072,22169,FAMILY ALBUM WHITE PICTURE FRAME,-2,2010-03-22 15:33:00,8.5,13599.0,United Kingdom
C502073,21843,RED RETROSPOT CAKE STAND,-1,2010-03-22 15:34:00,10.95,13658.0,United Kingdom
C502074,71477,COLOUR GLASS. STAR T-LIGHT HOLDER,-3,2010-03-22 15:36:00,2.75,12747.0,United Kingdom
C502075,85121B,RETRO LAUNDRY TUB PINK,-2,2010-03-22 15:41:00,8.5,18178.0,United Kingdom
C502076,84949,SILVER HANGING T-LIGHT HOLDER,-1,2010-03-22 15:43:00,1.65,15994.0,United Kingdom
C502077,21734,SMALL MARAKESH LANTERN ON STICK,-4,2010-03-22 15:44:00,3.75,15791.0,United Kingdom
C502077,21232,STRAWBERRY CERAMIC TRINKET BOX,-2,2010-03-22 15:44:00,1.25,15791.0,United Kingdom
C502078,21348,PINK SPOTS CHOCOLATE NESTING BOXES,-1,2010-03-22 15:45:00,2.55,17448.0,United Kingdom
C502078,72741,GRAND CHOCOLATECANDLE,-3,2010-03-22 15:45:00,1.25,17448.0,United Kingdom
C502078,21249,WOODLAND  HEIGHT CHART STICKERS,-2,2010-03-22 15:45:00,2.55,17448.0,United Kingdom
C502079,84949,SILVER HANGING T-LIGHT HOLDER,-5,2010-03-22 15:47:00,1.65,16735.0,United Kingdom
C502081,85067,CREAM SWEETHEART WALL CABINET,-1,2010-03-22 15:49:00,16.95,16705.0,United Kingdom
C502083,S,SAMPLES,-1,2010-03-22 15:50:00,170.37,,United Kingdom
C502084,22216,T-LIGHT HOLDER WHITE LACE,-3,2010-03-22 15:52:00,0.85,14952.0,United Kingdom
C502085,72802A,ROSE SCENT CANDLE IN JEWELLED BOX,-2,2010-03-22 15:53:00,4.25,13883.0,United Kingdom
C502086,22631,CIRCUS PARADE LUNCH BOX,-1,2010-03-22 15:57:00,1.95,16911.0,United Kingdom
C502086,22659,LUNCH BOX I LOVE LONDON,-1,2010-03-22 15:57:00,1.95,16911.0,United Kingdom
C502088,S,SAMPLES,-1,2010-03-22 16:03:00,259.59,,United Kingdom
C502092,21658,GLASS  BEURRE DISH,-10,2010-03-22 16:50:00,3.95,17539.0,United Kingdom
C502114,POST,POSTAGE,-1,2010-03-23 11:05:00,7.06,,United Kingdom
C502127,85123A,WHITE HANGING HEART T-LIGHT HOLDER,-5,2010-03-23 11:16:00,2.55,14680.0,United Kingdom
C502127,21536,DAIRY MAID  SMALL  MILK JUG,-1,2010-03-23 11:16:00,2.1,14680.0,United Kingdom
C502127,84031A,CHARLIE+LOLA RED HOT WATER BOTTLE,-1,2010-03-23 11:16:00,4.65,14680.0,United Kingdom
C502179,22067,CHOC TRUFFLE GOLD TRINKET POT,-1,2010-03-23 11:33:00,1.65,18247.0,United Kingdom
C502179,22064,PINK DOUGHNUT TRINKET POT,-2,2010-03-23 11:33:00,1.65,18247.0,United Kingdom
C502179,22281,EASTER TREE YELLOW BIRDS,-4,2010-03-23 11:33:00,5.95,18247.0,United Kingdom
C502190,22073,RED RETROSPOT STORAGE JAR,-1,2010-03-23 11:42:00,3.75,12809.0,Portugal
C502191,22444,GROW YOUR OWN PLANT IN A CAN,-4,2010-03-23 11:44:00,1.25,15003.0,United Kingdom
C502231,22328,ROUND SNACK BOXES SET OF 4 FRUITS,-1,2010-03-23 12:15:00,2.95,12472.0,Germany
C502231,22320,BIRDS MOBILE VINTAGE DESIGN,-3,2010-03-23 12:15:00,5.95,12472.0,Germany
C502231,22467,GUMBALL COAT RACK,-2,2010-03-23 12:15:00,2.55,12472.0,Germany
C502243,21218,RED SPOTTY BISCUIT TIN,-1,2010-03-23 13:30:00,3.75,12809.0,Portugal
C502250,21319,GLASS CHALICE GREEN  SMALL,-36,2010-03-23 14:21:00,1.45,17718.0,United Kingdom
C502253,21539,RED RETROSPOT BUTTER DISH,-4,2010-03-23 14:30:00,4.95,14590.0,United Kingdom
C502262,M,Manual,-1,2010-03-23 15:20:00,10953.5,12918.0,United Kingdom
C502264,M,Manual,-1,2010-03-23 15:24:00,10953.5,12918.0,United Kingdom
C502270,M,Manual,-1,2010-03-23 15:37:00,1144.73,16669.0,United Kingdom
C502276,M,Manual,-1,2010-03-23 16:19:00,779.32,16994.0,United Kingdom
C502289,21548,CERAMIC BIRDHOUSE FINCH BLUE ROOF,-4,2010-03-24 08:47:00,2.95,13089.0,United Kingdom
C502290,84755,COLOUR GLASS T-LIGHT HOLDER HANGING,-6,2010-03-24 08:48:00,0.65,12921.0,United Kingdom
C502291,22236,CAKE STAND 3 TIER MAGIC GARDEN,-1,2010-03-24 08:49:00,12.75,14952.0,United Kingdom
C502292,84978,HANGING HEART JAR T-LIGHT HOLDER,-12,2010-03-24 08:50:00,1.25,14911.0,EIRE
C502294,21231,SWEETHEART CERAMIC TRINKET BOX,-2,2010-03-24 08:57:00,1.25,16945.0,United Kingdom
C502295,22411,JUMBO SHOPPER VINTAGE RED PAISLEY,-10,2010-03-24 08:58:00,1.95,18223.0,United Kingdom
C502295,21232,STRAWBERRY CERAMIC TRINKET BOX,-6,2010-03-24 08:58:00,1.25,18223.0,United Kingdom
C502295,21231,SWEETHEART CERAMIC TRINKET BOX,-2,2010-03-24 08:58:00,1.25,18223.0,United Kingdom
C502295,22197,SMALL POPCORN HOLDER,-1,2010-03-24 08:58:00,0.85,18223.0,United Kingdom
C502295,22064,PINK DOUGHNUT TRINKET POT,-1,2010-03-24 08:58:00,1.65,18223.0,United Kingdom
C502295,22457,NATURAL SLATE HEART CHALKBOARD,-1,2010-03-24 08:58:00,2.95,18223.0,United Kingdom
C502296,47502,POLKADOT CUTLERY 24 PCS IN TRAY,-3,2010-03-24 09:00:00,10.95,13397.0,United Kingdom
C502297,21361,LOVE LARGE WOOD LETTERS,-1,2010-03-24 09:01:00,12.75,17158.0,United Kingdom
C502297,84949,SILVER HANGING T-LIGHT HOLDER,-3,2010-03-24 09:01:00,1.65,17158.0,United Kingdom
C502298,22281,EASTER TREE YELLOW BIRDS,-2,2010-03-24 09:03:00,5.95,18247.0,United Kingdom
C502298,22067,CHOC TRUFFLE GOLD TRINKET POT,-1,2010-03-24 09:03:00,1.65,18247.0,United Kingdom
C502298,22064,PINK DOUGHNUT TRINKET POT,-3,2010-03-24 09:03:00,1.65,18247.0,United Kingdom
C502299,21299,EDWARDIAN TOILET ROLL UNIT,-2,2010-03-24 09:05:00,3.95,15221.0,United Kingdom
C502299,22177,5 HOOK BLACKBOARD ORGANISER,-3,2010-03-24 09:05:00,8.5,15221.0,United Kingdom
C502302,21462,"NURSERY A,B,C PAINTED LETTERS",-1,2010-03-24 09:29:00,6.75,15291.0,United Kingdom
C502302,22192,BLUE DINER WALL CLOCK,-1,2010-03-24 09:29:00,8.5,15291.0,United Kingdom
C502302,21843,RED RETROSPOT CAKE STAND,-1,2010-03-24 09:29:00,10.95,15291.0,United Kingdom
C502302,21626,VINTAGE UNION JACK PENNANT,-5,2010-03-24 09:29:00,1.95,15291.0,United Kingdom
C502304,22138,BAKING SET 9 PIECE RETROSPOT,-1,2010-03-24 09:32:00,4.95,18187.0,United Kingdom
C502304,21659,GLASS CAKE STAND,-1,2010-03-24 09:32:00,14.95,18187.0,United Kingdom
C502304,21662,VINTAGE GLASS COFFEE CADDY,-1,2010-03-24 09:32:00,5.95,18187.0,United Kingdom
C502304,21663,VINTAGE GLASS SUGAR CADDY,-1,2010-03-24 09:32:00,5.95,18187.0,United Kingdom
C502304,21661,VINTAGE GLASS TEA CADDY,-1,2010-03-24 09:32:00,5.95,18187.0,United Kingdom
C502305,75049L,LARGE CIRCULAR MIRROR MOBILE,-20,2010-03-24 09:34:00,0.85,14195.0,United Kingdom
C502305,M,Manual,-48,2010-03-24 09:34:00,0.42,14195.0,United Kingdom
C502305,75049L,LARGE CIRCULAR MIRROR MOBILE,-74,2010-03-24 09:34:00,0.85,14195.0,United Kingdom
C502306,85063,CREAM SWEETHEART MAGAZINE RACK,-1,2010-03-24 09:35:00,14.95,14258.0,United Kingdom
C502306,21231,SWEETHEART CERAMIC TRINKET BOX,-4,2010-03-24 09:35:00,1.06,14258.0,United Kingdom
C502307,21300,ANTIQUE EDWARDIAN DRESSER,-8,2010-03-24 09:35:00,12.75,13694.0,United Kingdom
C502308,21527,RED RETROSPOT TRADITIONAL TEAPOT,-1,2010-03-24 09:36:00,7.95,14210.0,United Kingdom
C502308,21539,RED RETROSPOT BUTTER DISH,-1,2010-03-24 09:36:00,4.95,14210.0,United Kingdom
C502309,20934,SET/3 POT PLANT CANDLES,-2,2010-03-24 09:38:00,5.45,14060.0,United Kingdom
C502310,22488,NATURAL SLATE RECTANGLE CHALKBOARD,-1,2010-03-24 09:40:00,1.65,16875.0,United Kingdom
C502311,21622,VINTAGE UNION JACK CUSHION COVER,-1,2010-03-24 09:43:00,4.95,13659.0,United Kingdom
C502311,22487,WHITE WOOD GARDEN PLANT LADDER,-1,2010-03-24 09:43:00,9.95,13659.0,United Kingdom
C502311,84078A,SET/4 WHITE RETRO STORAGE CUBES,-1,2010-03-24 09:43:00,39.95,13659.0,United Kingdom
C502311,22177,5 HOOK BLACKBOARD ORGANISER,-1,2010-03-24 09:43:00,9.95,13659.0,United Kingdom
C502312,21844,RED RETROSPOT MUG,-2,2010-03-24 09:45:00,2.95,16858.0,United Kingdom
C502324,21710,FOLDING UMBRELLA  PINK/WHITE  SPOT,-1,2010-03-24 10:15:00,4.95,17838.0,United Kingdom
C502324,22359,GLASS JAR KINGS CHOICE,-4,2010-03-24 10:15:00,2.95,17838.0,United Kingdom
C502325,37446,MINI CAKE STAND WITH HANGING CAKES,-1,2010-03-24 10:23:00,1.45,14645.0,United Kingdom
C502325,22617,BAKING SET SPACEBOY DESIGN,-1,2010-03-24 10:23:00,4.95,14645.0,United Kingdom
C502325,22138,BAKING SET 9 PIECE RETROSPOT,-3,2010-03-24 10:23:00,4.95,14645.0,United Kingdom
C502325,21232,STRAWBERRY CERAMIC TRINKET BOX,-6,2010-03-24 10:23:00,1.25,14645.0,United Kingdom
C502325,21425,SKULLS STORAGE BOX LARGE,-1,2010-03-24 10:23:00,2.95,14645.0,United Kingdom
C502325,22456,NATURAL SLATE CHALKBOARD LARGE,-1,2010-03-24 10:23:00,4.95,14645.0,United Kingdom
C502329,21735,TWO DOOR CURIO CABINET,-2,2010-03-24 10:33:00,12.75,14857.0,United Kingdom
C502329,22268,EASTER DECORATION SITTING BUNNY,-1,2010-03-24 10:33:00,0.85,14857.0,United Kingdom
C502329,22565,FELTCRAFT HAIRBANDS PINK AND WHITE,-1,2010-03-24 10:33:00,0.85,14857.0,United Kingdom
C502330,22170,PICTURE FRAME WOOD TRIPLE PORTRAIT,-4,2010-03-24 10:34:00,5.95,13089.0,United Kingdom
C502332,35241,ENAMEL BLUE RIM BISCUIT BIN,-1,2010-03-24 10:42:00,4.95,14911.0,EIRE
C502332,85121B,RETRO LAUNDRY TUB PINK,-2,2010-03-24 10:42:00,8.5,14911.0,EIRE
C502332,22496,SET OF 2 ROUND TINS DUTCH CHEESE,-1,2010-03-24 10:42:00,2.95,14911.0,EIRE
C502332,21663,VINTAGE GLASS SUGAR CADDY,-1,2010-03-24 10:42:00,5.95,14911.0,EIRE
C502332,21662,VINTAGE GLASS COFFEE CADDY,-1,2010-03-24 10:42:00,5.95,14911.0,EIRE
C502335,35241,ENAMEL BLUE RIM BISCUIT BIN,-1,2010-03-24 10:44:00,4.95,16556.0,United Kingdom
C502335,85121B,RETRO LAUNDRY TUB PINK,-2,2010-03-24 10:44:00,8.5,16556.0,United Kingdom
C502335,22496,SET OF 2 ROUND TINS DUTCH CHEESE,-1,2010-03-24 10:44:00,2.95,16556.0,United Kingdom
C502335,21663,VINTAGE GLASS SUGAR CADDY,-1,2010-03-24 10:44:00,5.95,16556.0,United Kingdom
C502335,21622,VINTAGE UNION JACK CUSHION COVER,-1,2010-03-24 10:44:00,4.95,16556.0,United Kingdom
C502428,21730,GLASS STAR FROSTED T-LIGHT HOLDER,-5,2010-03-24 12:42:00,4.95,16735.0,United Kingdom
C502431,M,Manual,-4,2010-03-24 12:53:00,4.95,15822.0,United Kingdom
C502431,84949,SILVER HANGING T-LIGHT HOLDER,-2,2010-03-24 12:53:00,1.65,15822.0,United Kingdom
C502431,85123A,WHITE HANGING HEART T-LIGHT HOLDER,-1,2010-03-24 12:53:00,2.95,15822.0,United Kingdom
C502431,22182,CAKE STAND VICTORIAN FILIGREE SMALL,-1,2010-03-24 12:53:00,4.95,15822.0,United Kingdom
C502431,22183,CAKE STAND VICTORIAN FILIGREE MED,-1,2010-03-24 12:53:00,6.75,15822.0,United Kingdom
C502434,71053,WHITE METAL LANTERN,-12,2010-03-24 13:01:00,3.75,16735.0,United Kingdom
C502434,22082,RIBBON REEL STRIPES DESIGN,-10,2010-03-24 13:01:00,1.65,16735.0,United Kingdom
C502434,84879,ASSORTED COLOUR BIRD ORNAMENT,-32,2010-03-24 13:01:00,1.69,16735.0,United Kingdom
C502434,85049G,CHOCOLATE BOX RIBBONS,-24,2010-03-24 13:01:00,1.25,16735.0,United Kingdom
C502434,85049F,BABY BOOM RIBBONS,-24,2010-03-24 13:01:00,1.25,16735.0,United Kingdom
C502434,21161,KEEP OUT BOYS DOOR HANGER,-13,2010-03-24 13:01:00,1.45,16735.0,United Kingdom
C502434,85231G,ORANGE SCENTED SET/9 T-LIGHTS,-12,2010-03-24 13:01:00,0.85,16735.0,United Kingdom
C502434,85231E,STRAWBERRY SCENTED SET/9 T-LIGHTS,-12,2010-03-24 13:01:00,0.85,16735.0,United Kingdom
C502434,22083,PAPER CHAIN KIT RETRO SPOT,-6,2010-03-24 13:01:00,2.95,16735.0,United Kingdom
C502434,22090,PAPER BUNTING RETRO SPOTS,-6,2010-03-24 13:01:00,2.95,16735.0,United Kingdom
C502434,84836,ZINC METAL HEART DECORATION,-24,2010-03-24 13:01:00,1.25,16735.0,United Kingdom
C502434,21181,PLEASE ONE PERSON METAL SIGN,-12,2010-03-24 13:01:00,2.1,16735.0,United Kingdom
C502434,21870,I CAN ONLY PLEASE ONE PERSON MUG,-18,2010-03-24 13:01:00,1.25,16735.0,United Kingdom
C502435,22475,SKULL DESIGN TV DINNER TRAY,-6,2010-03-24 13:02:00,4.95,15998.0,United Kingdom
C502437,22024,RAINY LADIES BIRTHDAY CARD,-12,2010-03-24 13:10:00,0.42,17372.0,United Kingdom
C502437,85016,SET OF 6 VINTAGE NOTELETS KIT,-1,2010-03-24 13:10:00,2.55,17372.0,United Kingdom
C502437,21145,ANTIQUE GLASS PLACE SETTING,-12,2010-03-24 13:10:00,1.25,17372.0,United Kingdom
C502437,22331,WOODLAND PARTY BAG + STICKER SET,-1,2010-03-24 13:10:00,1.65,17372.0,United Kingdom
C502437,22185,SLATE TILE NATURAL HANGING,-1,2010-03-24 13:10:00,1.65,17372.0,United Kingdom
C502437,16237,SLEEPING CAT ERASERS,-1,2010-03-24 13:10:00,0.21,17372.0,United Kingdom
C502437,21985,PACK OF 12 HEARTS DESIGN TISSUES,-12,2010-03-24 13:10:00,0.29,17372.0,United Kingdom
C502437,21557,SET OF 6 FUNKY BEAKERS,-1,2010-03-24 13:10:00,2.95,17372.0,United Kingdom
C502438,S,SAMPLES,-1,2010-03-24 13:11:00,605.18,,United Kingdom
C502442,S,SAMPLES,-1,2010-03-24 13:20:00,94.19,,United Kingdom
C502447,21622,VINTAGE UNION JACK CUSHION COVER,-9,2010-03-24 14:04:00,4.95,17377.0,United Kingdom
C502447,85097B,BLUE ROCKING SINGING CANARY,-1,2010-03-24 14:04:00,3.75,17377.0,United Kingdom
C502447,21754,HOME BUILDING BLOCK WORD,-1,2010-03-24 14:04:00,5.95,17377.0,United Kingdom
C502452,M,Manual,-1,2010-03-24 14:16:00,91.8,14911.0,EIRE
C502454,M,Manual,-1,2010-03-24 14:16:00,782.56,14911.0,EIRE
502457,84016,FLAG OF ST GEORGE CAR FLAG,-5200,2010-03-24 14:20:00,0.0,,United Kingdom
502458,84016,FLAG OF ST GEORGE CAR FLAG,-5000,2010-03-24 14:21:00,0.0,,United Kingdom
C502459,BANK CHARGES,Bank Charges,-1,2010-03-24 14:25:00,39.24,,United Kingdom
C502460,85062,PEARL CRYSTAL PUMPKIN T-LIGHT HLDR,-2,2010-03-24 14:29:00,1.36,14156.0,EIRE
C502460,84691,PACK 20 DOLLY PEGS,-80,2010-03-24 14:29:00,0.68,14156.0,EIRE
C502461,22617,BAKING SET SPACEBOY DESIGN,-6,2010-03-24 14:33:00,4.95,15607.0,United Kingdom
C502461,22138,BAKING SET 9 PIECE RETROSPOT,-6,2010-03-24 14:33:00,4.95,15607.0,United Kingdom
C502475,85118,HEART T-LIGHT HOLDER,-36,2010-03-24 15:54:00,0.38,15222.0,United Kingdom
C502555,79323W,WHITE CHERRY LIGHTS,-1,2010-03-25 11:44:00,5.45,16550.0,United Kingdom
C502555,22198,LARGE POPCORN HOLDER,-1,2010-03-25 11:44:00,1.65,16550.0,United Kingdom
C502555,75049L,LARGE CIRCULAR MIRROR MOBILE,-7,2010-03-25 11:44:00,1.25,16550.0,United Kingdom
502564,84414B,FUSCHIA/GREEN STRIPE WOOLLY BLANKET,-12,2010-03-25 11:53:00,0.0,,United Kingdom
C502566,21540,DAIRY MAID CERAMIC BUTTER DISH,-1,2010-03-25 12:03:00,4.25,14685.0,United Kingdom
C502566,21528,DAIRY MAID TRADITIONAL TEAPOT,-2,2010-03-25 12:03:00,5.95,14685.0,United Kingdom
C502571,M,Manual,-1,2010-03-25 12:23:00,1899.67,15896.0,United Kingdom
C502576,M,Manual,-1,2010-03-25 12:28:00,1598.67,13100.0,United Kingdom
C502603,M,Manual,-1,2010-03-25 13:35:00,241.38,,United Kingdom
C502621,15060B,FAIRY CAKE DESIGN UMBRELLA,-1,2010-03-25 15:09:00,3.75,13872.0,United Kingdom
C502621,21531,RED RETROSPOT SUGAR JAM BOWL,-1,2010-03-25 15:09:00,2.55,13872.0,United Kingdom
C502625,20729,RED SPOTTY CANDY BAG,-10,2010-03-25 15:21:00,1.25,17696.0,United Kingdom
C502625,22461,SAVOY ART DECO CLOCK,-1,2010-03-25 15:21:00,12.75,17696.0,United Kingdom
C502626,M,Manual,-1,2010-03-25 15:24:00,525.65,13409.0,United Kingdom
C502629,M,Manual,-1,2010-03-25 15:39:00,1834.14,13401.0,United Kingdom
C502630,21843,RED RETROSPOT CAKE STAND,-3,2010-03-25 15:40:00,10.95,15518.0,United Kingdom
C502634,M,Manual,-1,2010-03-25 16:20:00,302.31,14313.0,United Kingdom
C502666,72598,SET/12 TAPER CANDLES,-22,2010-03-25 18:52:00,0.85,13187.0,United Kingdom
C502676,22618,COOKING SET RETROSPOT,-4,2010-03-26 10:09:00,9.95,12615.0,France
C502676,22138,BAKING SET 9 PIECE RETROSPOT,-6,2010-03-26 10:09:00,4.95,12615.0,France
C502676,22617,BAKING SET SPACEBOY DESIGN,-3,2010-03-26 10:09:00,4.95,12615.0,France
C502676,22456,NATURAL SLATE CHALKBOARD LARGE,-1,2010-03-26 10:09:00,4.95,12615.0,France
C502687,22244,"HOOK, 3 HANGER ,MAGIC GARDEN",-1,2010-03-26 11:12:00,1.95,12647.0,Germany
C502687,22229,BUNNY WOODEN PAINTED WITH FLOWER,-7,2010-03-26 11:12:00,0.85,12647.0,Germany
C502687,22228,BUNNY WOODEN PAINTED WITH BIRD,-4,2010-03-26 11:12:00,0.85,12647.0,Germany
C502726,M,Manual,-1,2010-03-26 11:26:00,146.68,12791.0,Netherlands
C502727,22303,COFFEE MUG APPLES DESIGN,-6,2010-03-26 11:27:00,2.55,15329.0,United Kingdom
C502729,84971L,LARGE HEART FLOWERS HOOK,-24,2010-03-26 11:41:00,1.25,15443.0,United Kingdom
C502729,85186A,EASTER BUNNY GARLAND OF FLOWERS,-12,2010-03-26 11:41:00,0.42,15443.0,United Kingdom
C502732,22138,BAKING SET 9 PIECE RETROSPOT,-1,2010-03-26 11:44:00,4.95,17147.0,United Kingdom
C502737,M,Manual,-1,2010-03-26 12:07:00,131.68,12791.0,Netherlands
C502741,21667,GLASS CAKE COVER AND PLATE,-3,2010-03-26 12:24:00,16.95,13252.0,United Kingdom
C502741,20717,STRAWBERRY SHOPPER BAG,-1,2010-03-26 12:24:00,1.25,13252.0,United Kingdom
C502741,20914,SET/5 RED SPOTTY LID GLASS BOWLS,-2,2010-03-26 12:24:00,2.95,13252.0,United Kingdom
C502744,35400,WOODEN BOX ADVENT CALENDAR,-2,2010-03-26 12:40:00,8.95,14994.0,United Kingdom
502754,72755D,FLOWER FAIRY OIL BURNER SET SUMMER,-130,2010-03-26 13:37:00,0.0,,United Kingdom
C502766,21214,SET OF 72 IVORY PAPER DOILIES,-1,2010-03-26 14:11:00,1.45,16327.0,United Kingdom
C502766,21260,FIRST AID TIN,-1,2010-03-26 14:11:00,3.25,16327.0,United Kingdom
C502766,22355,CHARLOTTE BAG SUKI DESIGN,-2,2010-03-26 14:11:00,0.85,16327.0,United Kingdom
C502767,20726,LUNCH BAG WOODLAND,-1,2010-03-26 14:15:00,1.65,17677.0,United Kingdom
C502769,D,Discount,-1,2010-03-26 14:21:00,18.17,14994.0,United Kingdom
C502770,22138,BAKING SET 9 PIECE RETROSPOT,-1,2010-03-26 14:25:00,4.95,18187.0,United Kingdom
C502793,D,Discount,-1,2010-03-26 15:21:00,23.17,13564.0,United Kingdom
C502797,D,Discount,-18,2010-03-26 16:10:00,2.1,15607.0,United Kingdom
C502802,22197,SMALL POPCORN HOLDER,-1,2010-03-26 16:36:00,0.85,15339.0,United Kingdom
C502849,17165B,ASS COL LARGE SAND GECKO P'WEIGHT,-1,2010-03-28 14:15:00,1.05,17954.0,United Kingdom
C502849,17165D,ASS COL LARGE SAND FROG P'WEIGHT,-1,2010-03-28 14:15:00,1.05,17954.0,United Kingdom
C502849,84270,ASSTD DESIGN BUBBLE GUM RING,-30,2010-03-28 14:15:00,0.21,17954.0,United Kingdom
C502849,22137,BATHROOM SET LOVE HEART DESIGN,-2,2010-03-28 14:15:00,2.95,17954.0,United Kingdom
C502878,72807B,SET/3 OCEAN SCENT CANDLE JEWEL BOX,-10,2010-03-29 10:33:00,4.25,,Bahrain
C502879,21321,GLASS CHALICE BLUE  LARGE,-6,2010-03-29 10:37:00,2.55,18245.0,United Kingdom
C502879,21320,GLASS CHALICE GREEN  LARGE,-4,2010-03-29 10:37:00,2.55,18245.0,United Kingdom
C502894,85161,ACRYLIC GEOMETRIC LAMP,-1,2010-03-29 11:46:00,18.95,15039.0,United Kingdom
C502899,85123A,WHITE HANGING HEART T-LIGHT HOLDER,-5,2010-03-29 12:03:00,2.95,14680.0,United Kingdom
C502899,22384,LUNCH BAG PINK RETROSPOT,-3,2010-03-29 12:03:00,1.65,14680.0,United Kingdom
C502899,21733,RED HANGING HEART T-LIGHT HOLDER,-1,2010-03-29 12:03:00,2.95,14680.0,United Kingdom
C502899,21733,RED HANGING HEART T-LIGHT HOLDER,-1,2010-03-29 12:03:00,2.95,14680.0,United Kingdom
C502899,21874,GIN AND TONIC MUG,-1,2010-03-29 12:03:00,1.25,14680.0,United Kingdom
C502900,21455,PAINTED YELLOW WOODEN DAISY,-4,2010-03-29 12:05:00,0.85,15605.0,United Kingdom
C502903,22467,GUMBALL COAT RACK,-10,2010-03-29 12:33:00,2.1,12472.0,Germany
C502904,22167,"WALL MIRROR , DIAMANTE OVAL SHAPE",-1,2010-03-29 12:33:00,9.95,17612.0,United Kingdom
C502904,21332,MOROCCAN BEATEN METAL MIRROR,-1,2010-03-29 12:33:00,3.95,17612.0,United Kingdom
C502910,21314,SMALL GLASS HEART TRINKET POT,-1,2010-03-29 13:04:00,2.1,16327.0,United Kingdom
C503050,BANK CHARGES,Bank Charges,-1,2010-03-29 15:38:00,25.0,,United Kingdom
C503050,BANK CHARGES,Bank Charges,-1,2010-03-29 15:38:00,361.11,,United Kingdom
C503050,M,Manual,-1,2010-03-29 15:38:00,9.95,,United Kingdom
C503057,POST,POSTAGE,-1,2010-03-29 15:46:00,25.89,,United Kingdom
C503057,M,Manual,-1,2010-03-29 15:46:00,31.19,,United Kingdom
C503057,BANK CHARGES,Bank Charges,-1,2010-03-29 15:46:00,188.55,,United Kingdom
C503145,85206B,PINK FELT EASTER EGG BASKET,-1,2010-03-30 12:15:00,1.65,14505.0,United Kingdom
C503145,21929,JUMBO BAG PINK VINTAGE PAISLEY,-1,2010-03-30 12:15:00,1.95,14505.0,United Kingdom
C503161,POST,POSTAGE,-1,2010-03-30 13:09:00,10.0,16984.0,United Kingdom
C503166,21636,MADRAS NOTEBOOK MEDIUM,-12,2010-03-30 13:23:00,2.55,17464.0,United Kingdom
C503166,21636,MADRAS NOTEBOOK MEDIUM,-12,2010-03-30 13:23:00,2.55,17464.0,United Kingdom
C503166,21634,ASSORTED MINI MADRAS NOTEBOOK,-48,2010-03-30 13:23:00,1.25,17464.0,United Kingdom
C503173,M,Manual,-1,2010-03-30 13:55:00,43.17,14607.0,United Kingdom
C503173,20725,LUNCH BAG RED SPOTTY,-10,2010-03-30 13:55:00,1.45,14607.0,United Kingdom
C503175,35004C,SET OF 3 COLOURED  FLYING DUCKS,-1,2010-03-30 13:59:00,5.45,15611.0,United Kingdom
C503176,22456,NATURAL SLATE CHALKBOARD LARGE,-1,2010-03-30 14:03:00,4.95,12748.0,United Kingdom
C503176,85183B,CHARLIE & LOLA WASTEPAPER BIN FLORA,-30,2010-03-30 14:03:00,3.75,12748.0,United Kingdom
C503182,22180,RETRO SPOT LAMP,-1,2010-03-30 14:24:00,9.95,13958.0,United Kingdom
C503191,21624,VINTAGE UNION JACK DOORSTOP,-20,2010-03-30 15:07:00,4.95,13694.0,United Kingdom
C503196,21231,SWEETHEART CERAMIC TRINKET BOX,-1,2010-03-30 15:33:00,1.25,16923.0,United Kingdom
C503199,22170,PICTURE FRAME WOOD TRIPLE PORTRAIT,-3,2010-03-30 15:42:00,6.75,13874.0,United Kingdom
C503200,37449,CERAMIC CAKE STAND + HANGING CAKES,-2,2010-03-30 15:43:00,8.5,14156.0,EIRE
C503201,79164,BLACK WINE GLASS,-1,2010-03-30 15:44:00,1.65,16558.0,United Kingdom
C503201,22301,COFFEE MUG CAT + BIRD DESIGN,-1,2010-03-30 15:44:00,2.55,16558.0,United Kingdom
C503202,21843,RED RETROSPOT CAKE STAND,-1,2010-03-30 15:45:00,10.95,14016.0,EIRE
C503203,37492B,BLUE YELLOW FLOWER PIGGY BANK,-1,2010-03-30 15:47:00,4.65,15607.0,United Kingdom
C503203,21332,MOROCCAN BEATEN METAL MIRROR,-4,2010-03-30 15:47:00,3.95,15607.0,United Kingdom
C503205,21875,KINGS CHOICE MUG,-30,2010-03-30 15:49:00,1.06,13082.0,United Kingdom
C503206,85232D,SET/3 DECOUPAGE STACKING TINS,-3,2010-03-30 15:51:00,4.95,14928.0,United Kingdom
C503206,22362,GLASS JAR PEACOCK BATH SALTS,-1,2010-03-30 15:51:00,2.95,14928.0,United Kingdom
C503206,85206A,CREAM FELT EASTER EGG BASKET,-1,2010-03-30 15:51:00,1.65,14928.0,United Kingdom
C503207,22070,SMALL RED RETROSPOT MUG IN BOX,-6,2010-03-30 15:53:00,3.75,14740.0,United Kingdom
C503207,22072,RED RETROSPOT TEA CUP AND SAUCER,-4,2010-03-30 15:53:00,3.75,14740.0,United Kingdom
C503207,21533,RETRO SPOT LARGE MILK JUG,-6,2010-03-30 15:53:00,4.95,14740.0,United Kingdom
C503208,21232,STRAWBERRY CERAMIC TRINKET BOX,-1,2010-03-30 15:54:00,1.25,14227.0,United Kingdom
C503208,85099C,JUMBO  BAG BAROQUE BLACK WHITE,-1,2010-03-30 15:54:00,1.95,14227.0,United Kingdom
C503209,35241,ENAMEL BLUE RIM BISCUIT BIN,-5,2010-03-30 15:55:00,4.95,12681.0,France
C503209,21731,RED TOADSTOOL LED NIGHT LIGHT,-2,2010-03-30 15:55:00,1.65,12681.0,France
C503209,20686,DOLLY MIXTURE CHILDREN'S UMBRELLA,-1,2010-03-30 15:55:00,3.25,12681.0,France
C503209,22303,COFFEE MUG APPLES DESIGN,-2,2010-03-30 15:55:00,2.55,12681.0,France
C503210,22139,RETRO SPOT TEA SET CERAMIC 11 PC,-1,2010-03-30 15:57:00,4.95,13371.0,United Kingdom
C503210,22423,REGENCY CAKESTAND 3 TIER,-1,2010-03-30 15:57:00,12.75,13371.0,United Kingdom
C503211,20932,PINK POT PLANT CANDLE,-1,2010-03-30 16:00:00,3.75,14175.0,United Kingdom
C503211,85040B,SET/4 BLUE FLOWER CANDLES IN BOWL,-1,2010-03-30 16:00:00,1.65,14175.0,United Kingdom
C503211,85040A,S/4 PINK FLOWER CANDLES IN BOWL,-1,2010-03-30 16:00:00,1.65,14175.0,United Kingdom
C503211,22109,FULL ENGLISH BREAKFAST PLATE,-1,2010-03-30 16:00:00,3.75,14175.0,United Kingdom
C503211,82567,"AIRLINE LOUNGE,METAL SIGN",-1,2010-03-30 16:00:00,2.1,14175.0,United Kingdom
C503211,85150,LADIES & GENTLEMEN METAL SIGN,-1,2010-03-30 16:00:00,2.55,14175.0,United Kingdom
C503211,22061,LARGE CAKE STAND  HANGING STRAWBERY,-1,2010-03-30 16:00:00,9.95,14175.0,United Kingdom
C503211,21872,GLAMOROUS  MUG,-1,2010-03-30 16:00:00,1.25,14175.0,United Kingdom
C503212,20713,JUMBO BAG OWLS,-1,2010-03-30 16:02:00,1.95,15222.0,United Kingdom
C503213,21460,GREEN EASTER EGG HUNT START POST,-6,2010-03-30 16:08:00,1.95,12840.0,United Kingdom
C503214,22099,CARAVAN SQUARE TISSUE BOX,-12,2010-03-30 16:08:00,1.25,15789.0,United Kingdom
C503214,22091,EMPIRE TISSUE BOX,-12,2010-03-30 16:08:00,1.25,15789.0,United Kingdom
C503215,85034A,3 GARDENIA MORRIS BOXED CANDLES,-1,2010-03-30 16:09:00,4.25,14798.0,United Kingdom
C503215,85232D,SET/3 DECOUPAGE STACKING TINS,-1,2010-03-30 16:09:00,4.95,14798.0,United Kingdom
C503216,21217,RED SPOTTY ROUND CAKE TINS,-1,2010-03-30 16:09:00,9.95,15785.0,United Kingdom
C503216,71477,COLOUR GLASS. STAR T-LIGHT HOLDER,-1,2010-03-30 16:09:00,3.25,15785.0,United Kingdom
C503218,21664,RIDGED GLASS STORAGE JAR CREAM LID,-3,2010-03-30 16:18:00,3.75,12957.0,United Kingdom
C503219,71477,COLOUR GLASS. STAR T-LIGHT HOLDER,-3,2010-03-30 16:23:00,2.75,17640.0,United Kingdom
C503223,22353,LUNCH BOX WITH CUTLERY FAIRY CAKES,-1,2010-03-30 16:24:00,2.55,15819.0,United Kingdom
C503223,21713,CITRONELLA CANDLE FLOWERPOT,-2,2010-03-30 16:24:00,2.1,15819.0,United Kingdom
C503223,84849A,HELLO SAILOR BLUE SOAP HOLDER,-4,2010-03-30 16:24:00,1.69,15819.0,United Kingdom
C503223,21713,CITRONELLA CANDLE FLOWERPOT,-8,2010-03-30 16:24:00,1.25,15819.0,United Kingdom
C503225,22303,COFFEE MUG APPLES DESIGN,-6,2010-03-30 16:26:00,2.55,15329.0,United Kingdom
C503227,POST,POSTAGE,-1,2010-03-30 16:49:00,8.22,,United Kingdom
C503227,20799,PINK MILKSHAKE GLASS,-6,2010-03-30 16:49:00,4.21,,United Kingdom
C503227,M,Manual,-1,2010-03-30 16:49:00,3.38,,United Kingdom
C503228,84692,BOX OF 24 COCKTAIL PARASOLS,-1,2010-03-30 16:51:00,0.42,13078.0,United Kingdom
C503228,21622,VINTAGE UNION JACK CUSHION COVER,-3,2010-03-30 16:51:00,4.95,13078.0,United Kingdom
C503228,35004G,SET OF 3 GOLD FLYING DUCKS,-1,2010-03-30 16:51:00,5.49,13078.0,United Kingdom
C503228,21463,MIRRORED DISCO BALL,-1,2010-03-30 16:51:00,4.95,13078.0,United Kingdom
C503229,21232,STRAWBERRY CERAMIC TRINKET BOX,-1,2010-03-30 16:52:00,1.25,18189.0,United Kingdom
C503231,21259,VICTORIAN SEWING BOX SMALL,-2,2010-03-30 16:57:00,4.95,13881.0,United Kingdom
C503231,21257,VICTORIAN SEWING BOX MEDIUM,-1,2010-03-30 16:57:00,6.95,13881.0,United Kingdom
C503233,85099C,JUMBO  BAG BAROQUE BLACK WHITE,-1,2010-03-30 17:03:00,1.95,15808.0,United Kingdom
C503233,85099B,JUMBO BAG RED RETROSPOT,-1,2010-03-30 17:03:00,1.95,15808.0,United Kingdom
C503233,82486,WOOD S/3 CABINET ANT WHITE FINISH,-1,2010-03-30 17:03:00,7.95,15808.0,United Kingdom
C503233,21314,SMALL GLASS HEART TRINKET POT,-1,2010-03-30 17:03:00,2.1,15808.0,United Kingdom
C503233,82483,WOOD 2 DRAWER CABINET WHITE FINISH,-2,2010-03-30 17:03:00,5.95,15808.0,United Kingdom
C503233,22467,GUMBALL COAT RACK,-1,2010-03-30 17:03:00,2.55,15808.0,United Kingdom
C503233,22236,CAKE STAND 3 TIER MAGIC GARDEN,-2,2010-03-30 17:03:00,10.95,15808.0,United Kingdom
C503233,21903,MAN FLU METAL SIGN,-2,2010-03-30 17:03:00,1.85,15808.0,United Kingdom
C503233,21710,FOLDING UMBRELLA  PINK/WHITE  SPOT,-4,2010-03-30 17:03:00,4.95,15808.0,United Kingdom
C503233,21708,FOLDING UMBRELLA  CREAM/MULTI  SPOT,-3,2010-03-30 17:03:00,4.95,15808.0,United Kingdom
C503233,21710,FOLDING UMBRELLA  PINK/WHITE  SPOT,-2,2010-03-30 17:03:00,4.95,15808.0,United Kingdom
C503233,21710,FOLDING UMBRELLA  PINK/WHITE  SPOT,-4,2010-03-30 17:03:00,4.95,15808.0,United Kingdom
C503233,21706,"FOLDING UMBRELLA , RED/WHITE SPOT",-4,2010-03-30 17:03:00,4.95,15808.0,United Kingdom
503240,21463,MIRRORED DISCO BALL,-37,2010-03-30 17:53:00,0.0,,United Kingdom
C503249,22242,"HOOK, 5 HANGER , MAGIC TOADSTOOL",-3,2010-03-31 10:24:00,1.65,12533.0,Germany
C503249,22243,"HOOK, 5 HANGER ,MAGIC TOADSTOOL RED",-12,2010-03-31 10:24:00,1.65,12533.0,Germany
C503249,21843,RED RETROSPOT CAKE STAND,-1,2010-03-31 10:24:00,10.95,12533.0,Germany
C503249,21535,RED RETROSPOT SMALL MILK JUG,-3,2010-03-31 10:24:00,2.55,12533.0,Germany
C503249,22423,REGENCY CAKESTAND 3 TIER,-1,2010-03-31 10:24:00,12.75,12533.0,Germany
C503254,21314,SMALL GLASS HEART TRINKET POT,-2,2010-03-31 10:49:00,2.1,13871.0,United Kingdom
C503257,22231,JIGSAW TREE WITH BIRDHOUSE,-1,2010-03-31 10:51:00,1.45,16170.0,United Kingdom
C503257,22212,FOUR HOOK  WHITE LOVEBIRDS,-1,2010-03-31 10:51:00,2.1,16170.0,United Kingdom
C503257,22233,JIGSAW RABBIT AND BIRDHOUSE,-1,2010-03-31 10:51:00,1.65,16170.0,United Kingdom
C503357,84676,BATH DUCK WATERING CAN,-4,2010-03-31 13:42:00,2.95,12510.0,Spain
C503357,79029,GLASS HONEYPOT WASP CATCHER,-1,2010-03-31 13:42:00,1.95,12510.0,Spain
C503357,22362,GLASS JAR PEACOCK BATH SALTS,-1,2010-03-31 13:42:00,2.95,12510.0,Spain
C503364,21361,LOVE LARGE WOOD LETTERS,-1,2010-03-31 14:18:00,12.75,14770.0,United Kingdom
C503366,21014,SWISS CHALET TREE DECORATION,-1,2010-03-31 14:20:00,0.72,15311.0,United Kingdom
C503366,40003,WHITE BAMBOO RIBS LAMPSHADE,-2,2010-03-31 14:20:00,0.95,15311.0,United Kingdom
C503366,37450,CERAMIC CAKE BOWL + HANGING CAKES,-2,2010-03-31 14:20:00,2.55,15311.0,United Kingdom
C503366,37447,CERAMIC CAKE DESIGN SPOTTED PLATE,-2,2010-03-31 14:20:00,1.25,15311.0,United Kingdom
C503366,20798,CLEAR MILKSHAKE GLASS,-14,2010-03-31 14:20:00,1.65,15311.0,United Kingdom
C503366,85042,ANTIQUE LILY FAIRY LIGHTS,-2,2010-03-31 14:20:00,4.25,15311.0,United Kingdom
C503366,85047,WHITE BEADED GARLAND STRING 20LIGHT,-1,2010-03-31 14:20:00,5.55,15311.0,United Kingdom
C503366,21381,MINI WOODEN HAPPY BIRTHDAY GARLAND,-1,2010-03-31 14:20:00,1.45,15311.0,United Kingdom
C503366,75049L,LARGE CIRCULAR MIRROR MOBILE,-5,2010-03-31 14:20:00,0.85,15311.0,United Kingdom
C503367,20712,JUMBO BAG WOODLAND ANIMALS,-1,2010-03-31 14:20:00,1.95,15382.0,United Kingdom
C503389,85145,JARDIN ETCHED GLASS LARGE BELL JAR,-3,2010-03-31 14:47:00,12.75,13676.0,United Kingdom
C503389,22178,VICTORIAN GLASS HANGING T-LIGHT,-42,2010-03-31 14:47:00,1.25,13676.0,United Kingdom
C503396,22215,CAKE STAND WHITE TWO TIER LACE,-2,2010-03-31 15:35:00,8.5,15309.0,United Kingdom
C503399,46775D,SUNSET COLOUR CHUNKY KNITTED THROW,-1,2010-03-31 15:52:00,11.02,,United Kingdom
C503400,21041,RED SPOTTY OVEN GLOVE DOUBLE,-1,2010-03-31 16:04:00,2.95,15029.0,United Kingdom
503429,84750A,PINK SMALL GLASS CAKE STAND,-85,2010-03-31 17:53:00,0.0,,United Kingdom
C503440,M,Manual,-1,2010-04-01 10:18:00,376.17,14481.0,United Kingdom
C503446,22374,AIRLINE BAG VINTAGE JET SET RED,-1,2010-04-01 10:54:00,6.35,14796.0,United Kingdom
C503446,85152,HAND OVER THE CHOCOLATE   SIGN,-1,2010-04-01 10:54:00,2.1,14796.0,United Kingdom
C503446,35001P,HAND OPEN SHAPE PINK,-1,2010-04-01 10:54:00,3.49,14796.0,United Kingdom
C503518,20689,RETRO SISTERS EXPRESSO CUPS,-12,2010-04-01 13:04:00,1.95,15997.0,United Kingdom
C503527,10002,INFLATABLE POLITICAL GLOBE,-200,2010-04-01 13:13:00,0.72,16019.0,United Kingdom
C503567,22467,GUMBALL COAT RACK,-2,2010-04-01 15:34:00,2.55,16713.0,United Kingdom
C503571,BANK CHARGES,Bank Charges,-1,2010-04-01 15:45:00,15.0,17539.0,United Kingdom
C503601,22561,WOODEN SCHOOL COLOURING SET,-12,2010-04-06 09:43:00,1.65,13803.0,United Kingdom
C503610,20971,PINK BLUE FELT CRAFT TRINKET BOX,-300,2010-04-06 10:36:00,1.06,17949.0,United Kingdom
C503669,85047,WHITE BEADED GARLAND STRING 20LIGHT,-3,2010-04-06 11:50:00,6.35,15423.0,United Kingdom
C503669,21359,RELAX LARGE WOOD LETTERS,-1,2010-04-06 11:50:00,15.95,15423.0,United Kingdom
C503669,21361,LOVE LARGE WOOD LETTERS,-1,2010-04-06 11:50:00,12.75,15423.0,United Kingdom
503686,17108D,FLOWER FAIRY SUMMER BOUQUET SACHET,-716,2010-04-06 12:41:00,0.0,,United Kingdom
C503715,20816,GOLD FLOWER CUSHION COVER,-5,2010-04-06 14:55:00,6.75,15867.0,United Kingdom
C503715,17165D,ASS COL LARGE SAND FROG P'WEIGHT,-3,2010-04-06 14:55:00,1.05,15867.0,United Kingdom
C503715,85232B,SET/3 RUSSIAN DOLL STACKING TINS,-1,2010-04-06 14:55:00,4.95,15867.0,United Kingdom
C503722,37447,CERAMIC CAKE DESIGN SPOTTED PLATE,-1,2010-04-06 15:51:00,1.25,15311.0,United Kingdom
C503722,37449,CERAMIC CAKE STAND + HANGING CAKES,-1,2010-04-06 15:51:00,8.5,15311.0,United Kingdom
C503722,85042,ANTIQUE LILY FAIRY LIGHTS,-2,2010-04-06 15:51:00,4.25,15311.0,United Kingdom
C503722,21318,GLASS CHALICE BLUE SMALL,-1,2010-04-06 15:51:00,1.45,15311.0,United Kingdom
C503733,22236,CAKE STAND 3 TIER MAGIC GARDEN,-1,2010-04-07 10:36:00,12.75,13148.0,United Kingdom
C503733,22193,RED DINER WALL CLOCK,-1,2010-04-07 10:36:00,8.5,13148.0,United Kingdom
C503733,22222,CAKE PLATE LOVEBIRD WHITE,-3,2010-04-07 10:36:00,4.95,13148.0,United Kingdom
C503733,22220,CAKE STAND LOVEBIRD 2 TIER WHITE,-1,2010-04-07 10:36:00,9.95,13148.0,United Kingdom
C503745,20686,DOLLY MIXTURE CHILDREN'S UMBRELLA,-1,2010-04-07 10:44:00,2.75,12770.0,Japan
C503779,21781,MA CAMPAGNE CUTLERY BOX,-1,2010-04-07 11:21:00,14.95,14527.0,United Kingdom
C503781,46000P,POLYESTER FILLER PAD 65CMx65CM,-3,2010-04-07 11:55:00,4.25,13727.0,United Kingdom
C503803,84688,BEACH HUT DESIGN BLACKBOARD,-1,2010-04-07 13:54:00,4.25,13939.0,United Kingdom
C503857,22114,HOT WATER BOTTLE TEA AND SYMPATHY,-72,2010-04-08 10:29:00,3.45,12989.0,United Kingdom
C503876,22428,ENAMEL FIRE BUCKET CREAM,-1,2010-04-08 11:50:00,6.95,,United Kingdom
C503876,22426,ENAMEL WASH BOWL CREAM,-1,2010-04-08 11:50:00,3.75,,United Kingdom
C503908,21868,POTTING SHED TEA MUG,-12,2010-04-08 12:30:00,1.25,13890.0,United Kingdom
C503908,82580,BATHROOM METAL SIGN,-2,2010-04-08 12:30:00,0.55,13890.0,United Kingdom
C503908,22413,METAL SIGN TAKE IT OR LEAVE IT,-5,2010-04-08 12:30:00,2.95,13890.0,United Kingdom
C503967,22178,VICTORIAN GLASS HANGING T-LIGHT,-15,2010-04-08 17:13:00,1.25,13871.0,United Kingdom
C503967,84937,KASHMIR FOLKART TUMBLERS,-12,2010-04-08 17:13:00,2.1,13871.0,United Kingdom
C503970,21321,GLASS CHALICE BLUE  LARGE,-8,2010-04-08 17:32:00,2.1,15311.0,United Kingdom
C503970,21318,GLASS CHALICE BLUE SMALL,-5,2010-04-08 17:32:00,1.45,15311.0,United Kingdom
C503970,85042,ANTIQUE LILY FAIRY LIGHTS,-3,2010-04-08 17:32:00,4.25,15311.0,United Kingdom
C503970,20798,CLEAR MILKSHAKE GLASS,-7,2010-04-08 17:32:00,1.65,15311.0,United Kingdom
C503970,37449,CERAMIC CAKE STAND + HANGING CAKES,-2,2010-04-08 17:32:00,8.5,15311.0,United Kingdom
C503970,71477,COLOUR GLASS. STAR T-LIGHT HOLDER,-1,2010-04-08 17:32:00,2.75,15311.0,United Kingdom
C503970,85047,WHITE BEADED GARLAND STRING 20LIGHT,-1,2010-04-08 17:32:00,5.55,15311.0,United Kingdom
C503970,85099B,JUMBO BAG RED RETROSPOT,-1,2010-04-08 17:32:00,1.65,15311.0,United Kingdom
C503970,40003,WHITE BAMBOO RIBS LAMPSHADE,-3,2010-04-08 17:32:00,0.95,15311.0,United Kingdom
C503974,21208,PASTEL COLOUR HONEYCOMB FAN,-1,2010-04-08 17:46:00,1.65,17180.0,United Kingdom
C503974,35918B,BLUE FLORIBUNDA EGG WARMER,-1,2010-04-08 17:46:00,1.25,17180.0,United Kingdom
C503974,20829,GLITTER HANGING BUTTERFLY STRING,-1,2010-04-08 17:46:00,2.1,17180.0,United Kingdom
C503983,POST,POSTAGE,-1,2010-04-09 09:37:00,6.41,17888.0,United Kingdom
503992,35821B,"JEWELLED DECORATION,BLUE",-21,2010-04-09 11:02:00,0.0,,United Kingdom
503993,35824C,"HANGING FLOWERS+MIRROR,CLEAR",-58,2010-04-09 11:02:00,0.0,,United Kingdom
C503996,POST,POSTAGE,-1,2010-04-09 11:31:00,8.96,13397.0,United Kingdom
C503996,84968E,S/16 VINTAGE BLACK CUTLERY,-4,2010-04-09 11:31:00,12.75,13397.0,United Kingdom
C503998,22461,SAVOY ART DECO CLOCK,-6,2010-04-09 11:35:00,10.95,15367.0,United Kingdom
C503999,M,Manual,-408,2010-04-09 11:36:00,0.33,16754.0,United Kingdom
C504124,22236,CAKE STAND 3 TIER MAGIC GARDEN,-1,2010-04-11 10:41:00,12.75,15015.0,United Kingdom
C504129,21332,MOROCCAN BEATEN METAL MIRROR,-12,2010-04-11 11:00:00,3.95,14401.0,United Kingdom
C504129,84770,ROUND GEORGIAN SILVER MIRROR,-6,2010-04-11 11:00:00,2.95,14401.0,United Kingdom
C504167,20914,SET/5 RED SPOTTY LID GLASS BOWLS,-1,2010-04-12 07:20:00,2.95,12590.0,Germany
C504168,21871,SAVE THE PLANET MUG,-1,2010-04-12 07:28:00,1.25,16186.0,United Kingdom
C504168,85042,ANTIQUE LILY FAIRY LIGHTS,-1,2010-04-12 07:28:00,4.95,16186.0,United Kingdom
C504169,22508,DOORSTOP RETROSPOT HEART,-1,2010-04-12 07:31:00,3.75,15719.0,United Kingdom
C504170,21258,VICTORIAN SEWING BOX LARGE,-1,2010-04-12 07:49:00,12.75,13019.0,United Kingdom
C504171,22361,GLASS JAR DAISY FRESH COTTON WOOL,-1,2010-04-12 07:50:00,2.95,13047.0,United Kingdom
C504172,79302M,"ART LIGHTS,FUNK MONKEY",-1,2010-04-12 07:52:00,2.95,16782.0,United Kingdom
C504173,M,Manual,-24,2010-04-12 08:08:00,0.5,16029.0,United Kingdom
C504174,POST,POSTAGE,-1,2010-04-12 08:09:00,1.95,15079.0,United Kingdom
C504174,85123A,WHITE HANGING HEART T-LIGHT HOLDER,-1,2010-04-12 08:09:00,2.95,15079.0,United Kingdom
C504175,15056BL,EDWARDIAN PARASOL BLACK,-2,2010-04-12 08:16:00,5.95,13852.0,United Kingdom
C504175,21892,TRADITIONAL WOODEN CATCH CUP GAME,-4,2010-04-12 08:16:00,1.25,13852.0,United Kingdom
C504177,21259,VICTORIAN SEWING BOX SMALL,-1,2010-04-12 08:25:00,5.95,14537.0,United Kingdom
C504178,22585,PACK OF 6 BIRDY GIFT TAGS,-12,2010-04-12 08:30:00,1.25,15981.0,United Kingdom
C504179,22471,TV DINNER TRAY AIR HOSTESS,-2,2010-04-12 08:40:00,4.95,12359.0,Cyprus
C504179,22359,GLASS JAR KINGS CHOICE,-2,2010-04-12 08:40:00,2.95,12359.0,Cyprus
C504180,85232B,SET/3 RUSSIAN DOLL STACKING TINS,-3,2010-04-12 08:55:00,4.95,16019.0,United Kingdom
C504180,79191C,RETRO PLASTIC ELEPHANT TRAY,-12,2010-04-12 08:55:00,0.85,16019.0,United Kingdom
C504180,22457,NATURAL SLATE HEART CHALKBOARD,-12,2010-04-12 08:55:00,2.55,16019.0,United Kingdom
C504181,22210,WOOD STAMP SET BEST WISHES,-2,2010-04-12 08:58:00,1.65,14748.0,United Kingdom
C504182,82486,WOOD S/3 CABINET ANT WHITE FINISH,-1,2010-04-12 08:59:00,7.95,16554.0,United Kingdom
C504182,85035A,GARDENIA 3 WICK MORRIS BOXED CANDLE,-1,2010-04-12 08:59:00,4.25,16554.0,United Kingdom
C504182,22319,HAIRCLIPS FORTIES FABRIC ASSORTED,-12,2010-04-12 08:59:00,0.65,16554.0,United Kingdom
C504182,84946,ANTIQUE SILVER TEA GLASS ETCHED,-2,2010-04-12 08:59:00,1.25,16554.0,United Kingdom
C504185,84292,ROSE PINK METAL FOLDING CHAIR,-1,2010-04-12 09:37:00,7.95,13196.0,United Kingdom
C504185,82607A,GLASS BONBON JAR PARFUME AUX FLEURE,-1,2010-04-12 09:37:00,1.25,13196.0,United Kingdom
C504186,21658,GLASS  BEURRE DISH,-4,2010-04-12 09:39:00,3.95,16570.0,United Kingdom
C504186,22138,BAKING SET 9 PIECE RETROSPOT,-1,2010-04-12 09:39:00,4.95,16570.0,United Kingdom
C504187,21563,RED HEART SHAPE LOVE BUCKET,-1,2010-04-12 09:40:00,2.95,15122.0,United Kingdom
C504190,21626,VINTAGE UNION JACK PENNANT,-1,2010-04-12 10:01:00,1.95,14626.0,United Kingdom
C504191,21069,VINTAGE BILLBOARD TEA MUG,-1,2010-04-12 10:06:00,1.25,16054.0,United Kingdom
C504191,21070,VINTAGE BILLBOARD MUG,-8,2010-04-12 10:06:00,1.25,16054.0,United Kingdom
C504191,21877,HOME SWEET HOME MUG,-1,2010-04-12 10:06:00,1.25,16054.0,United Kingdom
C504197,47502,POLKADOT CUTLERY 24 PCS IN TRAY,-4,2010-04-12 10:28:00,12.75,14911.0,EIRE
C504198,22150,3 STRIPEY MICE FELTCRAFT,-1,2010-04-12 10:30:00,1.95,17426.0,United Kingdom
C504198,22149,FELTCRAFT 6 FLOWER FRIENDS,-1,2010-04-12 10:30:00,2.1,17426.0,United Kingdom
C504199,20914,SET/5 RED SPOTTY LID GLASS BOWLS,-1,2010-04-12 10:55:00,2.95,14911.0,EIRE
C504201,22138,BAKING SET 9 PIECE RETROSPOT,-3,2010-04-12 11:13:00,4.95,15713.0,United Kingdom
C504202,22507,MEMO BOARD RETROSPOT  DESIGN,-2,2010-04-12 11:15:00,4.95,16351.0,United Kingdom
C504205,22171,3 HOOK PHOTO SHELF ANTIQUE WHITE,-1,2010-04-12 11:24:00,8.5,14492.0,United Kingdom
C504208,75049L,LARGE CIRCULAR MIRROR MOBILE,-13,2010-04-12 11:26:00,0.85,15270.0,United Kingdom
C504207,22464,HANGING METAL HEART LANTERN,-3,2010-04-12 11:26:00,1.65,15755.0,United Kingdom
C504207,37495,FAIRY CAKE BIRTHDAY CANDLE SET,-1,2010-04-12 11:26:00,3.75,15755.0,United Kingdom
C504207,20795,LARGE BLUE PROVENCAL CERAMIC BALL,-1,2010-04-12 11:26:00,2.1,15755.0,United Kingdom
C504211,21527,RED RETROSPOT TRADITIONAL TEAPOT,-1,2010-04-12 11:29:00,7.95,16670.0,United Kingdom
C504215,79323S,SILVER CHERRY LIGHTS,-11,2010-04-12 11:55:00,5.45,15546.0,United Kingdom
C504215,79323G,GOLD  CHERRY LIGHTS,-8,2010-04-12 11:55:00,5.45,15546.0,United Kingdom
C504215,79323LP,LIGHT PINK CHERRY LIGHTS,-24,2010-04-12 11:55:00,5.45,15546.0,United Kingdom
C504215,79323P,PINK CHERRY LIGHTS,-24,2010-04-12 11:55:00,5.45,15546.0,United Kingdom
C504215,79323W,WHITE CHERRY LIGHTS,-24,2010-04-12 11:55:00,5.45,15546.0,United Kingdom
C504215,79323GR,GREEN CHERRY LIGHTS,-8,2010-04-12 11:55:00,5.45,15546.0,United Kingdom
C504258,21255,"FRENCH BOTTLE , LAVENDER",-12,2010-04-12 14:01:00,1.65,14101.0,United Kingdom
C504275,85042,ANTIQUE LILY FAIRY LIGHTS,-1,2010-04-12 14:23:00,4.95,12997.0,United Kingdom
C504319,22456,NATURAL SLATE CHALKBOARD LARGE,-1,2010-04-12 14:49:00,4.25,12418.0,Switzerland
C504322,21664,RIDGED GLASS STORAGE JAR CREAM LID,-3,2010-04-12 14:56:00,3.75,13564.0,United Kingdom
C504322,20798,CLEAR MILKSHAKE GLASS,-6,2010-04-12 14:56:00,2.1,13564.0,United Kingdom
C504322,22172,METAL SHELF WITH RAIL,-1,2010-04-12 14:56:00,8.5,13564.0,United Kingdom
C504322,37340,MULTICOLOUR SPRING FLOWER MUG,-1,2010-04-12 14:56:00,0.85,13564.0,United Kingdom
C504330,22215,CAKE STAND WHITE TWO TIER LACE,-1,2010-04-12 16:04:00,8.5,12417.0,Belgium
C504334,84615,PINK ROUND BUTTERFLY MIRROR,-38,2010-04-12 16:36:00,6.36,13473.0,United Kingdom
C504342,21377,SMALL CAMPHOR WOOD FIELD  MUSHROOM,-24,2010-04-12 17:32:00,0.8,17048.0,United Kingdom
C504343,22360,GLASS JAR ENGLISH CONFECTIONERY,-2,2010-04-13 09:16:00,2.95,13050.0,United Kingdom
C504343,21232,STRAWBERRY CERAMIC TRINKET BOX,-3,2010-04-13 09:16:00,1.25,13050.0,United Kingdom
C504343,21756,BATH BUILDING BLOCK WORD,-1,2010-04-13 09:16:00,5.95,13050.0,United Kingdom
C504343,85067,CREAM SWEETHEART WALL CABINET,-1,2010-04-13 09:16:00,18.95,13050.0,United Kingdom
C504345,21928,JUMBO BAG SCANDINAVIAN PAISLEY,-10,2010-04-13 09:29:00,1.95,14893.0,United Kingdom
C504345,21279,VINTAGE KITCHEN PRINT FRUITS,-1,2010-04-13 09:29:00,2.55,14893.0,United Kingdom
C504346,21928,JUMBO BAG SCANDINAVIAN PAISLEY,-1,2010-04-13 09:30:00,1.95,14112.0,United Kingdom
C504346,22386,JUMBO BAG PINK WITH WHITE SPOTS,-1,2010-04-13 09:30:00,1.95,14112.0,United Kingdom
C504346,85099B,JUMBO BAG RED RETROSPOT,-2,2010-04-13 09:30:00,1.95,14112.0,United Kingdom
C504347,22300,COFFEE MUG DOG + BALL DESIGN,-2,2010-04-13 09:32:00,2.55,17044.0,United Kingdom
C504347,22456,NATURAL SLATE CHALKBOARD LARGE,-1,2010-04-13 09:32:00,4.95,17044.0,United Kingdom
C504347,22488,NATURAL SLATE RECTANGLE CHALKBOARD,-3,2010-04-13 09:32:00,1.65,17044.0,United Kingdom
C504348,21989,PACK OF 20 SKULL PAPER NAPKINS,-12,2010-04-13 09:33:00,0.85,14961.0,United Kingdom
C504349,85142,JARDIN ETCHED GLASS GINGER JAR,-1,2010-04-13 09:44:00,7.95,12542.0,Spain
C504349,85141,JARDIN ETCHED GLASS FRUITBOWL,-1,2010-04-13 09:44:00,10.75,12542.0,Spain
C504349,85028S,FRENCH CHATEAU SMALL FRUITBOWL,-2,2010-04-13 09:44:00,4.95,12542.0,Spain
C504349,85030,FRENCH CHATEAU OVAL PLATTER,-2,2010-04-13 09:44:00,7.95,12542.0,Spain
C504349,22269,EGG CUP NATURAL CHICKEN,-1,2010-04-13 09:44:00,1.25,12542.0,Spain
C504350,20979,36 PENCILS TUBE RED SPOTTY,-128,2010-04-13 09:52:00,1.06,14156.0,EIRE
C504353,84770,ROUND GEORGIAN SILVER MIRROR,-2,2010-04-13 09:58:00,2.95,17593.0,United Kingdom
C504354,84247N,PACK/12 BLUE FOLKART CARDS,-11,2010-04-13 10:01:00,2.95,13443.0,United Kingdom
C504357,37449,CERAMIC CAKE STAND + HANGING CAKES,-2,2010-04-13 10:09:00,8.5,15638.0,United Kingdom
C504358,47594B,SCOTTIES DESIGN WASHBAG,-3,2010-04-13 10:14:00,1.95,14914.0,United Kingdom
C504359,21314,SMALL GLASS HEART TRINKET POT,-1,2010-04-13 10:31:00,2.1,13767.0,United Kingdom
C504359,22423,REGENCY CAKESTAND 3 TIER,-4,2010-04-13 10:31:00,12.75,13767.0,United Kingdom
C504360,85063,CREAM SWEETHEART MAGAZINE RACK,-1,2010-04-13 10:32:00,16.95,14370.0,United Kingdom
C504361,79191C,RETRO PLASTIC ELEPHANT TRAY,-12,2010-04-13 10:34:00,0.85,14771.0,United Kingdom
C504361,84507B,STRIPES DESIGN MONKEY DOLL,-1,2010-04-13 10:34:00,2.55,14771.0,United Kingdom
C504361,47594A,CAROUSEL DESIGN WASHBAG,-1,2010-04-13 10:34:00,1.95,14771.0,United Kingdom
C504362,37330,SPOTS MUG,-5,2010-04-13 10:45:00,1.95,16634.0,United Kingdom
C504363,84978,HANGING HEART JAR T-LIGHT HOLDER,-1,2010-04-13 10:48:00,1.06,17448.0,United Kingdom
C504363,85176,SEWING SUSAN 21 NEEDLE SET,-2,2010-04-13 10:48:00,0.64,17448.0,United Kingdom
C504363,20936,FORKED CACTUS CANDLE,-2,2010-04-13 10:48:00,2.55,17448.0,United Kingdom
C504363,21868,POTTING SHED TEA MUG,-2,2010-04-13 10:48:00,1.06,17448.0,United Kingdom
C504365,21563,RED HEART SHAPE LOVE BUCKET,-1,2010-04-13 10:49:00,2.95,13093.0,United Kingdom
C504365,84050,PINK HEART SHAPE EGG FRYING PAN,-1,2010-04-13 10:49:00,1.65,13093.0,United Kingdom
C504365,21155,RED SPOTTY PEG BAG,-1,2010-04-13 10:49:00,2.1,13093.0,United Kingdom
C504365,51012C,"FEATHER DUSTER, COAL BLACK",-2,2010-04-13 10:49:00,1.25,13093.0,United Kingdom
C504366,21527,RED RETROSPOT TRADITIONAL TEAPOT,-5,2010-04-13 10:50:00,6.95,15125.0,United Kingdom
C504366,21533,RETRO SPOT LARGE MILK JUG,-1,2010-04-13 10:50:00,4.25,15125.0,United Kingdom
C504374,22467,GUMBALL COAT RACK,-1,2010-04-13 11:07:00,2.55,17677.0,United Kingdom
C504392,85042,ANTIQUE LILY FAIRY LIGHTS,-2,2010-04-13 11:41:00,4.95,17841.0,United Kingdom
C504392,21731,RED TOADSTOOL LED NIGHT LIGHT,-1,2010-04-13 11:41:00,1.65,17841.0,United Kingdom
C504415,84270,ASSTD DESIGN BUBBLE GUM RING,-1440,2010-04-13 12:33:00,0.16,12971.0,United Kingdom
C504417,22236,CAKE STAND 3 TIER MAGIC GARDEN,-2,2010-04-13 12:58:00,12.75,15303.0,United Kingdom
C504417,22220,CAKE STAND LOVEBIRD 2 TIER WHITE,-2,2010-04-13 12:58:00,9.95,15303.0,United Kingdom
C504419,22509,SEWING BOX RETROSPOT DESIGN,-1,2010-04-13 13:08:00,14.95,16455.0,United Kingdom
C504420,37449,CERAMIC CAKE STAND + HANGING CAKES,-1,2010-04-13 13:10:00,8.5,15311.0,United Kingdom
C504422,85098B,BLUE FLYING SINGING CANARY,-8,2010-04-13 13:12:00,3.75,14640.0,United Kingdom
C504422,20941,FROG CANDLE,-12,2010-04-13 13:12:00,1.25,14640.0,United Kingdom
C504423,85132C,CHARLIE AND LOLA FIGURES TINS,-1,2010-04-13 13:13:00,9.95,14606.0,United Kingdom
C504423,22467,GUMBALL COAT RACK,-1,2010-04-13 13:13:00,2.55,14606.0,United Kingdom
C504424,20675,BLUE SPOTTY BOWL,-1,2010-04-13 13:14:00,1.25,14748.0,United Kingdom
C504425,85042,ANTIQUE LILY FAIRY LIGHTS,-1,2010-04-13 13:16:00,4.95,16732.0,United Kingdom
C504443,21035,SET/2 RED SPOTTY TEA TOWELS,-1,2010-04-13 14:29:00,2.95,15889.0,United Kingdom
C504443,21872,GLAMOROUS  MUG,-6,2010-04-13 14:29:00,1.25,15889.0,United Kingdom
C504460,84459B,YELLOW METAL CHICKEN HEART,-24,2010-04-13 16:14:00,1.49,16735.0,United Kingdom
C504460,84459A,PINK METAL CHICKEN HEART,-24,2010-04-13 16:14:00,1.49,16735.0,United Kingdom
C504461,22456,NATURAL SLATE CHALKBOARD LARGE,-6,2010-04-13 16:22:00,4.95,13408.0,United Kingdom
C504468,22487,WHITE WOOD GARDEN PLANT LADDER,-1,2010-04-13 17:40:00,9.95,15329.0,United Kingdom
C504468,22168,ORGANISER WOOD ANTIQUE WHITE,-2,2010-04-13 17:40:00,8.5,15329.0,United Kingdom
C504468,22505,MEMO BOARD COTTAGE DESIGN,-1,2010-04-13 17:40:00,4.95,15329.0,United Kingdom
C504468,22198,LARGE POPCORN HOLDER,-3,2010-04-13 17:40:00,1.65,15329.0,United Kingdom
C504468,21871,SAVE THE PLANET MUG,-12,2010-04-13 17:40:00,1.25,15329.0,United Kingdom
C504468,21260,FIRST AID TIN,-6,2010-04-13 17:40:00,3.25,15329.0,United Kingdom
C504485,84466,TOP SECRET PEN SET,-34,2010-04-14 10:54:00,1.25,13266.0,United Kingdom
C504488,22215,CAKE STAND WHITE TWO TIER LACE,-1,2010-04-14 11:08:00,8.5,13097.0,United Kingdom
C504534,22585,PACK OF 6 BIRDY GIFT TAGS,-144,2010-04-14 11:54:00,1.06,15061.0,United Kingdom
C504543,85123A,WHITE HANGING HEART T-LIGHT HOLDER,-1,2010-04-14 12:21:00,2.55,17675.0,United Kingdom
C504543,22189,CREAM HEART CARD HOLDER,-2,2010-04-14 12:21:00,3.39,17675.0,United Kingdom
C504543,85042,ANTIQUE LILY FAIRY LIGHTS,-2,2010-04-14 12:21:00,4.25,17675.0,United Kingdom
C504543,71477,COLOUR GLASS. STAR T-LIGHT HOLDER,-3,2010-04-14 12:21:00,2.75,17675.0,United Kingdom
C504544,22138,BAKING SET 9 PIECE RETROSPOT,-2,2010-04-14 12:23:00,4.95,17457.0,United Kingdom
C504544,21869,POTTING SHED COFFEE MUG,-5,2010-04-14 12:23:00,1.25,17457.0,United Kingdom
C504544,21868,POTTING SHED TEA MUG,-7,2010-04-14 12:23:00,1.25,17457.0,United Kingdom
C504545,84466,TOP SECRET PEN SET,-24,2010-04-14 12:24:00,0.95,16656.0,United Kingdom
C504549,22084,PAPER CHAIN KIT EMPIRE,-40,2010-04-14 12:53:00,2.55,17716.0,United Kingdom
C504557,84676,BATH DUCK WATERING CAN,-3,2010-04-14 13:54:00,2.95,13407.0,United Kingdom
C504557,21715,GIRLS VINTAGE TIN SEASIDE BUCKET,-1,2010-04-14 13:54:00,2.55,13407.0,United Kingdom
C504561,21539,RED RETROSPOT BUTTER DISH,-2,2010-04-14 13:59:00,4.95,17469.0,United Kingdom
C504561,22061,LARGE CAKE STAND  HANGING STRAWBERY,-2,2010-04-14 13:59:00,9.95,17469.0,United Kingdom
C504561,20770,ABSTRACT CIRCLE JOURNAL,-4,2010-04-14 13:59:00,1.2,17469.0,United Kingdom
C504562,21868,POTTING SHED TEA MUG,-1,2010-04-14 14:02:00,1.25,15331.0,United Kingdom
C504562,84279P,CHERRY BLOSSOM  DECORATIVE FLASK,-3,2010-04-14 14:02:00,3.75,15331.0,United Kingdom
C504563,21626,VINTAGE UNION JACK PENNANT,-12,2010-04-14 14:04:00,1.95,15252.0,United Kingdom
C504565,22561,WOODEN SCHOOL COLOURING SET,-12,2010-04-14 14:13:00,1.65,14916.0,United Kingdom
C504565,22411,JUMBO SHOPPER VINTAGE RED PAISLEY,-10,2010-04-14 14:13:00,1.95,14916.0,United Kingdom
C504566,84997D,PINK 3 PIECE MINI DOTS CUTLERY SET,-6,2010-04-14 14:14:00,3.75,17738.0,United Kingdom
C504567,37488A,YELLOW PINK FLOWER DESIGN BIG BOWL,-1,2010-04-14 14:15:00,2.95,15298.0,United Kingdom
C504567,21463,MIRRORED DISCO BALL,-1,2010-04-14 14:15:00,5.95,15298.0,United Kingdom
C504567,21424,WOODLAND STORAGE BOX LARGE,-1,2010-04-14 14:15:00,2.95,15298.0,United Kingdom
C504567,21425,SKULLS STORAGE BOX LARGE,-3,2010-04-14 14:15:00,2.95,15298.0,United Kingdom
C504568,22236,CAKE STAND 3 TIER MAGIC GARDEN,-1,2010-04-14 14:17:00,12.75,12542.0,Spain
C504570,22139,RETRO SPOT TEA SET CERAMIC 11 PC,-1,2010-04-14 14:23:00,4.25,17511.0,United Kingdom
C504570,21232,STRAWBERRY CERAMIC TRINKET BOX,-1,2010-04-14 14:23:00,1.06,17511.0,United Kingdom
C504570,22199,FRYING PAN RED POLKADOT,-1,2010-04-14 14:23:00,3.75,17511.0,United Kingdom
C504570,37449,CERAMIC CAKE STAND + HANGING CAKES,-1,2010-04-14 14:23:00,8.5,17511.0,United Kingdom
C504570,79320,FLAMINGO LIGHTS,-1,2010-04-14 14:23:00,4.25,17511.0,United Kingdom
C504570,22423,REGENCY CAKESTAND 3 TIER,-2,2010-04-14 14:23:00,10.95,17511.0,United Kingdom
504590,84578,ELEPHANT TOY WITH BLUE T-SHIRT,-52,2010-04-15 10:25:00,0.0,,United Kingdom
C504629,37446,MINI CAKE STAND WITH HANGING CAKES,-1,2010-04-15 12:53:00,1.45,12935.0,United Kingdom
C504629,21897,POTTING SHED CANDLE CITRONELLA,-2,2010-04-15 12:53:00,2.95,12935.0,United Kingdom
C504632,75049L,LARGE CIRCULAR MIRROR MOBILE,-11,2010-04-15 13:03:00,0.85,15311.0,United Kingdom
C504632,37449,CERAMIC CAKE STAND + HANGING CAKES,-2,2010-04-15 13:03:00,8.5,15311.0,United Kingdom
C504637,M,Manual,-1,2010-04-15 14:07:00,5843.7,17017.0,United Kingdom
C504641,M,Manual,-1,2010-04-15 14:22:00,773.5,17013.0,United Kingdom
C504648,M,Manual,-1,2010-04-15 14:48:00,210.47,17949.0,United Kingdom
C504666,M,Manual,-1,2010-04-15 15:04:00,2451.26,17013.0,United Kingdom
C504670,M,Manual,-1,2010-04-15 15:16:00,227.28,17452.0,United Kingdom
C504672,22177,5 HOOK BLACKBOARD ORGANISER,-1,2010-04-15 15:20:00,9.95,15722.0,United Kingdom
C504672,21259,VICTORIAN SEWING BOX SMALL,-1,2010-04-15 15:20:00,5.95,15722.0,United Kingdom
C504672,21258,VICTORIAN SEWING BOX LARGE,-1,2010-04-15 15:20:00,12.75,15722.0,United Kingdom
C504672,21361,LOVE LARGE WOOD LETTERS,-1,2010-04-15 15:20:00,12.75,15722.0,United Kingdom
C504674,M,Manual,-1,2010-04-15 15:27:00,306.66,13633.0,United Kingdom
C504679,M,Manual,-1,2010-04-15 15:47:00,148.69,14380.0,United Kingdom
C504684,M,Manual,-1,2010-04-15 16:12:00,94.8,15354.0,United Kingdom
C504690,M,Manual,-1,2010-04-15 16:28:00,94.8,15354.0,United Kingdom
C504693,M,Manual,-1,2010-04-15 16:35:00,94.8,15354.0,United Kingdom
C504706,22215,CAKE STAND WHITE TWO TIER LACE,-1,2010-04-15 19:45:00,8.5,13542.0,United Kingdom
C504706,22167,"WALL MIRROR , DIAMANTE OVAL SHAPE",-1,2010-04-15 19:45:00,9.95,13542.0,United Kingdom
C504706,21275,ZINC TOP  2 DOOR WOODEN SHELF,-1,2010-04-15 19:45:00,16.95,13542.0,United Kingdom
C504729,85123A,WHITE HANGING HEART T-LIGHT HOLDER,-3,2010-04-16 11:21:00,2.55,14680.0,United Kingdom
C504729,21218,RED SPOTTY BISCUIT TIN,-1,2010-04-16 11:21:00,3.75,14680.0,United Kingdom
C504729,21843,RED RETROSPOT CAKE STAND,-2,2010-04-16 11:21:00,10.95,14680.0,United Kingdom
C504729,20727,LUNCH BAG  BLACK SKULL.,-1,2010-04-16 11:21:00,1.65,14680.0,United Kingdom
C504729,21232,STRAWBERRY CERAMIC TRINKET BOX,-1,2010-04-16 11:21:00,1.25,14680.0,United Kingdom
C504729,20726,LUNCH BAG WOODLAND,-1,2010-04-16 11:21:00,1.65,14680.0,United Kingdom
C504729,22382,LUNCH BAG SPACEBOY DESIGN,-10,2010-04-16 11:21:00,1.65,14680.0,United Kingdom
C504763,20719,WOODLAND CHARLOTTE BAG,-2,2010-04-16 11:50:00,0.85,17841.0,United Kingdom
C504840,85017C,ENVELOPE 50 CURIOUS IMAGES,-288,2010-04-16 15:30:00,0.42,13694.0,United Kingdom
C504841,20840,FRENCH FLORAL CUSHION COVER,-204,2010-04-16 15:55:00,1.7,13694.0,United Kingdom
C504841,84601A,NEW BAROQUE IVORY CUSHION COVER,-150,2010-04-16 15:55:00,1.25,13694.0,United Kingdom
C504841,84919,BLUE CUSHION COVER WITH FLOWER,-160,2010-04-16 15:55:00,4.0,13694.0,United Kingdom
C504843,22197,SMALL POPCORN HOLDER,-200,2010-04-16 15:58:00,0.72,17949.0,United Kingdom
C504849,M,Manual,-1,2010-04-18 09:32:00,660.86,14912.0,Italy
C504892,85123A,WHITE HANGING HEART T-LIGHT HOLDER,-1,2010-04-18 14:01:00,2.95,14415.0,United Kingdom
C504892,21314,SMALL GLASS HEART TRINKET POT,-1,2010-04-18 14:01:00,2.1,14415.0,United Kingdom
C504892,22189,CREAM HEART CARD HOLDER,-1,2010-04-18 14:01:00,3.95,14415.0,United Kingdom
C504892,20914,SET/5 RED SPOTTY LID GLASS BOWLS,-1,2010-04-18 14:01:00,2.95,14415.0,United Kingdom
C504899,84762A,WHITE PICNIC BARBECUE BUCKET,-4,2010-04-18 14:36:00,4.8,17085.0,United Kingdom
C504931,22383,LUNCH BAG SUKI  DESIGN,-10,2010-04-19 11:10:00,1.65,12742.0,United Arab Emirates
C504955,21064,BOOM BOX SPEAKER BOYS,-6,2010-04-19 11:58:00,5.95,17888.0,United Kingdom
C504955,22095,LADS ONLY TISSUE BOX,-12,2010-04-19 11:58:00,1.25,17888.0,United Kingdom
C504955,21833,CAMOUFLAGE LED TORCH,-12,2010-04-19 11:58:00,1.69,17888.0,United Kingdom
C504955,20782,CAMOUFLAGE EAR MUFF HEADPHONES,-6,2010-04-19 11:58:00,5.49,17888.0,United Kingdom
C504955,21065,BOOM BOX SPEAKER GIRLS,-6,2010-04-19 11:58:00,5.95,17888.0,United Kingdom
C505003,20727,LUNCH BAG  BLACK SKULL.,-5,2010-04-19 12:40:00,1.65,17552.0,United Kingdom
C505003,20783,HEART EAR MUFF HEADPHONES,-1,2010-04-19 12:40:00,5.49,17552.0,United Kingdom
C505010,82483,WOOD 2 DRAWER CABINET WHITE FINISH,-1,2010-04-19 13:08:00,5.95,17802.0,United Kingdom
C505010,21732,RED HANGING METAL STAR TLIGHT HLDR,-2,2010-04-19 13:08:00,3.39,17802.0,United Kingdom
C505010,82494L,WOODEN FRAME ANTIQUE WHITE,-1,2010-04-19 13:08:00,2.95,17802.0,United Kingdom
C505010,22236,CAKE STAND 3 TIER MAGIC GARDEN,-1,2010-04-19 13:08:00,12.75,17802.0,United Kingdom
C505010,21931,JUMBO STORAGE BAG SUKI,-1,2010-04-19 13:08:00,1.95,17802.0,United Kingdom
C505010,82486,WOOD S/3 CABINET ANT WHITE FINISH,-3,2010-04-19 13:08:00,7.95,17802.0,United Kingdom
C505010,20727,LUNCH BAG  BLACK SKULL.,-1,2010-04-19 13:08:00,1.65,17802.0,United Kingdom
C505021,POST,POSTAGE,-1,2010-04-19 14:10:00,8.22,,United Kingdom
C505021,84472,PINK AND LILAC QUILTED THROW,-1,2010-04-19 14:10:00,34.0,,United Kingdom
C505022,22198,LARGE POPCORN HOLDER,-3,2010-04-19 14:11:00,1.65,12982.0,United Kingdom
C505022,22359,GLASS JAR KINGS CHOICE,-1,2010-04-19 14:11:00,2.95,12982.0,United Kingdom
C505022,21648,ASSORTED TUTTI FRUTTI SMALL PURSE,-3,2010-04-19 14:11:00,1.25,12982.0,United Kingdom
C505039,21065,BOOM BOX SPEAKER GIRLS,-1,2010-04-19 14:32:00,4.21,,United Kingdom
C505145,M,Manual,-1,2010-04-20 11:25:00,4217.59,16151.0,United Kingdom
505149,84932D,SMALL ORIENTAL RED FOLDING STOOL,-16,2010-04-20 11:38:00,0.0,,United Kingdom
C505151,M,Manual,-1,2010-04-20 11:45:00,94.8,15354.0,United Kingdom
C505156,22606,WOODEN SKITTLES GARDEN SET,-1,2010-04-20 11:56:00,15.95,17908.0,United Kingdom
C505155,21231,SWEETHEART CERAMIC TRINKET BOX,-2,2010-04-20 11:56:00,1.25,12471.0,Germany
C505155,21080,SET/20 RED SPOTTY PAPER NAPKINS,-5,2010-04-20 11:56:00,0.85,12471.0,Germany
C505155,20914,SET/5 RED SPOTTY LID GLASS BOWLS,-2,2010-04-20 11:56:00,2.95,12471.0,Germany
C505155,22353,LUNCH BOX WITH CUTLERY FAIRY CAKES,-4,2010-04-20 11:56:00,2.55,12471.0,Germany
C505155,22467,GUMBALL COAT RACK,-2,2010-04-20 11:56:00,2.55,12471.0,Germany
C505155,21210,SET OF 72 RETRO SPOT PAPER  DOILIES,-2,2010-04-20 11:56:00,1.45,12471.0,Germany
C505160,82494L,WOODEN FRAME ANTIQUE WHITE,-2,2010-04-20 12:11:00,2.95,17802.0,United Kingdom
C505164,22236,CAKE STAND 3 TIER MAGIC GARDEN,-1,2010-04-20 12:28:00,12.75,17841.0,United Kingdom
C505198,84792,ENCHANTED BIRD COATHANGER 5 HOOK,-1,2010-04-20 15:59:00,4.65,14081.0,United Kingdom
C505198,21155,RED SPOTTY PEG BAG,-1,2010-04-20 15:59:00,2.1,14081.0,United Kingdom
C505205,21166,COOK WITH WINE METAL SIGN,-12,2010-04-20 16:41:00,1.95,16057.0,United Kingdom
C505205,21876,POTTERING MUG,-12,2010-04-20 16:41:00,1.25,16057.0,United Kingdom
C505208,22170,PICTURE FRAME WOOD TRIPLE PORTRAIT,-4,2010-04-20 17:12:00,6.75,13089.0,United Kingdom
C505215,84247H,PACK/12 DECOUPAGE CARD,-11,2010-04-21 10:17:00,2.95,14081.0,United Kingdom
C505226,M,Manual,-1,2010-04-21 10:31:00,847.84,12482.0,Sweden
C505231,M,Manual,-1,2010-04-21 10:36:00,874.84,12482.0,Sweden
505285,85221,ASSORTED COLOUR SILK COIN PURSE,-1120,2010-04-21 11:48:00,0.0,,United Kingdom
C505312,75049L,LARGE CIRCULAR MIRROR MOBILE,-9,2010-04-21 11:59:00,0.85,15311.0,United Kingdom
C505334,47505,MINATURE COLOURED GARDENING SET,-1,2010-04-21 12:53:00,4.95,,United Kingdom
C505350,20684,STRAWBERRY DREAM CHILDS UMBRELLA,-4,2010-04-21 14:06:00,3.25,15580.0,United Kingdom
C505353,22423,REGENCY CAKESTAND 3 TIER,-1,2010-04-21 14:40:00,12.75,12402.0,Belgium
C505359,79320,FLAMINGO LIGHTS,-2,2010-04-21 15:30:00,4.95,17930.0,United Kingdom
C505382,22116,METAL SIGN HIS DINNER IS SERVED,-6,2010-04-22 09:14:00,2.95,15321.0,United Kingdom
C505382,82600,NO SINGING METAL SIGN,-1,2010-04-22 09:14:00,2.1,15321.0,United Kingdom
C505382,82581,TOILET METAL SIGN,-1,2010-04-22 09:14:00,0.55,15321.0,United Kingdom
C505383,84078A,SET/4 WHITE RETRO STORAGE CUBES,-8,2010-04-22 09:16:00,34.95,13734.0,United Kingdom
C505384,21474,SWEETHEART CREAM STEEL FOLDIN BENCH,-2,2010-04-22 09:18:00,19.95,17113.0,United Kingdom
C505384,48185,DOOR MAT FAIRY CAKE,-2,2010-04-22 09:18:00,7.49,17113.0,United Kingdom
C505384,47585A,PINK FAIRY CAKE CUSHION COVER,-12,2010-04-22 09:18:00,1.25,17113.0,United Kingdom
C505384,47556B,TEA TIME TEA TOWELS,-6,2010-04-22 09:18:00,2.95,17113.0,United Kingdom
C505384,22050,PINK PAISLEY ROSE GIFT WRAP,-25,2010-04-22 09:18:00,0.42,17113.0,United Kingdom
C505384,16156S,WRAP PINK FAIRY CAKES,-25,2010-04-22 09:18:00,0.42,17113.0,United Kingdom
C505384,22304,COFFEE MUG BLUE PAISLEY DESIGN,-6,2010-04-22 09:18:00,2.55,17113.0,United Kingdom
C505384,85123A,WHITE HANGING HEART T-LIGHT HOLDER,-6,2010-04-22 09:18:00,2.95,17113.0,United Kingdom
C505384,84279P,CHERRY BLOSSOM  DECORATIVE FLASK,-4,2010-04-22 09:18:00,3.75,17113.0,United Kingdom
C505384,84279B,CHERRY BLOSSOM DECORATIVE FLASK,-4,2010-04-22 09:18:00,3.75,17113.0,United Kingdom
C505386,22534,MAGIC DRAWING SLATE SPACEBOY,-48,2010-04-22 09:25:00,0.42,13407.0,United Kingdom
C505386,22167,"WALL MIRROR , DIAMANTE OVAL SHAPE",-6,2010-04-22 09:25:00,9.95,13407.0,United Kingdom
C505387,21314,SMALL GLASS HEART TRINKET POT,-1,2010-04-22 09:26:00,2.1,13883.0,United Kingdom
C505388,22244,"HOOK, 3 HANGER ,MAGIC GARDEN",-12,2010-04-22 09:30:00,1.95,17675.0,United Kingdom
C505390,75049L,LARGE CIRCULAR MIRROR MOBILE,-40,2010-04-22 09:32:00,0.85,18064.0,United Kingdom
C505391,21626,VINTAGE UNION JACK PENNANT,-12,2010-04-22 09:33:00,1.95,14068.0,United Kingdom
C505395,71279,PINK GLASS CANDLEHOLDER,-2,2010-04-22 09:46:00,2.95,13081.0,United Kingdom
C505395,20684,STRAWBERRY DREAM CHILDS UMBRELLA,-1,2010-04-22 09:46:00,3.25,13081.0,United Kingdom
C505395,85123A,WHITE HANGING HEART T-LIGHT HOLDER,-1,2010-04-22 09:46:00,2.55,13081.0,United Kingdom
C505395,21460,GREEN EASTER EGG HUNT START POST,-2,2010-04-22 09:46:00,1.95,13081.0,United Kingdom
C505395,21461,BLUE EASTER EGG HUNT START POST,-3,2010-04-22 09:46:00,1.95,13081.0,United Kingdom
C505395,21459,YELLOW EASTER EGG HUNT START POST,-5,2010-04-22 09:46:00,1.95,13081.0,United Kingdom
C505395,85042,ANTIQUE LILY FAIRY LIGHTS,-3,2010-04-22 09:46:00,4.25,13081.0,United Kingdom
C505395,22054,MINI CAKE STAND HANGING HEARTS,-1,2010-04-22 09:46:00,1.65,13081.0,United Kingdom
C505395,84803B,WHITE ALLIUM  ARTIFICIAL FLOWER,-6,2010-04-22 09:46:00,1.69,13081.0,United Kingdom
C505395,85206B,PINK FELT EASTER EGG BASKET,-1,2010-04-22 09:46:00,1.65,13081.0,United Kingdom
C505395,85206A,CREAM FELT EASTER EGG BASKET,-1,2010-04-22 09:46:00,1.65,13081.0,United Kingdom
C505400,22138,BAKING SET 9 PIECE RETROSPOT,-3,2010-04-22 10:12:00,4.95,18188.0,United Kingdom
C505401,21904,HOUSE WRECKING METAL SIGN,-1,2010-04-22 10:15:00,2.1,15078.0,United Kingdom
C505401,21175,GIN + TONIC DIET METAL SIGN,-1,2010-04-22 10:15:00,2.1,15078.0,United Kingdom
C505402,21658,GLASS  BEURRE DISH,-1,2010-04-22 10:19:00,3.95,16705.0,United Kingdom
C505403,22359,GLASS JAR KINGS CHOICE,-1,2010-04-22 10:21:00,2.95,12982.0,United Kingdom
C505403,21648,ASSORTED TUTTI FRUTTI SMALL PURSE,-3,2010-04-22 10:21:00,1.25,12982.0,United Kingdom
C505403,22198,LARGE POPCORN HOLDER,-3,2010-04-22 10:21:00,1.65,12982.0,United Kingdom
C505406,22440,BALLOON WATER BOMB PACK OF 35,-4,2010-04-22 10:22:00,0.42,17769.0,United Kingdom
C505406,22439,6 ROCKET BALLOONS,-2,2010-04-22 10:22:00,0.65,17769.0,United Kingdom
C505407,22423,REGENCY CAKESTAND 3 TIER,-1,2010-04-22 10:23:00,12.75,16053.0,United Kingdom
C505408,85150,LADIES & GENTLEMEN METAL SIGN,-2,2010-04-22 10:24:00,2.55,15326.0,United Kingdom
C505408,22168,ORGANISER WOOD ANTIQUE WHITE,-1,2010-04-22 10:24:00,8.5,15326.0,United Kingdom
C505410,22236,CAKE STAND 3 TIER MAGIC GARDEN,-1,2010-04-22 10:25:00,12.75,15067.0,United Kingdom
C505414,75049L,LARGE CIRCULAR MIRROR MOBILE,-3,2010-04-22 10:27:00,1.25,14905.0,United Kingdom
C505414,79029,GLASS HONEYPOT WASP CATCHER,-6,2010-04-22 10:27:00,1.95,14905.0,United Kingdom
C505416,21462,"NURSERY A,B,C PAINTED LETTERS",-1,2010-04-22 10:28:00,6.75,17146.0,United Kingdom
C505416,21713,CITRONELLA CANDLE FLOWERPOT,-3,2010-04-22 10:28:00,2.1,17146.0,United Kingdom
C505416,84946,ANTIQUE SILVER TEA GLASS ETCHED,-1,2010-04-22 10:28:00,1.25,17146.0,United Kingdom
C505424,85042,ANTIQUE LILY FAIRY LIGHTS,-1,2010-04-22 10:31:00,4.95,17677.0,United Kingdom
C505427,37448,CERAMIC CAKE DESIGN SPOTTED MUG,-1,2010-04-22 10:33:00,1.49,17460.0,United Kingdom
C505427,22193,RED DINER WALL CLOCK,-2,2010-04-22 10:33:00,8.5,17460.0,United Kingdom
C505442,22138,BAKING SET 9 PIECE RETROSPOT,-2,2010-04-22 10:47:00,4.95,17457.0,United Kingdom
C505442,21869,POTTING SHED COFFEE MUG,-5,2010-04-22 10:47:00,1.25,17457.0,United Kingdom
C505442,21868,POTTING SHED TEA MUG,-7,2010-04-22 10:47:00,1.25,17457.0,United Kingdom
C505444,22157,ANGEL DECORATION WITH LACE PADDED,-48,2010-04-22 10:57:00,0.85,13089.0,United Kingdom
C505444,22153,ANGEL DECORATION STARS ON DRESS,-48,2010-04-22 10:57:00,0.42,13089.0,United Kingdom
C505444,22338,STAR DECORATION PAINTED ZINC,-36,2010-04-22 10:57:00,0.65,13089.0,United Kingdom
C505444,22339,CHRISTMAS TREE PAINTED ZINC,-36,2010-04-22 10:57:00,0.65,13089.0,United Kingdom
C505446,20726,LUNCH BAG WOODLAND,-1,2010-04-22 11:05:00,1.65,14680.0,United Kingdom
C505446,21733,RED HANGING HEART T-LIGHT HOLDER,-1,2010-04-22 11:05:00,2.55,14680.0,United Kingdom
C505446,20727,LUNCH BAG  BLACK SKULL.,-1,2010-04-22 11:05:00,1.65,14680.0,United Kingdom
C505446,20725,LUNCH BAG RED SPOTTY,-1,2010-04-22 11:05:00,1.45,14680.0,United Kingdom
C505449,22483,RED GINGHAM TEDDY BEAR,-6,2010-04-22 11:18:00,2.95,17563.0,United Kingdom
C505449,22138,BAKING SET 9 PIECE RETROSPOT,-3,2010-04-22 11:18:00,4.95,17563.0,United Kingdom
C505451,21703,BAG 125g SWIRLY MARBLES,-12,2010-04-22 11:23:00,0.42,17622.0,United Kingdom
C505454,21735,TWO DOOR CURIO CABINET,-2,2010-04-22 11:34:00,12.75,14493.0,United Kingdom
C505455,22138,BAKING SET 9 PIECE RETROSPOT,-1,2010-04-22 11:34:00,4.95,17965.0,United Kingdom
C505455,21734,SMALL MARAKESH LANTERN ON STICK,-1,2010-04-22 11:34:00,3.75,17965.0,United Kingdom
C505458,POST,POSTAGE,-1,2010-04-22 11:36:00,2.75,14893.0,United Kingdom
C505459,20676,RED SPOTTY BOWL,-8,2010-04-22 11:39:00,1.25,17676.0,United Kingdom
C505459,21238,RED SPOTTY CUP,-8,2010-04-22 11:39:00,0.85,17676.0,United Kingdom
C505459,21156,RETROSPOT CHILDRENS APRON,-1,2010-04-22 11:39:00,1.95,17676.0,United Kingdom
C505460,20914,SET/5 RED SPOTTY LID GLASS BOWLS,-1,2010-04-22 11:40:00,2.95,15176.0,United Kingdom
C505483,22315,200 RED + WHITE BENDY STRAWS,-3,2010-04-22 12:42:00,1.25,12468.0,Germany
C505483,22467,GUMBALL COAT RACK,-1,2010-04-22 12:42:00,2.55,12468.0,Germany
C505483,20914,SET/5 RED SPOTTY LID GLASS BOWLS,-1,2010-04-22 12:42:00,2.95,12468.0,Germany
C505483,22563,HAPPY STENCIL CRAFT,-2,2010-04-22 12:42:00,1.25,12468.0,Germany
C505483,21127,COLOURFUL FISHING GNOME,-1,2010-04-22 12:42:00,5.95,12468.0,Germany
C505483,22331,WOODLAND PARTY BAG + STICKER SET,-1,2010-04-22 12:42:00,1.65,12468.0,Germany
C505484,21059,PARTY INVITES DINOSAURS,-8,2010-04-22 12:47:00,0.85,16040.0,United Kingdom
C505484,22331,WOODLAND PARTY BAG + STICKER SET,-8,2010-04-22 12:47:00,1.65,16040.0,United Kingdom
C505484,22334,DINOSAUR PARTY BAG + STICKER SET,-8,2010-04-22 12:47:00,1.65,16040.0,United Kingdom
C505485,21871,SAVE THE PLANET MUG,-3,2010-04-22 12:48:00,1.25,15615.0,United Kingdom
C505485,21667,GLASS CAKE COVER AND PLATE,-1,2010-04-22 12:48:00,16.95,15615.0,United Kingdom
C505486,22423,REGENCY CAKESTAND 3 TIER,-4,2010-04-22 12:48:00,12.75,13552.0,United Kingdom
C505487,21792,CLASSIC FRENCH STYLE BASKET GREEN,-1,2010-04-22 12:50:00,6.75,12921.0,United Kingdom
C505488,20725,LUNCH BAG RED SPOTTY,-1,2010-04-22 12:53:00,1.65,14040.0,United Kingdom
C505489,37495,FAIRY CAKE BIRTHDAY CANDLE SET,-2,2010-04-22 12:54:00,2.95,14011.0,United Kingdom
C505490,M,Manual,-1,2010-04-22 12:55:00,5876.34,15849.0,United Kingdom
C505492,21870,I CAN ONLY PLEASE ONE PERSON MUG,-1,2010-04-22 13:00:00,1.25,17314.0,United Kingdom
C505493,22456,NATURAL SLATE CHALKBOARD LARGE,-3,2010-04-22 13:01:00,4.95,18056.0,United Kingdom
C505524,85216,ASSORTED CAKES FRIDGE MAGNETS,-12,2010-04-22 16:50:00,0.65,13183.0,United Kingdom
C505527,22609,PENS ASSORTED SPACEBALL,-36,2010-04-22 17:25:00,0.85,12472.0,Germany
C505527,22519,CHILDS GARDEN BRUSH PINK,-1,2010-04-22 17:25:00,2.1,12472.0,Germany
C505527,22585,PACK OF 6 BIRDY GIFT TAGS,-4,2010-04-22 17:25:00,1.25,12472.0,Germany
C505527,22516,CHILDS GARDEN RAKE BLUE,-3,2010-04-22 17:25:00,2.1,12472.0,Germany
C505527,22551,PLASTERS IN TIN SPACEBOY,-1,2010-04-22 17:25:00,1.65,12472.0,Germany
C505528,21791,VINTAGE HEADS AND TAILS CARD GAME,-5,2010-04-22 17:27:00,1.25,12998.0,United Kingdom
C505528,79191C,RETRO PLASTIC ELEPHANT TRAY,-12,2010-04-22 17:27:00,0.85,12998.0,United Kingdom
C505528,21232,STRAWBERRY CERAMIC TRINKET BOX,-5,2010-04-22 17:27:00,1.25,12998.0,United Kingdom
C505529,85226A,WHITE/BLUE PULL BACK RACING CAR,-12,2010-04-22 17:37:00,0.55,17679.0,United Kingdom
C505529,21383,PACK OF 12 STICKY BUNNIES,-12,2010-04-22 17:37:00,0.65,17679.0,United Kingdom
C505529,22229,BUNNY WOODEN PAINTED WITH FLOWER,-12,2010-04-22 17:37:00,0.85,17679.0,United Kingdom
C505529,20975,12 PENCILS SMALL TUBE RED SPOTTY,-24,2010-04-22 17:37:00,0.65,17679.0,United Kingdom
C505529,20983,12 PENCILS TALL TUBE RED SPOTTY,-12,2010-04-22 17:37:00,0.85,17679.0,United Kingdom
C505529,20979,36 PENCILS TUBE RED SPOTTY,-16,2010-04-22 17:37:00,1.25,17679.0,United Kingdom
C505529,84270,ASSTD DESIGN BUBBLE GUM RING,-30,2010-04-22 17:37:00,0.21,17679.0,United Kingdom
C505529,20985,HEART CALCULATOR,-12,2010-04-22 17:37:00,1.25,17679.0,United Kingdom
C505529,22091,EMPIRE TISSUE BOX,-24,2010-04-22 17:37:00,1.25,17679.0,United Kingdom
C505529,84990,60 GOLD AND SILVER FAIRY CAKE CASES,-24,2010-04-22 17:37:00,0.55,17679.0,United Kingdom
C505529,22507,MEMO BOARD RETROSPOT  DESIGN,-4,2010-04-22 17:37:00,4.95,17679.0,United Kingdom
C505529,22187,GREEN CHRISTMAS TREE CARD HOLDER,-4,2010-04-22 17:37:00,4.25,17679.0,United Kingdom
C505529,21590,KINGS CHOICE CIGAR BOX MATCHES,-24,2010-04-22 17:37:00,1.25,17679.0,United Kingdom
C505529,21592,RETRO SPOT  CIGAR BOX MATCHES,-24,2010-04-22 17:37:00,1.25,17679.0,United Kingdom
C505529,21593,SWALLOW CIGAR BOX MATCHES,-24,2010-04-22 17:37:00,1.25,17679.0,United Kingdom
C505529,21588,RETRO SPOT GIANT  TUBE MATCHES,-12,2010-04-22 17:37:00,2.55,17679.0,United Kingdom
C505529,21586,KINGS CHOICE GIANT TUBE MATCHES,-12,2010-04-22 17:37:00,2.55,17679.0,United Kingdom
C505529,10135,COLOURING PENCILS BROWN TUBE,-10,2010-04-22 17:37:00,1.25,17679.0,United Kingdom
C505529,10133,COLOURING PENCILS BROWN TUBE,-10,2010-04-22 17:37:00,0.85,17679.0,United Kingdom
C505529,10134,COLOURING PENCILS BROWN TUBE,-10,2010-04-22 17:37:00,1.25,17679.0,United Kingdom
C505529,21584,RETRO SPOT SMALL TUBE MATCHES,-20,2010-04-22 17:37:00,1.65,17679.0,United Kingdom
C505531,71477,COLOUR GLASS. STAR T-LIGHT HOLDER,-1,2010-04-22 17:40:00,3.25,16176.0,United Kingdom
C505531,22341,LOVE GARLAND PAINTED ZINC,-4,2010-04-22 17:40:00,1.65,16176.0,United Kingdom
C505531,21870,I CAN ONLY PLEASE ONE PERSON MUG,-1,2010-04-22 17:40:00,1.25,16176.0,United Kingdom
C505531,71459,HANGING JAM JAR T-LIGHT HOLDER,-3,2010-04-22 17:40:00,0.85,16176.0,United Kingdom
C505531,22464,HANGING METAL HEART LANTERN,-1,2010-04-22 17:40:00,1.65,16176.0,United Kingdom
C505541,22364,GLASS JAR DIGESTIVE BISCUITS,-4,2010-04-22 18:12:00,2.95,15231.0,United Kingdom
C505541,22363,GLASS JAR MARMALADE,-3,2010-04-22 18:12:00,2.95,15231.0,United Kingdom
C505541,22408,MONEY BOX CONFECTIONERY DESIGN,-1,2010-04-22 18:12:00,1.25,15231.0,United Kingdom
C505543,47504K,ENGLISH ROSE GARDEN SECATEURS,-1,2010-04-22 18:19:00,1.95,13999.0,United Kingdom
C505544,47599B,BLUE PARTY BAGS,-4,2010-04-22 18:30:00,1.69,12643.0,France
C505544,47599A,PINK PARTY BAGS,-4,2010-04-22 18:30:00,1.69,12643.0,France
C505545,21181,PLEASE ONE PERSON METAL SIGN,-2,2010-04-22 18:32:00,2.1,14944.0,United Kingdom
C505545,22349,"DOG BOWL , CHASING BALL DESIGN",-1,2010-04-22 18:32:00,3.75,14944.0,United Kingdom
C505546,22169,FAMILY ALBUM WHITE PICTURE FRAME,-8,2010-04-22 18:38:00,7.65,16525.0,United Kingdom
C505562,22618,COOKING SET RETROSPOT,-1,2010-04-23 10:30:00,9.95,13813.0,Germany
C505562,22507,MEMO BOARD RETROSPOT  DESIGN,-1,2010-04-23 10:30:00,4.95,13813.0,Germany
C505562,21217,RED SPOTTY ROUND CAKE TINS,-1,2010-04-23 10:30:00,9.95,13813.0,Germany
C505562,22169,FAMILY ALBUM WHITE PICTURE FRAME,-2,2010-04-23 10:30:00,8.5,13813.0,Germany
C505604,M,Manual,-1,2010-04-23 12:37:00,8.5,16947.0,United Kingdom
505638,21929,JUMBO BAG PINK VINTAGE PAISLEY,-420,2010-04-23 13:41:00,0.0,,United Kingdom
C505642,20725,LUNCH BAG RED SPOTTY,-1,2010-04-23 14:12:00,1.65,16722.0,United Kingdom
C505674,85099B,JUMBO BAG RED RETROSPOT,-1,2010-04-23 14:55:00,1.95,12709.0,Germany
C505674,21238,RED SPOTTY CUP,-8,2010-04-23 14:55:00,0.85,12709.0,Germany
C505674,21658,GLASS  BEURRE DISH,-1,2010-04-23 14:55:00,3.39,12709.0,Germany
C505674,20685,DOOR MAT RED SPOT,-1,2010-04-23 14:55:00,6.35,12709.0,Germany
C505674,20914,SET/5 RED SPOTTY LID GLASS BOWLS,-1,2010-04-23 14:55:00,2.55,12709.0,Germany
C505674,20979,36 PENCILS TUBE RED SPOTTY,-1,2010-04-23 14:55:00,1.25,12709.0,Germany
C505678,M,Manual,-1,2010-04-23 15:45:00,1075.63,,United Kingdom
C505679,BANK CHARGES,Bank Charges,-1,2010-04-23 15:47:00,605.53,,United Kingdom
C505680,M,Manual,-1,2010-04-23 15:49:00,223.64,,United Kingdom
C505722,90088,CRYSTAL KEY+LOCK PHONE CHARM,-1,2010-04-25 13:44:00,0.85,17550.0,United Kingdom
C505722,90090,PINK CRYSTAL HEART PHONE CHARM,-1,2010-04-25 13:44:00,0.85,17550.0,United Kingdom
C505722,90185D,CRYSTAL DIAMANTE EXPANDABLE RING,-2,2010-04-25 13:44:00,4.25,17550.0,United Kingdom
C505722,90185C,BLACK DIAMANTE EXPANDABLE RING,-2,2010-04-25 13:44:00,4.25,17550.0,United Kingdom
C505722,90010E,AMBER GLASS/SILVER BRACELET,-4,2010-04-25 13:44:00,8.95,17550.0,United Kingdom
C505722,90195B,BLACK GEMSTONE BRACELET,-4,2010-04-25 13:44:00,8.95,17550.0,United Kingdom
C505722,90195A,PURPLE GEMSTONE BRACELET,-2,2010-04-25 13:44:00,8.95,17550.0,United Kingdom
C505722,90175B,PINK GLASS CHUNKY CHARM BRACELET,-2,2010-04-25 13:44:00,8.95,17550.0,United Kingdom
C505722,90010A,MIDNIGHT BLUE GLASS/SILVER BRACELET,-6,2010-04-25 13:44:00,8.95,17550.0,United Kingdom
C505722,90175A,WHITE GLASS CHUNKY CHARM BRACELET,-6,2010-04-25 13:44:00,8.95,17550.0,United Kingdom
C505722,90143,SILVER BRACELET W PASTEL FLOWER,-6,2010-04-25 13:44:00,7.5,17550.0,United Kingdom
C505722,90070,RUBY GLASS CLUSTER BRACELET,-6,2010-04-25 13:44:00,5.95,17550.0,United Kingdom
C505722,90002D,FLOWER BURST SILVER RING CRYSTAL,-2,2010-04-25 13:44:00,3.75,17550.0,United Kingdom
C505722,90002C,FLOWER BURST SILVER RING MIDN'T BLU,-2,2010-04-25 13:44:00,3.75,17550.0,United Kingdom
C505722,90085,CRYSTAL STILETTO PHONE CHARM,-9,2010-04-25 13:44:00,0.85,17550.0,United Kingdom
C505722,90087,CRYSTAL SEA HORSE PHONE CHARM,-2,2010-04-25 13:44:00,0.85,17550.0,United Kingdom
C505722,90093,CLEAR CRYSTAL STAR PHONE CHARM,-3,2010-04-25 13:44:00,0.85,17550.0,United Kingdom
C505726,21550,CERAMIC BIRDHOUSE CRESTED TIT LARGE,-1,2010-04-25 13:57:00,5.95,14606.0,United Kingdom
C505727,21775,DECORATIVE FLORE BATHROOM BOTTLE,-1,2010-04-25 14:06:00,1.25,16984.0,United Kingdom
C505728,90176C,DIAMANTE NECKLACE,-1,2010-04-25 14:09:00,7.5,16984.0,United Kingdom
505752,35824P,"HANGING FLOWERS+MIRROR,PINK",-26,2010-04-26 09:41:00,0.0,,United Kingdom
505753,72750A,FLOWER FAIRY SET OF 3 LILY CANDLES,-54,2010-04-26 09:43:00,0.0,,United Kingdom
505754,84869,CANDY BUTTON PHOTO ALBUM,-13,2010-04-26 09:43:00,0.0,,United Kingdom
C505800,M,Manual,-1,2010-04-26 11:15:00,371.85,14911.0,EIRE
C505850,22138,BAKING SET 9 PIECE RETROSPOT,-1,2010-04-26 12:32:00,4.95,17563.0,United Kingdom
C505850,85123A,WHITE HANGING HEART T-LIGHT HOLDER,-6,2010-04-26 12:32:00,2.95,17563.0,United Kingdom
C505850,84375,SET OF 20 KIDS COOKIE CUTTERS,-12,2010-04-26 12:32:00,1.95,17563.0,United Kingdom
C505857,21621,VINTAGE UNION JACK BUNTING,-1,2010-04-26 13:10:00,8.5,13446.0,United Kingdom
C505857,82482,WOODEN PICTURE FRAME WHITE FINISH,-1,2010-04-26 13:10:00,2.55,13446.0,United Kingdom
C505861,22299,PIG KEYRING WITH LIGHT & SOUND,-1,2010-04-26 13:22:00,1.25,13115.0,United Kingdom
C505861,20703,BLUE PADDED SOFT MOBILE,-1,2010-04-26 13:22:00,4.25,13115.0,United Kingdom
C506001,20727,LUNCH BAG  BLACK SKULL.,-1,2010-04-27 11:00:00,1.65,13281.0,United Kingdom
C506001,20979,36 PENCILS TUBE RED SPOTTY,-16,2010-04-27 11:00:00,1.25,13281.0,United Kingdom
C506001,21314,SMALL GLASS HEART TRINKET POT,-8,2010-04-27 11:00:00,2.1,13281.0,United Kingdom
C506002,22617,BAKING SET SPACEBOY DESIGN,-1,2010-04-27 11:10:00,4.95,16550.0,United Kingdom
C506002,21843,RED RETROSPOT CAKE STAND,-2,2010-04-27 11:10:00,10.95,16550.0,United Kingdom
C506002,84422,PINK/BLUE DISC/MIRROR STRING,-1,2010-04-27 11:10:00,0.85,16550.0,United Kingdom
C506098,22147,FELTCRAFT BUTTERFLY HEARTS,-3,2010-04-27 12:34:00,1.45,16117.0,United Kingdom
506101,21858,HIGH SCHOOL MUSICAL 3 TOP TRUMPS,-1,2010-04-27 13:12:00,0.0,,United Kingdom
C506124,21792,CLASSIC FRENCH STYLE BASKET GREEN,-1,2010-04-27 14:14:00,6.75,13048.0,United Kingdom
C506124,22137,BATHROOM SET LOVE HEART DESIGN,-1,2010-04-27 14:14:00,2.95,13048.0,United Kingdom
C506126,22423,REGENCY CAKESTAND 3 TIER,-1,2010-04-27 14:18:00,12.75,18009.0,United Kingdom
C506126,90200E,GREEN SWEETHEART BRACELET,-1,2010-04-27 14:18:00,4.25,18009.0,United Kingdom
C506128,22064,PINK DOUGHNUT TRINKET POT,-1,2010-04-27 14:39:00,1.65,15005.0,United Kingdom
C506128,37448,CERAMIC CAKE DESIGN SPOTTED MUG,-1,2010-04-27 14:39:00,1.49,15005.0,United Kingdom
C506128,21232,STRAWBERRY CERAMIC TRINKET BOX,-1,2010-04-27 14:39:00,1.25,15005.0,United Kingdom
C506129,75049L,LARGE CIRCULAR MIRROR MOBILE,-13,2010-04-27 14:43:00,0.85,15311.0,United Kingdom
C506132,21539,RED RETROSPOT BUTTER DISH,-1,2010-04-27 15:01:00,4.95,16736.0,United Kingdom
C506132,21843,RED RETROSPOT CAKE STAND,-1,2010-04-27 15:01:00,10.95,16736.0,United Kingdom
C506133,BANK CHARGES,Bank Charges,-1,2010-04-27 15:06:00,34.47,,United Kingdom
C506143,79323W,WHITE CHERRY LIGHTS,-13,2010-04-27 16:21:00,5.45,15856.0,United Kingdom
C506143,79323P,PINK CHERRY LIGHTS,-17,2010-04-27 16:21:00,5.45,15856.0,United Kingdom
C506150,21681,GIANT MEDINA STAMPED METAL BOWL,-2,2010-04-27 17:03:00,9.95,13080.0,United Kingdom
C506151,D,Discount,-1,2010-04-27 17:06:00,19.35,13694.0,United Kingdom
C506152,21982,PACK OF 12 SUKI TISSUES,-36,2010-04-27 17:07:00,0.29,15586.0,United Kingdom
C506153,21232,STRAWBERRY CERAMIC TRINKET BOX,-12,2010-04-27 17:11:00,1.06,17865.0,United Kingdom
C506153,22061,LARGE CAKE STAND  HANGING STRAWBERY,-1,2010-04-27 17:11:00,9.95,17865.0,United Kingdom
C506153,37492B,BLUE YELLOW FLOWER PIGGY BANK,-1,2010-04-27 17:11:00,4.65,17865.0,United Kingdom
C506153,22072,RED RETROSPOT TEA CUP AND SAUCER,-1,2010-04-27 17:11:00,3.75,17865.0,United Kingdom
C506153,21843,RED RETROSPOT CAKE STAND,-1,2010-04-27 17:11:00,10.95,17865.0,United Kingdom
C506155,85063,CREAM SWEETHEART MAGAZINE RACK,-1,2010-04-27 17:13:00,16.95,15622.0,United Kingdom
C506156,21363,HOME SMALL WOOD LETTERS,-1,2010-04-27 17:14:00,4.95,15622.0,United Kingdom
C506157,20726,LUNCH BAG WOODLAND,-1,2010-04-27 17:20:00,1.65,17677.0,United Kingdom
C506158,84978,HANGING HEART JAR T-LIGHT HOLDER,-6,2010-04-27 17:22:00,1.25,13659.0,United Kingdom
C506158,84949,SILVER HANGING T-LIGHT HOLDER,-1,2010-04-27 17:22:00,1.65,13659.0,United Kingdom
C506158,22138,BAKING SET 9 PIECE RETROSPOT,-3,2010-04-27 17:22:00,4.95,13659.0,United Kingdom
C506159,47504K,ENGLISH ROSE GARDEN SECATEURS,-2,2010-04-27 17:26:00,1.95,13999.0,United Kingdom
C506160,22236,CAKE STAND 3 TIER MAGIC GARDEN,-1,2010-04-27 17:27:00,12.75,14156.0,EIRE
C506161,22236,CAKE STAND 3 TIER MAGIC GARDEN,-1,2010-04-27 17:29:00,12.75,17147.0,United Kingdom
C506166,22423,REGENCY CAKESTAND 3 TIER,-1,2010-04-28 09:47:00,12.75,17147.0,United Kingdom
C506203,85123A,WHITE HANGING HEART T-LIGHT HOLDER,-1,2010-04-28 11:27:00,2.55,18135.0,United Kingdom
C506240,75049L,LARGE CIRCULAR MIRROR MOBILE,-26,2010-04-28 12:43:00,0.85,15311.0,United Kingdom
C506257,79323P,PINK CHERRY LIGHTS,-1,2010-04-28 14:20:00,6.75,17965.0,United Kingdom
C506257,79323GR,GREEN CHERRY LIGHTS,-2,2010-04-28 14:20:00,6.75,17965.0,United Kingdom
C506257,79323LP,LIGHT PINK CHERRY LIGHTS,-2,2010-04-28 14:20:00,6.75,17965.0,United Kingdom
506280,47505,MINATURE COLOURED GARDENING SET,-420,2010-04-28 16:01:00,0.0,,United Kingdom
C506284,20675,BLUE SPOTTY BOWL,-8,2010-04-28 16:45:00,1.25,13520.0,Switzerland
C506284,20676,RED SPOTTY BOWL,-8,2010-04-28 16:45:00,1.25,13520.0,Switzerland
C506284,22467,GUMBALL COAT RACK,-5,2010-04-28 16:45:00,2.55,13520.0,Switzerland
C506302,82494L,WOODEN FRAME ANTIQUE WHITE,-2,2010-04-29 10:42:00,2.95,17841.0,United Kingdom
C506304,22323,PINK POLKADOT KIDS BAG,-1,2010-04-29 10:43:00,1.95,15173.0,United Kingdom
C506304,22618,COOKING SET RETROSPOT,-11,2010-04-29 10:43:00,8.49,15173.0,United Kingdom
C506306,22139,RETRO SPOT TEA SET CERAMIC 11 PC,-1,2010-04-29 10:50:00,4.95,12613.0,Germany
C506306,21216,"SET 3 RED SPOT TIN TEA,COFFEE,SUGAR",-1,2010-04-29 10:50:00,4.95,12613.0,Germany
C506306,85232A,SET/3 POLKA DOT STACKING TINS,-2,2010-04-29 10:50:00,4.95,12613.0,Germany
C506310,84818,DANISH ROSE PHOTO FRAME,-6,2010-04-29 10:59:00,2.55,12758.0,Portugal
C506310,21135,VICTORIAN  METAL POSTCARD SPRING,-16,2010-04-29 10:59:00,1.69,12758.0,Portugal
C506310,21929,JUMBO BAG PINK VINTAGE PAISLEY,-30,2010-04-29 10:59:00,1.95,12758.0,Portugal
C506310,21931,JUMBO STORAGE BAG SUKI,-12,2010-04-29 10:59:00,1.95,12758.0,Portugal
C506349,21843,RED RETROSPOT CAKE STAND,-1,2010-04-29 11:59:00,10.95,14680.0,United Kingdom
C506349,84519B,CARROT CHARLIE+LOLA COASTER SET,-1,2010-04-29 11:59:00,2.95,14680.0,United Kingdom
C506349,85123A,WHITE HANGING HEART T-LIGHT HOLDER,-5,2010-04-29 11:59:00,2.55,14680.0,United Kingdom
C506349,21733,RED HANGING HEART T-LIGHT HOLDER,-1,2010-04-29 11:59:00,2.55,14680.0,United Kingdom
C506349,85099B,JUMBO BAG RED RETROSPOT,-1,2010-04-29 11:59:00,1.65,14680.0,United Kingdom
C506349,22386,JUMBO BAG PINK WITH WHITE SPOTS,-2,2010-04-29 11:59:00,1.95,14680.0,United Kingdom
C506349,22384,LUNCH BAG PINK RETROSPOT,-1,2010-04-29 11:59:00,1.65,14680.0,United Kingdom
C506370,21623,VINTAGE UNION JACK MEMOBOARD,-1,2010-04-29 12:06:00,9.95,14527.0,United Kingdom
C506370,21843,RED RETROSPOT CAKE STAND,-1,2010-04-29 12:06:00,10.95,14527.0,United Kingdom
C506382,D,Discount,-1,2010-04-29 12:21:00,18.31,13694.0,United Kingdom
C506385,90200E,GREEN SWEETHEART BRACELET,-9,2010-04-29 12:41:00,4.25,18009.0,United Kingdom
C506390,22617,BAKING SET SPACEBOY DESIGN,-1,2010-04-29 12:57:00,4.95,16099.0,United Kingdom
C506392,M,Manual,-1,2010-04-29 13:03:00,4.95,16383.0,United Kingdom
C506396,BANK CHARGES,Bank Charges,-1,2010-04-29 13:28:00,300.19,,United Kingdom
C506398,M,Manual,-1,2010-04-29 13:31:00,14.29,,United Kingdom
C506402,M,Manual,-1,2010-04-29 13:36:00,13.57,,United Kingdom
C506405,BANK CHARGES,Bank Charges,-1,2010-04-29 13:41:00,25.0,,United Kingdom
C506405,BANK CHARGES,Bank Charges,-1,2010-04-29 13:41:00,332.75,,United Kingdom
C506406,47502,POLKADOT CUTLERY 24 PCS IN TRAY,-1,2010-04-29 13:44:00,12.75,,United Kingdom
C506409,BANK CHARGES,Bank Charges,-1,2010-04-29 13:50:00,354.43,,United Kingdom
C506414,82486,WOOD S/3 CABINET ANT WHITE FINISH,-2,2010-04-29 14:16:00,7.95,14401.0,United Kingdom
C506431,22094,RED POLKA DOT TISSUE BOX,-3,2010-04-29 15:31:00,1.25,12672.0,France
C506431,22507,MEMO BOARD RETROSPOT  DESIGN,-1,2010-04-29 15:31:00,4.95,12672.0,France
C506431,21042,RED SPOTTY APRON,-3,2010-04-29 15:31:00,5.95,12672.0,France
C506441,47503H,ASS FLORAL PRINT SPIRIT LEVEL,-1,2010-04-29 16:28:00,1.95,16351.0,United Kingdom
C506473,84997C,BLUE 3 PIECE MINI DOTS CUTLERY SET,-1,2010-04-30 09:50:00,3.75,17063.0,United Kingdom
C506473,84279B,CHERRY BLOSSOM DECORATIVE FLASK,-1,2010-04-30 09:50:00,3.75,17063.0,United Kingdom
C506473,22528,GARDENERS KNEELING PAD,-1,2010-04-30 09:50:00,1.25,17063.0,United Kingdom
C506474,82484,WOOD BLACK BOARD ANT WHITE FINISH,-2,2010-04-30 09:53:00,6.45,12747.0,United Kingdom
C506474,21623,VINTAGE UNION JACK MEMOBOARD,-1,2010-04-30 09:53:00,9.95,12747.0,United Kingdom
C506476,21320,GLASS CHALICE GREEN  LARGE,-2,2010-04-30 10:15:00,2.55,14237.0,United Kingdom
C506477,37503,TEA TIME CAKE STAND IN GIFT BOX,-1,2010-04-30 10:25:00,10.75,16652.0,United Kingdom
C506477,22138,BAKING SET 9 PIECE RETROSPOT,-6,2010-04-30 10:25:00,4.95,16652.0,United Kingdom
C506477,21535,RED RETROSPOT SMALL MILK JUG,-1,2010-04-30 10:25:00,2.55,16652.0,United Kingdom
C506479,22178,VICTORIAN GLASS HANGING T-LIGHT,-1,2010-04-30 10:27:00,1.25,15601.0,United Kingdom
C506479,85123A,WHITE HANGING HEART T-LIGHT HOLDER,-1,2010-04-30 10:27:00,2.95,15601.0,United Kingdom
C506480,21773,DECORATIVE ROSE BATHROOM BOTTLE,-12,2010-04-30 10:29:00,1.25,15093.0,United Kingdom
C506481,22138,BAKING SET 9 PIECE RETROSPOT,-3,2010-04-30 10:30:00,4.95,14773.0,United Kingdom
C506482,79321,CHILLI LIGHTS,-1,2010-04-30 10:33:00,4.95,15382.0,United Kingdom
C506483,37500,TEA TIME TEAPOT IN GIFT BOX,-1,2010-04-30 10:34:00,9.95,14709.0,United Kingdom
C506484,21843,RED RETROSPOT CAKE STAND,-1,2010-04-30 10:35:00,10.95,14852.0,United Kingdom
C506485,D,Discount,-1,2010-04-30 10:37:00,216.45,15498.0,United Kingdom
C506486,22061,LARGE CAKE STAND  HANGING STRAWBERY,-1,2010-04-30 10:38:00,9.95,14156.0,EIRE
C506486,21279,VINTAGE KITCHEN PRINT FRUITS,-1,2010-04-30 10:38:00,2.55,14156.0,EIRE
C506486,21159,MOODY BOY  DOOR HANGER,-4,2010-04-30 10:38:00,1.45,14156.0,EIRE
C506486,82581,TOILET METAL SIGN,-25,2010-04-30 10:38:00,0.55,14156.0,EIRE
C506486,21248,DOOR HANGER  MUM + DADS ROOM,-3,2010-04-30 10:38:00,1.45,14156.0,EIRE
C506488,22148,EASTER CRAFT 4 CHICKS,-12,2010-04-30 10:44:00,1.95,15981.0,United Kingdom
C506489,22467,GUMBALL COAT RACK,-3,2010-04-30 10:49:00,2.55,17696.0,United Kingdom
C506490,82483,WOOD 2 DRAWER CABINET WHITE FINISH,-6,2010-04-30 10:50:00,4.95,15221.0,United Kingdom
C506490,82486,WOOD S/3 CABINET ANT WHITE FINISH,-1,2010-04-30 10:50:00,7.95,15221.0,United Kingdom
C506492,22168,ORGANISER WOOD ANTIQUE WHITE,-1,2010-04-30 10:52:00,8.5,15268.0,United Kingdom
C506492,85062,PEARL CRYSTAL PUMPKIN T-LIGHT HLDR,-2,2010-04-30 10:52:00,1.65,15268.0,United Kingdom
C506492,22363,GLASS JAR MARMALADE,-1,2010-04-30 10:52:00,2.95,15268.0,United Kingdom
C506492,22361,GLASS JAR DAISY FRESH COTTON WOOL,-1,2010-04-30 10:52:00,2.95,15268.0,United Kingdom
C506492,22364,GLASS JAR DIGESTIVE BISCUITS,-1,2010-04-30 10:52:00,2.95,15268.0,United Kingdom
C506493,21217,RED SPOTTY ROUND CAKE TINS,-1,2010-04-30 10:52:00,9.95,17005.0,United Kingdom
C506495,79164,BLACK WINE GLASS,-15,2010-04-30 10:55:00,1.45,14926.0,United Kingdom
C506498,47504K,ENGLISH ROSE GARDEN SECATEURS,-2,2010-04-30 10:56:00,1.95,13911.0,United Kingdom
C506498,72750A,FLOWER FAIRY SET OF 3 LILY CANDLES,-2,2010-04-30 10:56:00,1.95,13911.0,United Kingdom
C506505,22442,GROW YOUR OWN FLOWERS SET OF 3,-1,2010-04-30 10:58:00,6.75,17448.0,United Kingdom
C506519,20712,JUMBO BAG WOODLAND ANIMALS,-1,2010-04-30 11:02:00,1.95,13461.0,United Kingdom
C506519,20724,RED SPOTTY CHARLOTTE BAG,-1,2010-04-30 11:02:00,0.85,13461.0,United Kingdom
C506528,82583,HOT BATHS METAL SIGN,-1,2010-04-30 11:05:00,2.1,15093.0,United Kingdom
C506528,21175,GIN + TONIC DIET METAL SIGN,-1,2010-04-30 11:05:00,2.1,15093.0,United Kingdom
C506530,21769,VINTAGE POST OFFICE CABINET,-1,2010-04-30 11:06:00,79.95,16133.0,United Kingdom
C506531,21481,FAWN BLUE HOT WATER BOTTLE,-1,2010-04-30 11:07:00,2.95,17448.0,United Kingdom
C506532,21260,FIRST AID TIN,-2,2010-04-30 11:08:00,2.75,15538.0,United Kingdom
C506532,85232A,SET/3 POLKA DOT STACKING TINS,-1,2010-04-30 11:08:00,4.95,15538.0,United Kingdom
C506533,22138,BAKING SET 9 PIECE RETROSPOT,-2,2010-04-30 11:10:00,4.95,18062.0,United Kingdom
C506534,21713,CITRONELLA CANDLE FLOWERPOT,-3,2010-04-30 11:12:00,2.1,14209.0,United Kingdom
C506534,79029,GLASS HONEYPOT WASP CATCHER,-1,2010-04-30 11:12:00,1.95,14209.0,United Kingdom
C506534,82482,WOODEN PICTURE FRAME WHITE FINISH,-1,2010-04-30 11:12:00,2.55,14209.0,United Kingdom
C506535,22170,PICTURE FRAME WOOD TRIPLE PORTRAIT,-3,2010-04-30 11:16:00,6.75,14655.0,United Kingdom
C506550,22456,NATURAL SLATE CHALKBOARD LARGE,-3,2010-04-30 11:24:00,4.95,18276.0,United Kingdom
C506583,BANK CHARGES,Bank Charges,-1,2010-04-30 14:30:00,70.69,,United Kingdom
C506602,S,SAMPLES,-1,2010-04-30 14:56:00,3.84,,United Kingdom
C506602,S,SAMPLES,-1,2010-04-30 14:56:00,3.55,,United Kingdom
C506602,S,SAMPLES,-1,2010-04-30 14:56:00,77.0,,United Kingdom
C506602,S,SAMPLES,-1,2010-04-30 14:56:00,30.0,,United Kingdom
C506602,S,SAMPLES,-1,2010-04-30 14:56:00,78.0,,United Kingdom
C506605,S,SAMPLES,-1,2010-04-30 15:23:00,10.5,,United Kingdom
C506607,S,SAMPLES,-1,2010-04-30 15:28:00,12.5,,United Kingdom
C506607,S,SAMPLES,-1,2010-04-30 15:28:00,7.39,,United Kingdom
C506607,S,SAMPLES,-1,2010-04-30 15:28:00,9.99,,United Kingdom
C506607,S,SAMPLES,-1,2010-04-30 15:28:00,9.49,,United Kingdom
C506607,S,SAMPLES,-1,2010-04-30 15:28:00,5.88,,United Kingdom
C506607,S,SAMPLES,-1,2010-04-30 15:28:00,3.99,,United Kingdom
C506607,S,SAMPLES,-1,2010-04-30 15:28:00,2.88,,United Kingdom
C506608,21936,RED RETROSPOT PICNIC BAG,-6,2010-04-30 15:36:00,2.95,14648.0,United Kingdom
506648,84016,FLAG OF ST GEORGE CAR FLAG,-299,2010-04-30 16:24:00,0.0,,United Kingdom
C506674,79323W,WHITE CHERRY LIGHTS,-1,2010-05-02 10:22:00,6.75,17243.0,United Kingdom
C506674,79323P,PINK CHERRY LIGHTS,-2,2010-05-02 10:22:00,6.75,17243.0,United Kingdom
C506674,79323GR,GREEN CHERRY LIGHTS,-5,2010-05-02 10:22:00,6.75,17243.0,United Kingdom
C506703,S,SAMPLES,-1,2010-05-02 14:12:00,191.21,,United Kingdom
C506704,S,SAMPLES,-1,2010-05-02 14:20:00,88.74,,United Kingdom
C506719,22617,BAKING SET SPACEBOY DESIGN,-12,2010-05-04 09:10:00,4.95,14233.0,United Kingdom
C506719,22138,BAKING SET 9 PIECE RETROSPOT,-12,2010-05-04 09:10:00,4.95,14233.0,United Kingdom
C506722,M,Manual,-1,2010-05-04 09:43:00,607.53,13786.0,United Kingdom
C506732,75049L,LARGE CIRCULAR MIRROR MOBILE,-17,2010-05-04 10:15:00,0.85,15311.0,United Kingdom
C506733,16259,PIECE OF CAMO STATIONERY SET,-7,2010-05-04 10:16:00,0.21,14634.0,United Kingdom
C506733,22168,ORGANISER WOOD ANTIQUE WHITE,-2,2010-05-04 10:16:00,8.5,14634.0,United Kingdom
C506733,85226A,WHITE/BLUE PULL BACK RACING CAR,-1,2010-05-04 10:16:00,0.55,14634.0,United Kingdom
C506733,35400,WOODEN BOX ADVENT CALENDAR,-6,2010-05-04 10:16:00,8.95,14634.0,United Kingdom
C506734,21474,SWEETHEART CREAM STEEL FOLDIN BENCH,-1,2010-05-04 10:17:00,19.95,14867.0,United Kingdom
506736,84795D,SEASIDE STRIPE HAMMOCK,-240,2010-05-04 10:26:00,0.0,,United Kingdom
C506739,M,Manual,-1,2010-05-04 10:30:00,269.34,14911.0,EIRE
506745,84937,KASHMIR FOLKART TUMBLERS,-70,2010-05-04 11:27:00,0.0,,United Kingdom
506746,84937,KASHMIR FOLKART TUMBLERS,-420,2010-05-04 11:29:00,0.0,,United Kingdom
506749,17129F,DEEP BLUE GLASS GEMS IN BAG,-72,2010-05-04 11:33:00,0.0,,United Kingdom
C506750,82486,WOOD S/3 CABINET ANT WHITE FINISH,-1,2010-05-04 11:33:00,7.95,14320.0,United Kingdom
C506751,22556,PLASTERS IN TIN CIRCUS PARADE,-3,2010-05-04 11:43:00,1.65,12471.0,Germany
C506751,22497,SET OF 2 TINS VINTAGE BATHROOM,-1,2010-05-04 11:43:00,4.25,12471.0,Germany
C506751,22478,BIRDHOUSE GARDEN MARKER,-1,2010-05-04 11:43:00,1.25,12471.0,Germany
C506751,22423,REGENCY CAKESTAND 3 TIER,-2,2010-05-04 11:43:00,12.75,12471.0,Germany
C506751,21527,RED RETROSPOT TRADITIONAL TEAPOT,-1,2010-05-04 11:43:00,7.95,12471.0,Germany
C506751,21232,STRAWBERRY CERAMIC TRINKET BOX,-2,2010-05-04 11:43:00,1.25,12471.0,Germany
C506751,22467,GUMBALL COAT RACK,-1,2010-05-04 11:43:00,2.55,12471.0,Germany
C506752,22199,FRYING PAN RED POLKADOT,-7,2010-05-04 11:46:00,3.75,12647.0,Germany
C506753,21658,GLASS  BEURRE DISH,-1,2010-05-04 11:49:00,3.95,14911.0,EIRE
C506756,79323P,PINK CHERRY LIGHTS,-3,2010-05-04 11:59:00,5.45,13983.0,United Kingdom
C506757,79323GR,GREEN CHERRY LIGHTS,-1,2010-05-04 12:01:00,6.75,17827.0,United Kingdom
C506758,79323B,BLACK CHERRY LIGHTS,-1,2010-05-04 12:03:00,6.75,13393.0,United Kingdom
C506759,79323B,BLACK CHERRY LIGHTS,-1,2010-05-04 12:05:00,6.75,14175.0,United Kingdom
C506814,85232B,SET/3 RUSSIAN DOLL STACKING TINS,-3,2010-05-04 12:31:00,4.95,12588.0,Finland
C506814,22138,BAKING SET 9 PIECE RETROSPOT,-1,2010-05-04 12:31:00,4.95,12588.0,Finland
C506826,79323B,BLACK CHERRY LIGHTS,-2,2010-05-04 13:07:00,6.75,13693.0,United Kingdom
C506827,79323W,WHITE CHERRY LIGHTS,-4,2010-05-04 13:08:00,6.75,17667.0,United Kingdom
C506828,79323W,WHITE CHERRY LIGHTS,-5,2010-05-04 13:10:00,6.75,13042.0,United Kingdom
C506829,79323B,BLACK CHERRY LIGHTS,-2,2010-05-04 13:13:00,6.75,16200.0,United Kingdom
C506832,79323W,WHITE CHERRY LIGHTS,-3,2010-05-04 13:34:00,6.75,15298.0,United Kingdom
C506833,79323W,WHITE CHERRY LIGHTS,-2,2010-05-04 13:39:00,6.75,17700.0,United Kingdom
C506835,79323W,WHITE CHERRY LIGHTS,-1,2010-05-04 13:44:00,6.75,15446.0,United Kingdom
C506836,22059,CERAMIC STRWBERRY DESIGN MUG,-12,2010-05-04 13:45:00,1.49,17696.0,United Kingdom
C506864,22423,REGENCY CAKESTAND 3 TIER,-2,2010-05-04 15:07:00,12.75,13267.0,United Kingdom
506866,84270,ASSTD DESIGN BUBBLE GUM RING,-3000,2010-05-04 15:20:00,0.0,,United Kingdom
C506874,71459,HANGING JAM JAR T-LIGHT HOLDER,-2,2010-05-04 16:20:00,0.85,12838.0,United Kingdom
C506874,84675,FROG KING WATERING CAN,-2,2010-05-04 16:20:00,2.95,12838.0,United Kingdom
C506875,21527,RED RETROSPOT TRADITIONAL TEAPOT,-3,2010-05-04 16:28:00,6.95,16736.0,United Kingdom
C506877,22469,HEART OF WICKER SMALL,-2,2010-05-04 16:40:00,1.65,13047.0,United Kingdom
C506877,22423,REGENCY CAKESTAND 3 TIER,-1,2010-05-04 16:40:00,12.75,13047.0,United Kingdom
C506877,84969,ASSORTED COLOUR SET 6 TEASPOONS,-1,2010-05-04 16:40:00,4.25,13047.0,United Kingdom
C506881,37495,FAIRY CAKE BIRTHDAY CANDLE SET,-1,2010-05-04 16:48:00,3.75,12915.0,United Kingdom
C506882,21527,RED RETROSPOT TRADITIONAL TEAPOT,-1,2010-05-04 16:55:00,7.95,16858.0,United Kingdom
C506882,21749,LARGE RED RETROSPOT WINDMILL,-1,2010-05-04 16:55:00,2.1,16858.0,United Kingdom
C506883,71477,COLOUR GLASS. STAR T-LIGHT HOLDER,-1,2010-05-04 17:10:00,3.25,15791.0,United Kingdom
C506883,82483,WOOD 2 DRAWER CABINET WHITE FINISH,-1,2010-05-04 17:10:00,5.95,15791.0,United Kingdom
C506883,47503K,ASSORTED FLORAL SECATEURS,-1,2010-05-04 17:10:00,1.95,15791.0,United Kingdom
C506883,22055,MINI CAKE STAND  HANGING STRAWBERY,-1,2010-05-04 17:10:00,1.65,15791.0,United Kingdom
C506883,21231,SWEETHEART CERAMIC TRINKET BOX,-1,2010-05-04 17:10:00,1.25,15791.0,United Kingdom
C506885,22423,REGENCY CAKESTAND 3 TIER,-4,2010-05-05 08:42:00,12.75,14292.0,United Kingdom
C506886,22304,COFFEE MUG BLUE PAISLEY DESIGN,-3,2010-05-05 08:43:00,2.1,15125.0,United Kingdom
C506888,85232A,SET/3 POLKA DOT STACKING TINS,-3,2010-05-05 08:48:00,4.95,13021.0,United Kingdom
C506888,79164,BLACK WINE GLASS,-1,2010-05-05 08:48:00,1.65,13021.0,United Kingdom
C506890,16259,PIECE OF CAMO STATIONERY SET,-7,2010-05-05 08:57:00,0.21,14634.0,United Kingdom
C506890,22168,ORGANISER WOOD ANTIQUE WHITE,-2,2010-05-05 08:57:00,8.5,14634.0,United Kingdom
C506890,85226A,WHITE/BLUE PULL BACK RACING CAR,-1,2010-05-05 08:57:00,0.55,14634.0,United Kingdom
C506890,35400,WOODEN BOX ADVENT CALENDAR,-6,2010-05-05 08:57:00,7.95,14634.0,United Kingdom
C506892,22236,CAKE STAND 3 TIER MAGIC GARDEN,-1,2010-05-05 09:02:00,12.75,14533.0,United Kingdom
C506893,21843,RED RETROSPOT CAKE STAND,-2,2010-05-05 09:03:00,10.95,15674.0,United Kingdom
C506896,22171,3 HOOK PHOTO SHELF ANTIQUE WHITE,-1,2010-05-05 09:22:00,8.5,15845.0,United Kingdom
C506896,21916,SET 12 RETRO WHITE CHALK STICKS,-24,2010-05-05 09:22:00,0.42,15845.0,United Kingdom
C506896,21333,CLASSIC WHITE FRAME,-1,2010-05-05 09:22:00,2.95,15845.0,United Kingdom
C506896,22169,FAMILY ALBUM WHITE PICTURE FRAME,-1,2010-05-05 09:22:00,8.5,15845.0,United Kingdom
C506896,22170,PICTURE FRAME WOOD TRIPLE PORTRAIT,-4,2010-05-05 09:22:00,6.75,15845.0,United Kingdom
C506896,85065,CREAM SWEETHEART TRAYS,-1,2010-05-05 09:22:00,12.75,15845.0,United Kingdom
C506896,21868,POTTING SHED TEA MUG,-1,2010-05-05 09:22:00,1.25,15845.0,United Kingdom
C506896,82486,WOOD S/3 CABINET ANT WHITE FINISH,-1,2010-05-05 09:22:00,7.95,15845.0,United Kingdom
C506896,22423,REGENCY CAKESTAND 3 TIER,-1,2010-05-05 09:22:00,12.75,15845.0,United Kingdom
C506899,22554,PLASTERS IN TIN WOODLAND ANIMALS,-8,2010-05-05 09:38:00,1.65,12876.0,Belgium
C506903,79323W,WHITE CHERRY LIGHTS,-1,2010-05-05 10:19:00,6.75,16934.0,United Kingdom
C506903,79323GR,GREEN CHERRY LIGHTS,-1,2010-05-05 10:19:00,6.75,16934.0,United Kingdom
C506903,79323P,PINK CHERRY LIGHTS,-1,2010-05-05 10:19:00,6.75,16934.0,United Kingdom
C506908,79323W,WHITE CHERRY LIGHTS,-1,2010-05-05 10:40:00,6.75,15550.0,United Kingdom
C506908,79323P,PINK CHERRY LIGHTS,-1,2010-05-05 10:40:00,6.75,15550.0,United Kingdom
C506952,22189,CREAM HEART CARD HOLDER,-12,2010-05-05 11:37:00,3.95,14849.0,United Kingdom
C506952,22178,VICTORIAN GLASS HANGING T-LIGHT,-36,2010-05-05 11:37:00,1.25,14849.0,United Kingdom
C506952,84978,HANGING HEART JAR T-LIGHT HOLDER,-18,2010-05-05 11:37:00,1.25,14849.0,United Kingdom
C506952,21655,HANGING RIDGE GLASS T-LIGHT HOLDER,-30,2010-05-05 11:37:00,1.69,14849.0,United Kingdom
506975,45016,DECORATIVE NET CANOPY LEOPARD,-130,2010-05-05 12:44:00,0.0,,United Kingdom
C506978,21218,RED SPOTTY BISCUIT TIN,-1,2010-05-05 13:07:00,3.75,14680.0,United Kingdom
C506978,85123A,WHITE HANGING HEART T-LIGHT HOLDER,-2,2010-05-05 13:07:00,2.55,14680.0,United Kingdom
C506978,20728,LUNCH BAG CARS BLUE,-1,2010-05-05 13:07:00,1.65,14680.0,United Kingdom
C506978,20718,RED SPOTTY SHOPPER BAG,-2,2010-05-05 13:07:00,1.25,14680.0,United Kingdom
C506978,20726,LUNCH BAG WOODLAND,-1,2010-05-05 13:07:00,1.65,14680.0,United Kingdom
C506978,22384,LUNCH BAG PINK RETROSPOT,-1,2010-05-05 13:07:00,1.65,14680.0,United Kingdom
C506979,21777,RECIPE BOX WITH METAL HEART,-2,2010-05-05 13:10:00,7.95,13287.0,United Kingdom
C506979,84482,BUTTONS DESIGN JEWELLERY BOX,-4,2010-05-05 13:10:00,3.75,13287.0,United Kingdom
C506979,17021,NAMASTE SWAGAT INCENSE,-36,2010-05-05 13:10:00,0.3,13287.0,United Kingdom
C506979,22057,CERAMIC PLATE STRAWBERRY DESIGN,-12,2010-05-05 13:10:00,1.49,13287.0,United Kingdom
C506979,22138,BAKING SET 9 PIECE RETROSPOT,-3,2010-05-05 13:10:00,4.95,13287.0,United Kingdom
C506979,21232,STRAWBERRY CERAMIC TRINKET BOX,-12,2010-05-05 13:10:00,1.25,13287.0,United Kingdom
C506979,22184,CAKE STAND VICTORIAN FILIGREE LARGE,-2,2010-05-05 13:10:00,8.5,13287.0,United Kingdom
C506979,84688,BEACH HUT DESIGN BLACKBOARD,-6,2010-05-05 13:10:00,4.25,13287.0,United Kingdom
C506979,84950,ASSORTED COLOUR T-LIGHT HOLDER,-12,2010-05-05 13:10:00,0.85,13287.0,United Kingdom
C506979,84949,SILVER HANGING T-LIGHT HOLDER,-6,2010-05-05 13:10:00,1.65,13287.0,United Kingdom
C506979,22178,VICTORIAN GLASS HANGING T-LIGHT,-12,2010-05-05 13:10:00,1.25,13287.0,United Kingdom
C506979,85026B,EAU DE NILE JEWELLED T-LIGHT HOLDER,-10,2010-05-05 13:10:00,0.85,13287.0,United Kingdom
C506979,82587,TEXRIO TOMATOES CANDLE+CUP,-12,2010-05-05 13:10:00,1.25,13287.0,United Kingdom
C506979,82585,SWEET VALENCIA CANDLE+CUP,-12,2010-05-05 13:10:00,1.25,13287.0,United Kingdom
C506979,22497,SET OF 2 TINS VINTAGE BATHROOM,-4,2010-05-05 13:10:00,4.25,13287.0,United Kingdom
C506980,85123A,WHITE HANGING HEART T-LIGHT HOLDER,-4,2010-05-05 13:11:00,2.95,13643.0,United Kingdom
C506987,21735,TWO DOOR CURIO CABINET,-2,2010-05-05 13:29:00,10.95,16131.0,United Kingdom
C506987,21527,RED RETROSPOT TRADITIONAL TEAPOT,-2,2010-05-05 13:29:00,6.95,16131.0,United Kingdom
C506987,22294,HEART FILIGREE DOVE  SMALL,-1,2010-05-05 13:29:00,1.25,16131.0,United Kingdom
C506988,84755,COLOUR GLASS T-LIGHT HOLDER HANGING,-1,2010-05-05 13:30:00,0.65,18111.0,United Kingdom
C506988,21307,SET/4 BUTTERFLY MIRROR MAGNETS,-1,2010-05-05 13:30:00,2.1,18111.0,United Kingdom
C506988,21427,SKULLS STORAGE BOX SMALL,-2,2010-05-05 13:30:00,2.1,18111.0,United Kingdom
C506989,22212,FOUR HOOK  WHITE LOVEBIRDS,-2,2010-05-05 13:34:00,2.1,16543.0,United Kingdom
C506989,22156,HEART DECORATION WITH PEARLS,-12,2010-05-05 13:34:00,0.85,16543.0,United Kingdom
C506990,21843,RED RETROSPOT CAKE STAND,-2,2010-05-05 13:35:00,10.95,14211.0,United Kingdom
C506995,22178,VICTORIAN GLASS HANGING T-LIGHT,-4,2010-05-05 13:57:00,1.25,13760.0,United Kingdom
C506996,22456,NATURAL SLATE CHALKBOARD LARGE,-2,2010-05-05 13:58:00,4.95,14422.0,United Kingdom
C506998,79029,GLASS HONEYPOT WASP CATCHER,-1,2010-05-05 14:04:00,1.65,14403.0,United Kingdom
C506999,21534,DAIRY MAID LARGE MILK JUG,-2,2010-05-05 14:07:00,4.95,13856.0,United Kingdom
C506999,21532,DAIRY MAID SUGAR JAM BOWL,-2,2010-05-05 14:07:00,2.1,13856.0,United Kingdom
507004,21092,SET/6 STRAWBERRY PAPER PLATES,-20,2010-05-05 14:19:00,0.0,,United Kingdom
C507015,21614,SET OF 12 ROSE BOTANICAL T-LIGHTS,-120,2010-05-05 14:28:00,2.55,15097.0,United Kingdom
C507016,21614,SET OF 12 ROSE BOTANICAL T-LIGHTS,-6,2010-05-05 14:30:00,2.55,15097.0,United Kingdom
C507030,47505,MINATURE COLOURED GARDENING SET,-3,2010-05-05 14:55:00,4.95,15732.0,United Kingdom
C507031,79323W,WHITE CHERRY LIGHTS,-1,2010-05-05 14:56:00,6.75,15518.0,United Kingdom
C507033,84975,HEART SHAPED MIRROR,-1,2010-05-05 15:03:00,1.69,14930.0,Channel Islands
C507033,20931,BLUE POT PLANT CANDLE,-2,2010-05-05 15:03:00,3.75,14930.0,Channel Islands
C507043,21314,SMALL GLASS HEART TRINKET POT,-2,2010-05-05 16:52:00,2.1,17406.0,United Kingdom
C507043,22423,REGENCY CAKESTAND 3 TIER,-1,2010-05-05 16:52:00,12.75,17406.0,United Kingdom
C507044,84467,ENGLISH ROSE DESIGN QUILTED THROW,-2,2010-05-05 17:18:00,39.95,13969.0,United Kingdom
C507055,M,Manual,-1,2010-05-06 10:02:00,662.25,12422.0,Australia
C507057,M,Manual,-1,2010-05-06 10:04:00,396.2,12422.0,Australia
C507100,85028L,FRENCH CHATEAU LARGE FRUIT BOWL,-2,2010-05-06 11:02:00,7.95,14461.0,United Kingdom
C507118,84750A,PINK SMALL GLASS CAKE STAND,-1,2010-05-06 11:38:00,1.65,15311.0,United Kingdom
C507118,20798,CLEAR MILKSHAKE GLASS,-9,2010-05-06 11:38:00,1.65,15311.0,United Kingdom
C507118,37450,CERAMIC CAKE BOWL + HANGING CAKES,-2,2010-05-06 11:38:00,2.55,15311.0,United Kingdom
C507118,37447,CERAMIC CAKE DESIGN SPOTTED PLATE,-2,2010-05-06 11:38:00,1.25,15311.0,United Kingdom
C507118,22352,LUNCH BOX WITH CUTLERY RETROSPOT,-1,2010-05-06 11:38:00,2.1,15311.0,United Kingdom
C507118,37446,MINI CAKE STAND WITH HANGING CAKES,-1,2010-05-06 11:38:00,1.25,15311.0,United Kingdom
C507118,85042,ANTIQUE LILY FAIRY LIGHTS,-4,2010-05-06 11:38:00,4.25,15311.0,United Kingdom
C507118,85047,WHITE BEADED GARLAND STRING 20LIGHT,-4,2010-05-06 11:38:00,5.55,15311.0,United Kingdom
C507118,35004S,SET OF 3 SILVER FLYING DUCKS,-2,2010-05-06 11:38:00,5.49,15311.0,United Kingdom
C507118,35004B,SET OF 3 BLACK FLYING DUCKS,-1,2010-05-06 11:38:00,4.65,15311.0,United Kingdom
C507118,35004C,SET OF 3 COLOURED  FLYING DUCKS,-2,2010-05-06 11:38:00,4.65,15311.0,United Kingdom
C507118,40003,WHITE BAMBOO RIBS LAMPSHADE,-1,2010-05-06 11:38:00,0.95,15311.0,United Kingdom
C507118,40001,WHITE BAMBOO RIBS LAMPSHADE,-1,2010-05-06 11:38:00,0.64,15311.0,United Kingdom
C507118,79029,GLASS HONEYPOT WASP CATCHER,-1,2010-05-06 11:38:00,1.65,15311.0,United Kingdom
C507118,71477,COLOUR GLASS. STAR T-LIGHT HOLDER,-3,2010-05-06 11:38:00,2.75,15311.0,United Kingdom
C507123,22503,CABIN BAG VINTAGE PAISLEY,-1,2010-05-06 11:57:00,29.95,,United Kingdom
C507131,21871,SAVE THE PLANET MUG,-16,2010-05-06 12:25:00,1.25,14543.0,United Kingdom
507154,84858A,NATURAL RIVIERA HANDBAG,-100,2010-05-06 13:32:00,0.0,,United Kingdom
507155,84858B,BLUE RIVIERA HANDBAG,-200,2010-05-06 13:32:00,0.0,,United Kingdom
C507164,79190A,RETRO PLASTIC 70'S TRAY,-1,2010-05-06 14:17:00,0.81,,United Kingdom
C507164,79191D,RETRO PLASTIC DAISY TRAY,-1,2010-05-06 14:17:00,1.66,,United Kingdom
C507171,47566B,TEA TIME PARTY BUNTING,-60,2010-05-06 14:46:00,3.75,13798.0,United Kingdom
507174,84807,RED POPPY ARTIFICIAL FLOWER,-180,2010-05-06 14:57:00,0.0,,United Kingdom
C507184,79323P,PINK CHERRY LIGHTS,-4,2010-05-06 16:01:00,6.75,16255.0,United Kingdom
C507185,79323G,GOLD  CHERRY LIGHTS,-1,2010-05-06 16:02:00,6.75,16039.0,United Kingdom
C507191,79323P,PINK CHERRY LIGHTS,-2,2010-05-06 16:17:00,6.75,17496.0,United Kingdom
C507191,79323LP,LIGHT PINK CHERRY LIGHTS,-2,2010-05-06 16:17:00,6.75,17496.0,United Kingdom
507192,85017A,ENVELOPE 50 ROMANTIC IMAGES,-626,2010-05-06 16:18:00,0.0,,United Kingdom
C507195,84466,TOP SECRET PEN SET,-309,2010-05-06 16:21:00,0.95,16656.0,United Kingdom
C507198,21212,PACK OF 72 RETRO SPOT CAKE CASES,-120,2010-05-06 16:27:00,0.42,13881.0,United Kingdom
C507200,21232,STRAWBERRY CERAMIC TRINKET BOX,-1,2010-05-06 16:29:00,1.25,16186.0,United Kingdom
C507201,22423,REGENCY CAKESTAND 3 TIER,-1,2010-05-06 16:32:00,12.75,16317.0,United Kingdom
C507202,79000,MOROCCAN TEA GLASS,-3,2010-05-06 16:33:00,0.85,16347.0,United Kingdom
C507203,22360,GLASS JAR ENGLISH CONFECTIONERY,-2,2010-05-06 16:34:00,2.95,13143.0,United Kingdom
C507204,21532,DAIRY MAID SUGAR JAM BOWL,-2,2010-05-06 16:44:00,2.1,13342.0,United Kingdom
C507204,21534,DAIRY MAID LARGE MILK JUG,-2,2010-05-06 16:44:00,4.95,13342.0,United Kingdom
C507209,84770,ROUND GEORGIAN SILVER MIRROR,-18,2010-05-06 17:00:00,2.95,17640.0,United Kingdom
C507214,21155,RED SPOTTY PEG BAG,-1,2010-05-06 17:56:00,2.1,13081.0,United Kingdom
C507214,22179,SET 10 LIGHTS NIGHT OWL,-1,2010-05-06 17:56:00,5.95,13081.0,United Kingdom
C507214,85042,ANTIQUE LILY FAIRY LIGHTS,-3,2010-05-06 17:56:00,4.25,13081.0,United Kingdom
C507215,22361,GLASS JAR DAISY FRESH COTTON WOOL,-1,2010-05-06 17:59:00,1.25,14194.0,United Kingdom
C507215,22411,JUMBO SHOPPER VINTAGE RED PAISLEY,-2,2010-05-06 17:59:00,1.95,14194.0,United Kingdom
C507217,22423,REGENCY CAKESTAND 3 TIER,-1,2010-05-06 18:02:00,12.75,12982.0,United Kingdom
C507217,20914,SET/5 RED SPOTTY LID GLASS BOWLS,-1,2010-05-06 18:02:00,2.95,12982.0,United Kingdom
C507217,71459,HANGING JAM JAR T-LIGHT HOLDER,-1,2010-05-06 18:02:00,0.85,12982.0,United Kingdom
C507217,21218,RED SPOTTY BISCUIT TIN,-3,2010-05-06 18:02:00,3.75,12982.0,United Kingdom
C507217,21320,GLASS CHALICE GREEN  LARGE,-1,2010-05-06 18:02:00,2.55,12982.0,United Kingdom
C507219,22355,CHARLOTTE BAG SUKI DESIGN,-1,2010-05-06 19:14:00,0.85,14713.0,United Kingdom
C507219,10002,INFLATABLE POLITICAL GLOBE,-1,2010-05-06 19:14:00,0.85,14713.0,United Kingdom
C507219,79323S,SILVER CHERRY LIGHTS,-1,2010-05-06 19:14:00,6.75,14713.0,United Kingdom
C507219,79323W,WHITE CHERRY LIGHTS,-2,2010-05-06 19:14:00,6.75,14713.0,United Kingdom
C507219,79323LP,LIGHT PINK CHERRY LIGHTS,-2,2010-05-06 19:14:00,6.75,14713.0,United Kingdom
C507220,37495,FAIRY CAKE BIRTHDAY CANDLE SET,-4,2010-05-06 19:26:00,3.75,12915.0,United Kingdom
C507220,22138,BAKING SET 9 PIECE RETROSPOT,-3,2010-05-06 19:26:00,4.95,12915.0,United Kingdom
C507221,21868,POTTING SHED TEA MUG,-1,2010-05-06 19:27:00,1.25,14837.0,United Kingdom
C507222,D,Discount,-1,2010-05-06 19:28:00,48.0,13027.0,United Kingdom
C507224,85174,S/4 CACTI CANDLES,-1,2010-05-06 19:31:00,4.95,13824.0,United Kingdom
C507225,21865,PINK UNION JACK  PASSPORT COVER,-6,2010-05-06 19:32:00,2.1,13539.0,United Kingdom
C507226,37447,CERAMIC CAKE DESIGN SPOTTED PLATE,-2,2010-05-06 19:34:00,1.49,13126.0,United Kingdom
C507226,37495,FAIRY CAKE BIRTHDAY CANDLE SET,-2,2010-05-06 19:34:00,3.75,13126.0,United Kingdom
C507230,21034,REX CASH+CARRY JUMBO SHOPPER,-1,2010-05-06 20:02:00,0.95,17530.0,United Kingdom
507268,84670,JAPANESE CROCHETED ANIMAL,-3340,2010-05-07 12:32:00,0.0,,United Kingdom
C507271,79323P,PINK CHERRY LIGHTS,-4,2010-05-07 12:41:00,6.75,14535.0,United Kingdom
C507271,79323LP,LIGHT PINK CHERRY LIGHTS,-4,2010-05-07 12:41:00,6.75,14535.0,United Kingdom
C507271,79323GR,GREEN CHERRY LIGHTS,-6,2010-05-07 12:41:00,6.75,14535.0,United Kingdom
C507271,79323W,WHITE CHERRY LIGHTS,-6,2010-05-07 12:41:00,6.75,14535.0,United Kingdom
C507274,47505,MINATURE COLOURED GARDENING SET,-10,2010-05-07 12:49:00,4.25,14824.0,United Kingdom
C507284,79323W,WHITE CHERRY LIGHTS,-4,2010-05-07 13:49:00,6.75,14264.0,United Kingdom
C507298,79323LP,LIGHT PINK CHERRY LIGHTS,-1,2010-05-07 14:47:00,6.75,14713.0,United Kingdom
C507358,79323W,WHITE CHERRY LIGHTS,-6,2010-05-07 15:30:00,6.75,14527.0,United Kingdom
C507358,79323W,WHITE CHERRY LIGHTS,-3,2010-05-07 15:30:00,6.75,14527.0,United Kingdom
C507358,79323B,BLACK CHERRY LIGHTS,-6,2010-05-07 15:30:00,6.75,14527.0,United Kingdom
C507361,79323B,BLACK CHERRY LIGHTS,-19,2010-05-07 15:55:00,5.45,15311.0,United Kingdom
C507361,79323S,SILVER CHERRY LIGHTS,-12,2010-05-07 15:55:00,5.45,15311.0,United Kingdom
C507361,79323G,GOLD  CHERRY LIGHTS,-12,2010-05-07 15:55:00,5.45,15311.0,United Kingdom
C507361,79323LP,LIGHT PINK CHERRY LIGHTS,-24,2010-05-07 15:55:00,5.45,15311.0,United Kingdom
C507361,79323W,WHITE CHERRY LIGHTS,-24,2010-05-07 15:55:00,5.45,15311.0,United Kingdom
C507361,79341,WILLOW BRANCH LIGHTS.,-1,2010-05-07 15:55:00,6.75,15311.0,United Kingdom
C507365,37495,FAIRY CAKE BIRTHDAY CANDLE SET,-3,2010-05-07 16:27:00,3.75,12915.0,United Kingdom
C507384,79323P,PINK CHERRY LIGHTS,-2,2010-05-09 12:04:00,6.75,17969.0,United Kingdom
C507384,79323LP,LIGHT PINK CHERRY LIGHTS,-2,2010-05-09 12:04:00,6.75,17969.0,United Kingdom
C507384,79323W,WHITE CHERRY LIGHTS,-1,2010-05-09 12:04:00,6.75,17969.0,United Kingdom
C507384,79323GR,GREEN CHERRY LIGHTS,-1,2010-05-09 12:04:00,6.75,17969.0,United Kingdom
C507384,79341,WILLOW BRANCH LIGHTS.,-1,2010-05-09 12:04:00,6.75,17969.0,United Kingdom
C507415,21333,CLASSIC WHITE FRAME,-2,2010-05-09 14:14:00,2.95,16150.0,United Kingdom
C507451,79323P,PINK CHERRY LIGHTS,-48,2010-05-10 10:04:00,5.45,14258.0,United Kingdom
C507451,79323B,BLACK CHERRY LIGHTS,-24,2010-05-10 10:04:00,5.45,14258.0,United Kingdom
C507451,79323W,WHITE CHERRY LIGHTS,-24,2010-05-10 10:04:00,5.45,14258.0,United Kingdom
C507451,79323LP,LIGHT PINK CHERRY LIGHTS,-22,2010-05-10 10:04:00,5.45,14258.0,United Kingdom
C507454,79323LP,LIGHT PINK CHERRY LIGHTS,-8,2010-05-10 10:19:00,6.75,12921.0,United Kingdom
C507454,79323P,PINK CHERRY LIGHTS,-8,2010-05-10 10:19:00,6.75,12921.0,United Kingdom
C507454,79323W,WHITE CHERRY LIGHTS,-8,2010-05-10 10:19:00,6.75,12921.0,United Kingdom
C507456,79323W,WHITE CHERRY LIGHTS,-9,2010-05-10 10:24:00,6.75,12921.0,United Kingdom
C507456,79323LP,LIGHT PINK CHERRY LIGHTS,-8,2010-05-10 10:24:00,6.75,12921.0,United Kingdom
C507456,79323B,BLACK CHERRY LIGHTS,-8,2010-05-10 10:24:00,6.75,12921.0,United Kingdom
C507457,79323P,PINK CHERRY LIGHTS,-24,2010-05-10 10:28:00,5.45,16705.0,United Kingdom
C507457,79323W,WHITE CHERRY LIGHTS,-22,2010-05-10 10:28:00,5.45,16705.0,United Kingdom
C507457,79323LP,LIGHT PINK CHERRY LIGHTS,-1,2010-05-10 10:28:00,5.45,16705.0,United Kingdom
C507460,79323LP,LIGHT PINK CHERRY LIGHTS,-18,2010-05-10 10:48:00,5.45,13141.0,United Kingdom
C507466,21232,STRAWBERRY CERAMIC TRINKET BOX,-6,2010-05-10 11:04:00,1.25,18220.0,United Kingdom
C507486,21432,SET OF 3 CASES WOODLAND DESIGN,-1,2010-05-10 11:58:00,5.95,12474.0,Germany
C507486,20703,BLUE PADDED SOFT MOBILE,-3,2010-05-10 11:58:00,4.25,12474.0,Germany
C507486,22320,BIRDS MOBILE VINTAGE DESIGN,-3,2010-05-10 11:58:00,5.95,12474.0,Germany
C507579,22617,BAKING SET SPACEBOY DESIGN,-6,2010-05-10 12:40:00,4.95,13407.0,United Kingdom
C507579,85014B,RED/WHITE DOTS RUFFLED UMBRELLA,-1,2010-05-10 12:40:00,5.95,13407.0,United Kingdom
C507579,84676,BATH DUCK WATERING CAN,-2,2010-05-10 12:40:00,2.95,13407.0,United Kingdom
C507590,84406B,CREAM CUPID HEARTS COAT HANGER,-32,2010-05-10 13:00:00,2.75,12843.0,United Kingdom
C507590,22567,20 DOLLY PEGS RETROSPOT,-6,2010-05-10 13:00:00,1.25,12843.0,United Kingdom
C507592,15056P,EDWARDIAN PARASOL PINK,-1,2010-05-10 13:02:00,4.95,12917.0,United Kingdom
C507592,15056N,EDWARDIAN PARASOL NATURAL,-2,2010-05-10 13:02:00,4.95,12917.0,United Kingdom
C507596,22492,MINI PAINT SET VINTAGE,-36,2010-05-10 13:18:00,0.65,16843.0,United Kingdom
C507598,84686,BEACH HUT MIRROR,-2,2010-05-10 13:22:00,4.25,15555.0,United Kingdom
C507598,84687,BEACH HUT SHELF W 3 DRAWERS,-2,2010-05-10 13:22:00,5.95,15555.0,United Kingdom
C507598,84688,BEACH HUT DESIGN BLACKBOARD,-2,2010-05-10 13:22:00,4.25,15555.0,United Kingdom
C507598,84689,S/2 BEACH HUT TREASURE CHESTS,-2,2010-05-10 13:22:00,5.95,15555.0,United Kingdom
C507599,21949,SET OF 6 STRAWBERRY CHOPSTICKS,-6,2010-05-10 13:26:00,1.25,13136.0,United Kingdom
C507599,15036,ASSORTED COLOURS SILK FAN,-24,2010-05-10 13:26:00,0.75,13136.0,United Kingdom
C507599,47590A,BLUE HAPPY BIRTHDAY BUNTING,-1,2010-05-10 13:26:00,5.45,13136.0,United Kingdom
C507599,21643,ASSORTED TUTTI FRUTTI MIRROR,-1,2010-05-10 13:26:00,1.25,13136.0,United Kingdom
C507599,72802A,ROSE SCENT CANDLE IN JEWELLED BOX,-4,2010-05-10 13:26:00,4.25,13136.0,United Kingdom
C507599,72802B,OCEAN SCENT CANDLE IN JEWELLED BOX,-1,2010-05-10 13:26:00,4.25,13136.0,United Kingdom
C507599,21527,RED RETROSPOT TRADITIONAL TEAPOT,-1,2010-05-10 13:26:00,6.95,13136.0,United Kingdom
C507599,22063,CERAMIC BOWL WITH STRAWBERRY DESIGN,-1,2010-05-10 13:26:00,2.95,13136.0,United Kingdom
C507599,22057,CERAMIC PLATE STRAWBERRY DESIGN,-3,2010-05-10 13:26:00,1.49,13136.0,United Kingdom
C507599,22059,CERAMIC STRWBERRY DESIGN MUG,-4,2010-05-10 13:26:00,1.49,13136.0,United Kingdom
C507602,22423,REGENCY CAKESTAND 3 TIER,-6,2010-05-10 13:31:00,10.95,15633.0,United Kingdom
C507603,85008,SET OF 3 CONEY ISLAND OVAL BOXES,-1,2010-05-10 13:40:00,4.95,16661.0,United Kingdom
C507603,22294,HEART FILIGREE DOVE  SMALL,-24,2010-05-10 13:40:00,1.25,16661.0,United Kingdom
C507603,85184B,SET 4 EASTER DECOUPAGE OVAL BOXES,-1,2010-05-10 13:40:00,2.95,16661.0,United Kingdom
C507603,22295,HEART FILIGREE DOVE LARGE,-12,2010-05-10 13:40:00,1.65,16661.0,United Kingdom
C507603,22217,T-LIGHT HOLDER HANGING LACE,-4,2010-05-10 13:40:00,1.25,16661.0,United Kingdom
C507603,22335,HEART DECORATION PAINTED ZINC,-5,2010-05-10 13:40:00,0.65,16661.0,United Kingdom
C507603,22224,WHITE LOVEBIRD LANTERN,-4,2010-05-10 13:40:00,2.95,16661.0,United Kingdom
C507603,85232A,SET/3 POLKA DOT STACKING TINS,-1,2010-05-10 13:40:00,4.95,16661.0,United Kingdom
C507603,22077,6 RIBBONS RUSTIC CHARM,-6,2010-05-10 13:40:00,1.65,16661.0,United Kingdom
C507603,85049G,CHOCOLATE BOX RIBBONS,-4,2010-05-10 13:40:00,1.25,16661.0,United Kingdom
C507603,21390,FILIGRIS HEART WITH BUTTERFLY,-24,2010-05-10 13:40:00,1.25,16661.0,United Kingdom
C507603,85232B,SET/3 RUSSIAN DOLL STACKING TINS,-1,2010-05-10 13:40:00,4.95,16661.0,United Kingdom
C507603,35241,ENAMEL BLUE RIM BISCUIT BIN,-1,2010-05-10 13:40:00,4.95,16661.0,United Kingdom
C507603,37501,TEA TIME TEA SET IN GIFT BOX,-1,2010-05-10 13:40:00,6.95,16661.0,United Kingdom
C507605,22138,BAKING SET 9 PIECE RETROSPOT,-2,2010-05-10 13:45:00,4.25,15633.0,United Kingdom
C507605,21539,RED RETROSPOT BUTTER DISH,-4,2010-05-10 13:45:00,4.25,15633.0,United Kingdom
C507605,21531,RED RETROSPOT SUGAR JAM BOWL,-2,2010-05-10 13:45:00,2.55,15633.0,United Kingdom
C507607,84676,BATH DUCK WATERING CAN,-30,2010-05-10 13:50:00,2.55,17353.0,United Kingdom
C507609,22138,BAKING SET 9 PIECE RETROSPOT,-12,2010-05-10 13:51:00,4.95,16286.0,United Kingdom
C507612,75049L,LARGE CIRCULAR MIRROR MOBILE,-3,2010-05-10 14:03:00,0.85,15311.0,United Kingdom
C507612,85042,ANTIQUE LILY FAIRY LIGHTS,-2,2010-05-10 14:03:00,4.25,15311.0,United Kingdom
C507612,85047,WHITE BEADED GARLAND STRING 20LIGHT,-1,2010-05-10 14:03:00,5.55,15311.0,United Kingdom
C507612,35004C,SET OF 3 COLOURED  FLYING DUCKS,-1,2010-05-10 14:03:00,4.65,15311.0,United Kingdom
C507612,35004S,SET OF 3 SILVER FLYING DUCKS,-1,2010-05-10 14:03:00,5.49,15311.0,United Kingdom
C507612,35004B,SET OF 3 BLACK FLYING DUCKS,-2,2010-05-10 14:03:00,4.65,15311.0,United Kingdom
C507618,21231,SWEETHEART CERAMIC TRINKET BOX,-7,2010-05-10 14:11:00,1.25,17635.0,United Kingdom
C507638,POST,POSTAGE,-1,2010-05-10 14:55:00,4.5,17563.0,United Kingdom
C507644,21870,I CAN ONLY PLEASE ONE PERSON MUG,-1,2010-05-10 15:20:00,1.25,13890.0,United Kingdom
C507650,79323B,BLACK CHERRY LIGHTS,-4,2010-05-10 15:54:00,6.75,16735.0,United Kingdom
C507650,79323W,WHITE CHERRY LIGHTS,-8,2010-05-10 15:54:00,6.75,16735.0,United Kingdom
C507650,79323GR,GREEN CHERRY LIGHTS,-4,2010-05-10 15:54:00,6.75,16735.0,United Kingdom
C507650,79323P,PINK CHERRY LIGHTS,-8,2010-05-10 15:54:00,6.75,16735.0,United Kingdom
C507651,POST,POSTAGE,-1,2010-05-10 15:56:00,4.95,14735.0,United Kingdom
C507651,79323P,PINK CHERRY LIGHTS,-4,2010-05-10 15:56:00,6.75,14735.0,United Kingdom
C507651,79323LP,LIGHT PINK CHERRY LIGHTS,-3,2010-05-10 15:56:00,6.75,14735.0,United Kingdom
C507651,79323W,WHITE CHERRY LIGHTS,-3,2010-05-10 15:56:00,6.75,14735.0,United Kingdom
C507652,79323P,PINK CHERRY LIGHTS,-2,2010-05-10 16:02:00,6.75,17611.0,United Kingdom
C507653,79323B,BLACK CHERRY LIGHTS,-1,2010-05-10 16:03:00,6.75,17610.0,United Kingdom
C507653,79323W,WHITE CHERRY LIGHTS,-3,2010-05-10 16:03:00,6.75,17610.0,United Kingdom
C507653,79323LP,LIGHT PINK CHERRY LIGHTS,-2,2010-05-10 16:03:00,6.75,17610.0,United Kingdom
C507653,79323P,PINK CHERRY LIGHTS,-2,2010-05-10 16:03:00,6.75,17610.0,United Kingdom
C507655,21452,TOADSTOOL MONEY BOX,-2,2010-05-10 16:21:00,2.95,16286.0,United Kingdom
C507656,79323W,WHITE CHERRY LIGHTS,-13,2010-05-10 16:26:00,5.45,15144.0,United Kingdom
C507658,21463,MIRRORED DISCO BALL,-1,2010-05-10 16:36:00,5.95,14182.0,United Kingdom
C507658,22423,REGENCY CAKESTAND 3 TIER,-1,2010-05-10 16:36:00,12.75,14182.0,United Kingdom
C507663,22220,CAKE STAND LOVEBIRD 2 TIER WHITE,-4,2010-05-10 16:58:00,9.95,14430.0,United Kingdom
C507662,22220,CAKE STAND LOVEBIRD 2 TIER WHITE,-1,2010-05-10 16:58:00,9.95,13974.0,United Kingdom
507688,22423,REGENCY CAKESTAND 3 TIER,-32,2010-05-11 09:56:00,0.0,,United Kingdom
C507702,22357,KINGS CHOICE BISCUIT TIN,-1,2010-05-11 11:00:00,4.25,13974.0,United Kingdom
C507704,22352,LUNCH BOX WITH CUTLERY RETROSPOT,-1,2010-05-11 11:04:00,2.55,17377.0,United Kingdom
507708,22423,REGENCY CAKESTAND 3 TIER,-90,2010-05-11 11:18:00,0.0,,United Kingdom
507709,17033,"BROCADE PURSE,SMALL ARCH BUTTON",-2200,2010-05-11 11:20:00,0.0,,United Kingdom
C507725,21930,JUMBO STORAGE BAG SKULLS,-1,2010-05-11 12:03:00,1.95,14389.0,United Kingdom
C507725,85099B,JUMBO BAG RED RETROSPOT,-1,2010-05-11 12:03:00,1.95,14389.0,United Kingdom
C507795,79323LP,LIGHT PINK CHERRY LIGHTS,-3,2010-05-11 12:42:00,6.75,14530.0,United Kingdom
C507795,79323W,WHITE CHERRY LIGHTS,-4,2010-05-11 12:42:00,6.75,14530.0,United Kingdom
507856,72225D,VANILLA SCENT CAKE CANDLE,-966,2010-05-11 14:53:00,0.0,,United Kingdom
507871,21671,RED SPOT CERAMIC DRAWER KNOB,-144,2010-05-11 14:59:00,0.0,,United Kingdom
507873,20820,SILVER LOOKING MIRROR,-143,2010-05-11 14:59:00,0.0,,United Kingdom
507874,20821,GOLDIE LOOKING MIRROR,-194,2010-05-11 15:00:00,0.0,,United Kingdom
507876,47420,ASSORTED COLOUR SUCTION CUP HOOK,-1000,2010-05-11 15:01:00,0.0,,United Kingdom
C507892,47566,PARTY BUNTING,-1,2010-05-11 16:48:00,4.65,13267.0,United Kingdom
C507892,21684,SMALL MEDINA STAMPED METAL BOWL,-12,2010-05-11 16:48:00,0.85,13267.0,United Kingdom
507902,21181,PLEASE ONE PERSON METAL SIGN,-225,2010-05-11 17:08:00,0.0,,United Kingdom
507913,10120,DOGGY RUBBER,-9000,2010-05-11 17:16:00,0.0,,United Kingdom
C507919,71459,HANGING JAM JAR T-LIGHT HOLDER,-1,2010-05-12 09:28:00,0.85,16108.0,United Kingdom
C507919,22464,HANGING METAL HEART LANTERN,-2,2010-05-12 09:28:00,1.65,16108.0,United Kingdom
C507963,71459,HANGING JAM JAR T-LIGHT HOLDER,-2,2010-05-12 10:36:00,0.85,13117.0,United Kingdom
508018,85078,SCANDINAVIAN 3 HEARTS NAPKIN RING,-2300,2010-05-12 11:57:00,0.0,,United Kingdom
C508056,85135C,RED DRAGONFLY HELICOPTER,-1,2010-05-12 13:18:00,7.95,14527.0,United Kingdom
C508056,21843,RED RETROSPOT CAKE STAND,-1,2010-05-12 13:18:00,10.95,14527.0,United Kingdom
C508057,79323S,SILVER CHERRY LIGHTS,-4,2010-05-12 13:20:00,6.75,13979.0,United Kingdom
C508057,79323LP,LIGHT PINK CHERRY LIGHTS,-4,2010-05-12 13:20:00,6.75,13979.0,United Kingdom
C508076,79323W,WHITE CHERRY LIGHTS,-4,2010-05-12 16:05:00,6.75,17092.0,United Kingdom
C508091,21667,GLASS CAKE COVER AND PLATE,-1,2010-05-12 17:08:00,16.95,13980.0,United Kingdom
C508132,10002,INFLATABLE POLITICAL GLOBE,-400,2010-05-13 10:54:00,0.72,12931.0,United Kingdom
C508132,20829,GLITTER HANGING BUTTERFLY STRING,-200,2010-05-13 10:54:00,2.1,12931.0,United Kingdom
C508132,11001,ASSTD DESIGN RACING CAR PEN,-240,2010-05-13 10:54:00,1.27,12931.0,United Kingdom
C508132,22139,RETRO SPOT TEA SET CERAMIC 11 PC,-144,2010-05-13 10:54:00,4.25,12931.0,United Kingdom
C508132,20972,PINK CREAM FELT CRAFT TRINKET BOX,-500,2010-05-13 10:54:00,1.06,12931.0,United Kingdom
C508132,22150,3 STRIPEY MICE FELTCRAFT,-300,2010-05-13 10:54:00,1.65,12931.0,United Kingdom
C508132,21481,FAWN BLUE HOT WATER BOTTLE,-280,2010-05-13 10:54:00,2.55,12931.0,United Kingdom
C508132,21915,RED  HARMONICA IN BOX,-300,2010-05-13 10:54:00,1.06,12931.0,United Kingdom
C508132,21731,RED TOADSTOOL LED NIGHT LIGHT,-300,2010-05-13 10:54:00,1.45,12931.0,United Kingdom
C508132,20975,12 PENCILS SMALL TUBE RED SPOTTY,-500,2010-05-13 10:54:00,0.55,12931.0,United Kingdom
C508132,21791,VINTAGE HEADS AND TAILS CARD GAME,-400,2010-05-13 10:54:00,1.06,12931.0,United Kingdom
C508134,10002,INFLATABLE POLITICAL GLOBE,-400,2010-05-13 10:56:00,0.72,12931.0,United Kingdom
C508134,20829,GLITTER HANGING BUTTERFLY STRING,-200,2010-05-13 10:56:00,2.1,12931.0,United Kingdom
C508134,11001,ASSTD DESIGN RACING CAR PEN,-240,2010-05-13 10:56:00,1.27,12931.0,United Kingdom
C508134,22139,RETRO SPOT TEA SET CERAMIC 11 PC,-140,2010-05-13 10:56:00,4.25,12931.0,United Kingdom
C508134,20972,PINK CREAM FELT CRAFT TRINKET BOX,-500,2010-05-13 10:56:00,1.06,12931.0,United Kingdom
C508134,22150,3 STRIPEY MICE FELTCRAFT,-300,2010-05-13 10:56:00,1.65,12931.0,United Kingdom
C508134,21481,FAWN BLUE HOT WATER BOTTLE,-280,2010-05-13 10:56:00,2.55,12931.0,United Kingdom
C508134,21915,RED  HARMONICA IN BOX,-300,2010-05-13 10:56:00,1.06,12931.0,United Kingdom
C508134,21731,RED TOADSTOOL LED NIGHT LIGHT,-300,2010-05-13 10:56:00,1.45,12931.0,United Kingdom
C508134,20975,12 PENCILS SMALL TUBE RED SPOTTY,-500,2010-05-13 10:56:00,0.55,12931.0,United Kingdom
C508134,21791,VINTAGE HEADS AND TAILS CARD GAME,-400,2010-05-13 10:56:00,1.06,12931.0,United Kingdom
C508140,10002,INFLATABLE POLITICAL GLOBE,-200,2010-05-13 10:58:00,0.72,12931.0,United Kingdom
C508140,20829,GLITTER HANGING BUTTERFLY STRING,-100,2010-05-13 10:58:00,2.1,12931.0,United Kingdom
C508140,11001,ASSTD DESIGN RACING CAR PEN,-128,2010-05-13 10:58:00,1.69,12931.0,United Kingdom
C508140,22139,RETRO SPOT TEA SET CERAMIC 11 PC,-72,2010-05-13 10:58:00,4.25,12931.0,United Kingdom
C508140,20972,PINK CREAM FELT CRAFT TRINKET BOX,-250,2010-05-13 10:58:00,1.06,12931.0,United Kingdom
C508140,22150,3 STRIPEY MICE FELTCRAFT,-150,2010-05-13 10:58:00,1.65,12931.0,United Kingdom
C508140,21481,FAWN BLUE HOT WATER BOTTLE,-140,2010-05-13 10:58:00,2.55,12931.0,United Kingdom
C508140,21915,RED  HARMONICA IN BOX,-156,2010-05-13 10:58:00,1.25,12931.0,United Kingdom
C508140,21731,RED TOADSTOOL LED NIGHT LIGHT,-150,2010-05-13 10:58:00,1.45,12931.0,United Kingdom
C508140,20975,12 PENCILS SMALL TUBE RED SPOTTY,-250,2010-05-13 10:58:00,0.65,12931.0,United Kingdom
C508140,21791,VINTAGE HEADS AND TAILS CARD GAME,-200,2010-05-13 10:58:00,1.06,12931.0,United Kingdom
C508143,79323W,WHITE CHERRY LIGHTS,-3,2010-05-13 11:03:00,6.75,13021.0,United Kingdom
C508144,22067,CHOC TRUFFLE GOLD TRINKET POT,-1,2010-05-13 11:08:00,1.65,14714.0,United Kingdom
C508146,79323W,WHITE CHERRY LIGHTS,-14,2010-05-13 11:18:00,5.45,16550.0,United Kingdom
C508186,20728,LUNCH BAG CARS BLUE,-1,2010-05-13 12:52:00,1.45,17511.0,United Kingdom
C508186,84755,COLOUR GLASS T-LIGHT HOLDER HANGING,-1,2010-05-13 12:52:00,0.55,17511.0,United Kingdom
C508186,22423,REGENCY CAKESTAND 3 TIER,-1,2010-05-13 12:52:00,10.95,17511.0,United Kingdom
C508186,22382,LUNCH BAG SPACEBOY DESIGN,-1,2010-05-13 12:52:00,1.45,17511.0,United Kingdom
C508186,21928,JUMBO BAG SCANDINAVIAN PAISLEY,-1,2010-05-13 12:52:00,1.65,17511.0,United Kingdom
C508186,22385,JUMBO BAG SPACEBOY DESIGN,-1,2010-05-13 12:52:00,1.65,17511.0,United Kingdom
C508186,22303,COFFEE MUG APPLES DESIGN,-1,2010-05-13 12:52:00,2.1,17511.0,United Kingdom
C508186,21232,STRAWBERRY CERAMIC TRINKET BOX,-1,2010-05-13 12:52:00,1.06,17511.0,United Kingdom
C508186,37330,SPOTS MUG,-1,2010-05-13 12:52:00,1.65,17511.0,United Kingdom
C508186,21239,PINK  SPOTTY CUP,-1,2010-05-13 12:52:00,0.72,17511.0,United Kingdom
C508186,22138,BAKING SET 9 PIECE RETROSPOT,-1,2010-05-13 12:52:00,4.25,17511.0,United Kingdom
C508186,22467,GUMBALL COAT RACK,-3,2010-05-13 12:52:00,2.1,17511.0,United Kingdom
C508186,22356,"CHARLOTTE BAG , PINK/WHITE SPOTS",-1,2010-05-13 12:52:00,0.72,17511.0,United Kingdom
C508186,21217,RED SPOTTY ROUND CAKE TINS,-1,2010-05-13 12:52:00,8.95,17511.0,United Kingdom
C508186,85065,CREAM SWEETHEART TRAYS,-1,2010-05-13 12:52:00,9.95,17511.0,United Kingdom
C508216,22618,COOKING SET RETROSPOT,-4,2010-05-13 14:56:00,9.95,13735.0,United Kingdom
C508216,22483,RED GINGHAM TEDDY BEAR,-6,2010-05-13 14:56:00,2.95,13735.0,United Kingdom
C508216,22423,REGENCY CAKESTAND 3 TIER,-1,2010-05-13 14:56:00,12.75,13735.0,United Kingdom
C508216,22138,BAKING SET 9 PIECE RETROSPOT,-7,2010-05-13 14:56:00,4.95,13735.0,United Kingdom
C508216,22617,BAKING SET SPACEBOY DESIGN,-4,2010-05-13 14:56:00,4.95,13735.0,United Kingdom
C508216,21892,TRADITIONAL WOODEN CATCH CUP GAME,-6,2010-05-13 14:56:00,1.25,13735.0,United Kingdom
C508227,35004C,SET OF 3 COLOURED  FLYING DUCKS,-1,2010-05-13 16:24:00,5.45,15805.0,United Kingdom
C508227,22191,EAU DE NIL DINER WALL CLOCK,-1,2010-05-13 16:24:00,8.5,15805.0,United Kingdom
C508227,79323W,WHITE CHERRY LIGHTS,-1,2010-05-13 16:24:00,6.75,15805.0,United Kingdom
508229,47566B,TEA TIME PARTY BUNTING,-480,2010-05-13 17:18:00,0.0,,United Kingdom
C508231,85227,SET OF 6 3D KIT CARDS FOR KIDS,-5,2010-05-13 17:28:00,0.85,16092.0,United Kingdom
C508233,21713,CITRONELLA CANDLE FLOWERPOT,-2,2010-05-13 17:32:00,2.1,15664.0,United Kingdom
C508236,22617,BAKING SET SPACEBOY DESIGN,-3,2010-05-13 19:26:00,4.95,12567.0,France
C508236,22138,BAKING SET 9 PIECE RETROSPOT,-3,2010-05-13 19:26:00,4.95,12567.0,France
C508238,22177,5 HOOK BLACKBOARD ORGANISER,-1,2010-05-13 19:28:00,9.95,14493.0,United Kingdom
C508238,22423,REGENCY CAKESTAND 3 TIER,-3,2010-05-13 19:28:00,12.75,14493.0,United Kingdom
C508239,22139,RETRO SPOT TEA SET CERAMIC 11 PC,-6,2010-05-13 19:51:00,4.95,16092.0,United Kingdom
C508240,84762A,WHITE PICNIC BARBECUE BUCKET,-1,2010-05-13 19:53:00,10.75,14329.0,United Kingdom
C508240,22138,BAKING SET 9 PIECE RETROSPOT,-3,2010-05-13 19:53:00,4.95,14329.0,United Kingdom
C508240,22220,CAKE STAND LOVEBIRD 2 TIER WHITE,-2,2010-05-13 19:53:00,9.95,14329.0,United Kingdom
C508241,85232B,SET/3 RUSSIAN DOLL STACKING TINS,-3,2010-05-13 19:55:00,4.95,12839.0,United Kingdom
C508242,82607A,GLASS BONBON JAR PARFUME AUX FLEURE,-3,2010-05-13 19:59:00,1.25,13842.0,United Kingdom
C508242,22361,GLASS JAR DAISY FRESH COTTON WOOL,-2,2010-05-13 19:59:00,2.95,13842.0,United Kingdom
C508242,22169,FAMILY ALBUM WHITE PICTURE FRAME,-2,2010-05-13 19:59:00,7.65,13842.0,United Kingdom
C508243,21535,RED RETROSPOT SMALL MILK JUG,-1,2010-05-13 19:59:00,2.55,13856.0,United Kingdom
C508243,21527,RED RETROSPOT TRADITIONAL TEAPOT,-2,2010-05-13 19:59:00,7.95,13856.0,United Kingdom
C508243,22423,REGENCY CAKESTAND 3 TIER,-2,2010-05-13 19:59:00,12.75,13856.0,United Kingdom
C508244,21232,STRAWBERRY CERAMIC TRINKET BOX,-1,2010-05-13 20:00:00,1.25,12997.0,United Kingdom
C508246,22061,LARGE CAKE STAND  HANGING STRAWBERY,-1,2010-05-14 09:33:00,9.95,16118.0,United Kingdom
C508246,22138,BAKING SET 9 PIECE RETROSPOT,-24,2010-05-14 09:33:00,4.25,16118.0,United Kingdom
C508250,22178,VICTORIAN GLASS HANGING T-LIGHT,-3,2010-05-14 10:28:00,1.25,15218.0,United Kingdom
C508250,75049L,LARGE CIRCULAR MIRROR MOBILE,-6,2010-05-14 10:28:00,0.85,15218.0,United Kingdom
C508250,22377,BOTTLE BAG RETROSPOT,-10,2010-05-14 10:28:00,2.1,15218.0,United Kingdom
C508275,22325,MOBILE VINTAGE HEARTS,-2,2010-05-14 11:04:00,4.95,13711.0,United Kingdom
C508287,POST,POSTAGE,-1,2010-05-14 11:08:00,2.36,13655.0,United Kingdom
C508287,47559B,TEA TIME OVEN GLOVE,-10,2010-05-14 11:08:00,1.25,13655.0,United Kingdom
C508293,POST,POSTAGE,-1,2010-05-14 11:09:00,2.0,14110.0,United Kingdom
C508293,22553,PLASTERS IN TIN SKULLS,-9,2010-05-14 11:09:00,1.65,14110.0,United Kingdom
C508302,21068,VINTAGE BILLBOARD LOVE/HATE MUG,-2,2010-05-14 11:11:00,1.25,17612.0,United Kingdom
C508307,47505,MINATURE COLOURED GARDENING SET,-1,2010-05-14 11:12:00,4.95,13178.0,United Kingdom
C508307,21750,LARGE SKULL WINDMILL,-1,2010-05-14 11:12:00,2.1,13178.0,United Kingdom
C508307,84678,CLASSICAL ROSE SMALL VASE,-6,2010-05-14 11:12:00,2.55,13178.0,United Kingdom
C508326,22197,SMALL POPCORN HOLDER,-2,2010-05-14 11:34:00,0.85,12839.0,United Kingdom
C508326,22198,LARGE POPCORN HOLDER,-3,2010-05-14 11:34:00,1.65,12839.0,United Kingdom
C508325,84692,BOX OF 24 COCKTAIL PARASOLS,-50,2010-05-14 11:34:00,0.42,12481.0,Germany
C508325,22411,JUMBO SHOPPER VINTAGE RED PAISLEY,-50,2010-05-14 11:34:00,1.95,12481.0,Germany
C508334,47587A,PINK FAIRY CAKE COASTER,-1200,2010-05-14 12:04:00,0.72,13694.0,United Kingdom
C508340,84899E,YELLOW + BROWN BEAR FELT PURSE KIT,-1,2010-05-14 12:18:00,1.25,12621.0,Germany
C508340,22423,REGENCY CAKESTAND 3 TIER,-1,2010-05-14 12:18:00,12.75,12621.0,Germany
C508340,22303,COFFEE MUG APPLES DESIGN,-3,2010-05-14 12:18:00,2.55,12621.0,Germany
C508343,75049L,LARGE CIRCULAR MIRROR MOBILE,-69,2010-05-14 12:20:00,0.85,14195.0,United Kingdom
C508347,21843,RED RETROSPOT CAKE STAND,-1,2010-05-14 12:21:00,10.95,13576.0,United Kingdom
C508347,35967,FOLK ART METAL STAR T-LIGHT HOLDER,-1,2010-05-14 12:21:00,0.38,13576.0,United Kingdom
508350,35816B,"ACRYLIC JEWEL ANGEL,BLUE",-17,2010-05-14 12:26:00,0.0,,United Kingdom
C508354,22423,REGENCY CAKESTAND 3 TIER,-7,2010-05-14 12:35:00,10.95,18260.0,United Kingdom
C508355,22423,REGENCY CAKESTAND 3 TIER,-1,2010-05-14 12:42:00,12.75,13319.0,United Kingdom
C508355,84797B,BLUE SAVANNAH PICNIC HAMPER FOR 4,-2,2010-05-14 12:42:00,16.95,13319.0,United Kingdom
C508358,22488,NATURAL SLATE RECTANGLE CHALKBOARD,-3,2010-05-14 12:45:00,1.65,12523.0,France
C508358,22364,GLASS JAR DIGESTIVE BISCUITS,-2,2010-05-14 12:45:00,2.95,12523.0,France
C508365,21781,MA CAMPAGNE CUTLERY BOX,-1,2010-05-14 13:16:00,14.95,13830.0,United Kingdom
C508365,21754,HOME BUILDING BLOCK WORD,-1,2010-05-14 13:16:00,5.95,13830.0,United Kingdom
C508367,22245,"HOOK, 1 HANGER ,MAGIC GARDEN",-1,2010-05-14 13:19:00,0.85,12472.0,Germany
C508367,22242,"HOOK, 5 HANGER , MAGIC TOADSTOOL",-1,2010-05-14 13:19:00,1.65,12472.0,Germany
C508367,22243,"HOOK, 5 HANGER ,MAGIC TOADSTOOL RED",-8,2010-05-14 13:19:00,1.65,12472.0,Germany
C508367,22467,GUMBALL COAT RACK,-4,2010-05-14 13:19:00,2.55,12472.0,Germany
C508368,22508,DOORSTOP RETROSPOT HEART,-1,2010-05-14 13:25:00,3.75,16145.0,United Kingdom
C508368,84625C,BLUE NEW BAROQUE CANDLESTICK CANDLE,-3,2010-05-14 13:25:00,2.95,16145.0,United Kingdom
C508368,21068,VINTAGE BILLBOARD LOVE/HATE MUG,-1,2010-05-14 13:25:00,1.25,16145.0,United Kingdom
C508370,21363,HOME SMALL WOOD LETTERS,-2,2010-05-14 13:25:00,4.95,13400.0,United Kingdom
C508371,71459,HANGING JAM JAR T-LIGHT HOLDER,-12,2010-05-14 13:29:00,0.85,17069.0,United Kingdom
C508372,84688,BEACH HUT DESIGN BLACKBOARD,-3,2010-05-14 13:39:00,1.65,15260.0,United Kingdom
C508373,20727,LUNCH BAG  BLACK SKULL.,-5,2010-05-14 13:42:00,1.45,17552.0,United Kingdom
C508373,20783,HEART EAR MUFF HEADPHONES,-1,2010-05-14 13:42:00,4.65,17552.0,United Kingdom
C508375,21535,RED RETROSPOT SMALL MILK JUG,-2,2010-05-14 13:44:00,2.55,13510.0,United Kingdom
C508375,22464,HANGING METAL HEART LANTERN,-2,2010-05-14 13:44:00,1.65,13510.0,United Kingdom
C508375,21534,DAIRY MAID LARGE MILK JUG,-1,2010-05-14 13:44:00,4.95,13510.0,United Kingdom
C508375,20724,RED SPOTTY CHARLOTTE BAG,-2,2010-05-14 13:44:00,0.85,13510.0,United Kingdom
C508375,21232,STRAWBERRY CERAMIC TRINKET BOX,-1,2010-05-14 13:44:00,1.25,13510.0,United Kingdom
C508376,22198,LARGE POPCORN HOLDER,-3,2010-05-14 13:46:00,1.65,14156.0,EIRE
C508376,37449,CERAMIC CAKE STAND + HANGING CAKES,-1,2010-05-14 13:46:00,8.5,14156.0,EIRE
C508377,75049L,LARGE CIRCULAR MIRROR MOBILE,-7,2010-05-14 13:46:00,1.25,13183.0,United Kingdom
C508384,47590A,BLUE HAPPY BIRTHDAY BUNTING,-3,2010-05-14 14:18:00,5.45,13634.0,United Kingdom
C508384,47590B,PINK HAPPY BIRTHDAY BUNTING,-3,2010-05-14 14:18:00,5.45,13634.0,United Kingdom
C508384,47566B,TEA TIME PARTY BUNTING,-6,2010-05-14 14:18:00,4.65,13634.0,United Kingdom
C508384,48138,DOOR MAT UNION FLAG,-5,2010-05-14 14:18:00,7.49,13634.0,United Kingdom
C508384,48173C,DOOR MAT BLACK FLOCK,-2,2010-05-14 14:18:00,7.49,13634.0,United Kingdom
C508384,82483,WOOD 2 DRAWER CABINET WHITE FINISH,-2,2010-05-14 14:18:00,5.95,13634.0,United Kingdom
C508384,82486,WOOD S/3 CABINET ANT WHITE FINISH,-2,2010-05-14 14:18:00,7.95,13634.0,United Kingdom
C508384,20685,DOOR MAT RED SPOT,-2,2010-05-14 14:18:00,7.49,13634.0,United Kingdom
C508384,48184,DOOR MAT ENGLISH ROSE,-3,2010-05-14 14:18:00,7.49,13634.0,United Kingdom
C508384,48194,DOORMAT HEARTS,-3,2010-05-14 14:18:00,7.49,13634.0,United Kingdom
C508384,85232B,SET/3 RUSSIAN DOLL STACKING TINS,-6,2010-05-14 14:18:00,4.95,13634.0,United Kingdom
C508384,72741,GRAND CHOCOLATECANDLE,-9,2010-05-14 14:18:00,1.45,13634.0,United Kingdom
C508384,85049G,CHOCOLATE BOX RIBBONS,-3,2010-05-14 14:18:00,1.25,13634.0,United Kingdom
C508384,20711,JUMBO BAG TOYS,-4,2010-05-14 14:18:00,1.95,13634.0,United Kingdom
C508384,20713,JUMBO BAG OWLS,-4,2010-05-14 14:18:00,1.95,13634.0,United Kingdom
C508384,22423,REGENCY CAKESTAND 3 TIER,-2,2010-05-14 14:18:00,12.75,13634.0,United Kingdom
C508384,85099F,JUMBO BAG STRAWBERRY,-10,2010-05-14 14:18:00,1.95,13634.0,United Kingdom
C508384,21931,JUMBO STORAGE BAG SUKI,-10,2010-05-14 14:18:00,1.95,13634.0,United Kingdom
C508384,22411,JUMBO SHOPPER VINTAGE RED PAISLEY,-10,2010-05-14 14:18:00,1.95,13634.0,United Kingdom
C508384,22386,JUMBO BAG PINK WITH WHITE SPOTS,-10,2010-05-14 14:18:00,1.95,13634.0,United Kingdom
C508384,85099C,JUMBO  BAG BAROQUE BLACK WHITE,-10,2010-05-14 14:18:00,1.95,13634.0,United Kingdom
C508384,85099B,JUMBO BAG RED RETROSPOT,-10,2010-05-14 14:18:00,1.95,13634.0,United Kingdom
C508384,22188,BLACK HEART CARD HOLDER,-3,2010-05-14 14:18:00,3.95,13634.0,United Kingdom
C508384,22189,CREAM HEART CARD HOLDER,-4,2010-05-14 14:18:00,3.95,13634.0,United Kingdom
C508384,21621,VINTAGE UNION JACK BUNTING,-6,2010-05-14 14:18:00,8.5,13634.0,United Kingdom
C508384,84879,ASSORTED COLOUR BIRD ORNAMENT,-16,2010-05-14 14:18:00,1.69,13634.0,United Kingdom
C508384,47566,PARTY BUNTING,-6,2010-05-14 14:18:00,4.65,13634.0,United Kingdom
C508384,48187,DOOR MAT NEW ENGLAND,-2,2010-05-14 14:18:00,7.49,13634.0,United Kingdom
C508385,21868,POTTING SHED TEA MUG,-1,2010-05-14 14:19:00,1.25,16124.0,United Kingdom
C508386,22195,LARGE HEART MEASURING SPOONS,-1,2010-05-14 14:23:00,1.65,14831.0,United Kingdom
C508386,21527,RED RETROSPOT TRADITIONAL TEAPOT,-1,2010-05-14 14:23:00,7.95,14831.0,United Kingdom
C508386,21531,RED RETROSPOT SUGAR JAM BOWL,-1,2010-05-14 14:23:00,2.55,14831.0,United Kingdom
C508387,22467,GUMBALL COAT RACK,-3,2010-05-14 14:24:00,2.55,17677.0,United Kingdom
C508388,22383,LUNCH BAG SUKI  DESIGN,-20,2010-05-14 14:25:00,1.45,13093.0,United Kingdom
C508391,85042,ANTIQUE LILY FAIRY LIGHTS,-6,2010-05-14 14:43:00,4.25,13317.0,United Kingdom
C508392,79323W,WHITE CHERRY LIGHTS,-4,2010-05-14 14:45:00,6.75,13050.0,United Kingdom
C508392,79323LP,LIGHT PINK CHERRY LIGHTS,-5,2010-05-14 14:45:00,6.75,13050.0,United Kingdom
C508394,21463,MIRRORED DISCO BALL,-1,2010-05-14 14:46:00,5.95,14175.0,United Kingdom
C508394,21174,POTTERING IN THE SHED METAL SIGN,-1,2010-05-14 14:46:00,1.95,14175.0,United Kingdom
C508394,22283,6 EGG HOUSE PAINTED WOOD,-1,2010-05-14 14:46:00,7.95,14175.0,United Kingdom
C508394,21462,"NURSERY A,B,C PAINTED LETTERS",-1,2010-05-14 14:46:00,6.75,14175.0,United Kingdom
C508399,79341,WILLOW BRANCH LIGHTS.,-8,2010-05-14 15:31:00,5.45,17511.0,United Kingdom
C508399,79323W,WHITE CHERRY LIGHTS,-5,2010-05-14 15:31:00,5.45,17511.0,United Kingdom
C508399,79323P,PINK CHERRY LIGHTS,-34,2010-05-14 15:31:00,5.45,17511.0,United Kingdom
C508400,79323GR,GREEN CHERRY LIGHTS,-2,2010-05-14 15:37:00,5.45,16067.0,United Kingdom
C508400,79323P,PINK CHERRY LIGHTS,-10,2010-05-14 15:37:00,5.45,16067.0,United Kingdom
C508400,79323LP,LIGHT PINK CHERRY LIGHTS,-9,2010-05-14 15:37:00,5.45,16067.0,United Kingdom
C508400,79323W,WHITE CHERRY LIGHTS,-10,2010-05-14 15:37:00,5.45,16067.0,United Kingdom
C508404,79323W,WHITE CHERRY LIGHTS,-19,2010-05-14 15:42:00,5.45,13162.0,United Kingdom
C508405,22650,CERAMIC PIRATE CHEST MONEY BANK,-1,2010-05-14 15:42:00,1.45,12748.0,United Kingdom
C508405,22649,STRAWBERRY FAIRY CAKE TEAPOT,-1,2010-05-14 15:42:00,4.95,12748.0,United Kingdom
C508405,22647,CERAMIC LOVE HEART MONEY BANK,-1,2010-05-14 15:42:00,1.45,12748.0,United Kingdom
C508405,22646,CERAMIC STRAWBERRY CAKE MONEY BANK,-1,2010-05-14 15:42:00,1.45,12748.0,United Kingdom
C508405,22645,CERAMIC HEART FAIRY CAKE MONEY BANK,-1,2010-05-14 15:42:00,1.45,12748.0,United Kingdom
C508405,22644,CERAMIC CHERRY CAKE MONEY BANK,-1,2010-05-14 15:42:00,1.45,12748.0,United Kingdom
C508406,22109,FULL ENGLISH BREAKFAST PLATE,-4,2010-05-14 15:50:00,3.75,13417.0,United Kingdom
C508406,22107,PIZZA PLATE IN BOX,-4,2010-05-14 15:50:00,3.75,13417.0,United Kingdom
C508406,22108,PING! MICROWAVE PLATE,-4,2010-05-14 15:50:00,3.75,13417.0,United Kingdom
C508406,22301,COFFEE MUG CAT + BIRD DESIGN,-6,2010-05-14 15:50:00,2.55,13417.0,United Kingdom
C508406,22300,COFFEE MUG DOG + BALL DESIGN,-6,2010-05-14 15:50:00,2.55,13417.0,United Kingdom
C508410,79323G,GOLD  CHERRY LIGHTS,-10,2010-05-14 16:02:00,4.65,15485.0,United Kingdom
C508410,79323B,BLACK CHERRY LIGHTS,-10,2010-05-14 16:02:00,4.65,15485.0,United Kingdom
C508410,79323P,PINK CHERRY LIGHTS,-4,2010-05-14 16:02:00,6.75,15485.0,United Kingdom
C508410,79323W,WHITE CHERRY LIGHTS,-4,2010-05-14 16:02:00,6.75,15485.0,United Kingdom
C508411,79323P,PINK CHERRY LIGHTS,-5,2010-05-14 16:07:00,6.75,16166.0,United Kingdom
C508411,79323W,WHITE CHERRY LIGHTS,-4,2010-05-14 16:07:00,6.75,16166.0,United Kingdom
C508414,79323P,PINK CHERRY LIGHTS,-2,2010-05-14 16:10:00,6.75,13081.0,United Kingdom
C508414,79323W,WHITE CHERRY LIGHTS,-7,2010-05-14 16:10:00,6.75,13081.0,United Kingdom
C508421,79323B,BLACK CHERRY LIGHTS,-2,2010-05-14 16:14:00,4.65,13799.0,United Kingdom
C508421,79341,WILLOW BRANCH LIGHTS.,-28,2010-05-14 16:14:00,5.45,13799.0,United Kingdom
C508421,79323W,WHITE CHERRY LIGHTS,-22,2010-05-14 16:14:00,6.75,13799.0,United Kingdom
C508421,79323P,PINK CHERRY LIGHTS,-32,2010-05-14 16:14:00,5.45,13799.0,United Kingdom
C508421,79323GR,GREEN CHERRY LIGHTS,-24,2010-05-14 16:14:00,5.45,13799.0,United Kingdom
C508432,79323G,GOLD  CHERRY LIGHTS,-4,2010-05-14 16:22:00,5.95,16166.0,United Kingdom
C508432,79323GR,GREEN CHERRY LIGHTS,-4,2010-05-14 16:22:00,5.95,16166.0,United Kingdom
C508450,79323W,WHITE CHERRY LIGHTS,-7,2010-05-14 16:31:00,6.75,14051.0,United Kingdom
C508450,79323LP,LIGHT PINK CHERRY LIGHTS,-15,2010-05-14 16:31:00,5.45,14051.0,United Kingdom
C508450,79323W,WHITE CHERRY LIGHTS,-10,2010-05-14 16:31:00,5.45,14051.0,United Kingdom
C508452,79323W,WHITE CHERRY LIGHTS,-22,2010-05-14 16:33:00,5.45,13799.0,United Kingdom
C508454,79323W,WHITE CHERRY LIGHTS,-14,2010-05-14 16:37:00,5.45,13078.0,United Kingdom
C508455,79341,WILLOW BRANCH LIGHTS.,-312,2010-05-14 16:38:00,5.45,16077.0,United Kingdom
C508456,79341,WILLOW BRANCH LIGHTS.,-2,2010-05-14 16:41:00,6.75,14896.0,United Kingdom
C508456,79323B,BLACK CHERRY LIGHTS,-3,2010-05-14 16:41:00,6.75,14896.0,United Kingdom
C508456,79323GR,GREEN CHERRY LIGHTS,-2,2010-05-14 16:41:00,6.75,14896.0,United Kingdom
C508456,79323S,SILVER CHERRY LIGHTS,-3,2010-05-14 16:41:00,6.75,14896.0,United Kingdom
C508456,79323S,SILVER CHERRY LIGHTS,-3,2010-05-14 16:41:00,6.75,14896.0,United Kingdom
C508456,79323G,GOLD  CHERRY LIGHTS,-1,2010-05-14 16:41:00,6.75,14896.0,United Kingdom
C508456,79323P,PINK CHERRY LIGHTS,-2,2010-05-14 16:41:00,6.75,14896.0,United Kingdom
C508458,79323P,PINK CHERRY LIGHTS,-51,2010-05-14 17:15:00,5.45,15270.0,United Kingdom
C508458,79323W,WHITE CHERRY LIGHTS,-51,2010-05-14 17:15:00,5.45,15270.0,United Kingdom
C508459,79323G,GOLD  CHERRY LIGHTS,-9,2010-05-14 17:23:00,5.45,12989.0,United Kingdom
C508459,79323P,PINK CHERRY LIGHTS,-13,2010-05-14 17:23:00,5.45,12989.0,United Kingdom
C508459,79323W,WHITE CHERRY LIGHTS,-49,2010-05-14 17:23:00,5.45,12989.0,United Kingdom
C508476,79323P,PINK CHERRY LIGHTS,-1,2010-05-16 12:09:00,5.45,14970.0,United Kingdom
C508476,79323G,GOLD  CHERRY LIGHTS,-25,2010-05-16 12:09:00,5.45,14970.0,United Kingdom
C508478,37449,CERAMIC CAKE STAND + HANGING CAKES,-2,2010-05-16 12:15:00,8.5,17582.0,United Kingdom
C508499,22064,PINK DOUGHNUT TRINKET POT,-2,2010-05-16 15:21:00,1.45,13798.0,United Kingdom
C508499,20676,RED SPOTTY BOWL,-1,2010-05-16 15:21:00,1.06,13798.0,United Kingdom
C508499,21843,RED RETROSPOT CAKE STAND,-3,2010-05-16 15:21:00,9.95,13798.0,United Kingdom
C508499,20914,SET/5 RED SPOTTY LID GLASS BOWLS,-4,2010-05-16 15:21:00,2.55,13798.0,United Kingdom
C508499,37449,CERAMIC CAKE STAND + HANGING CAKES,-7,2010-05-16 15:21:00,8.5,13798.0,United Kingdom
C508499,37503,TEA TIME CAKE STAND IN GIFT BOX,-1,2010-05-16 15:21:00,9.95,13798.0,United Kingdom
C508499,21231,SWEETHEART CERAMIC TRINKET BOX,-7,2010-05-16 15:21:00,1.06,13798.0,United Kingdom
C508499,21232,STRAWBERRY CERAMIC TRINKET BOX,-3,2010-05-16 15:21:00,1.06,13798.0,United Kingdom
C508499,21936,RED RETROSPOT PICNIC BAG,-5,2010-05-16 15:21:00,2.55,13798.0,United Kingdom
C508499,85099B,JUMBO BAG RED RETROSPOT,-2,2010-05-16 15:21:00,1.65,13798.0,United Kingdom
C508499,20724,RED SPOTTY CHARLOTTE BAG,-3,2010-05-16 15:21:00,0.72,13798.0,United Kingdom
C508499,20725,LUNCH BAG RED SPOTTY,-1,2010-05-16 15:21:00,1.45,13798.0,United Kingdom
C508499,85152,HAND OVER THE CHOCOLATE   SIGN,-1,2010-05-16 15:21:00,1.69,13798.0,United Kingdom
C508499,21175,GIN + TONIC DIET METAL SIGN,-1,2010-05-16 15:21:00,1.85,13798.0,United Kingdom
C508499,21181,PLEASE ONE PERSON METAL SIGN,-2,2010-05-16 15:21:00,1.85,13798.0,United Kingdom
C508499,84991,60 TEATIME FAIRY CAKE CASES,-1,2010-05-16 15:21:00,0.42,13798.0,United Kingdom
C508499,35924,HANGING FAIRY CAKE DECORATION,-7,2010-05-16 15:21:00,1.69,13798.0,United Kingdom
C508499,37446,MINI CAKE STAND WITH HANGING CAKES,-6,2010-05-16 15:21:00,1.25,13798.0,United Kingdom
C508499,37450,CERAMIC CAKE BOWL + HANGING CAKES,-2,2010-05-16 15:21:00,2.55,13798.0,United Kingdom
C508499,82583,HOT BATHS METAL SIGN,-7,2010-05-16 15:21:00,1.69,13798.0,United Kingdom
C508526,22158,3 HEARTS HANGING DECORATION RUSTIC,-36,2010-05-17 10:43:00,2.95,13089.0,United Kingdom
508528,21749,LARGE RED RETROSPOT WINDMILL,-235,2010-05-17 11:07:00,0.0,,United Kingdom
C508584,21333,CLASSIC WHITE FRAME,-2,2010-05-17 11:57:00,2.95,13148.0,United Kingdom
C508584,85164B,BLACK BAROQUE CUCKOO CLOCK,-1,2010-05-17 11:57:00,12.75,13148.0,United Kingdom
C508591,21735,TWO DOOR CURIO CABINET,-1,2010-05-17 12:01:00,10.95,17389.0,United Kingdom
C508609,22409,MONEY BOX BISCUITS DESIGN,-1,2010-05-17 12:45:00,1.25,13831.0,United Kingdom
C508609,21429,RED GINGHAM ROSE JEWELLERY BOX,-1,2010-05-17 12:45:00,1.65,13831.0,United Kingdom
C508613,84279B,CHERRY BLOSSOM DECORATIVE FLASK,-2,2010-05-17 13:12:00,3.75,16094.0,United Kingdom
C508617,22409,MONEY BOX BISCUITS DESIGN,-1,2010-05-17 13:29:00,1.25,16918.0,United Kingdom
C508617,21429,RED GINGHAM ROSE JEWELLERY BOX,-1,2010-05-17 13:29:00,1.65,16918.0,United Kingdom
C508618,21735,TWO DOOR CURIO CABINET,-2,2010-05-17 13:39:00,12.75,13758.0,United Kingdom
C508619,84949,SILVER HANGING T-LIGHT HOLDER,-6,2010-05-17 13:42:00,1.65,13295.0,United Kingdom
C508630,85063,CREAM SWEETHEART MAGAZINE RACK,-1,2010-05-17 14:27:00,16.95,14678.0,United Kingdom
C508632,22138,BAKING SET 9 PIECE RETROSPOT,-3,2010-05-17 14:30:00,4.95,15240.0,United Kingdom
C508633,84077,WORLD WAR 2 GLIDERS ASSTD DESIGNS,-48,2010-05-17 14:34:00,0.21,13585.0,United Kingdom
C508634,22409,MONEY BOX BISCUITS DESIGN,-2,2010-05-17 14:35:00,1.25,13450.0,United Kingdom
C508639,85099F,JUMBO BAG STRAWBERRY,-3,2010-05-17 15:13:00,1.95,14655.0,United Kingdom
C508639,85099B,JUMBO BAG RED RETROSPOT,-3,2010-05-17 15:13:00,1.65,14655.0,United Kingdom
C508639,21928,JUMBO BAG SCANDINAVIAN PAISLEY,-4,2010-05-17 15:13:00,1.95,14655.0,United Kingdom
C508659,22138,BAKING SET 9 PIECE RETROSPOT,-2,2010-05-17 16:17:00,4.95,13425.0,United Kingdom
C508661,M,Manual,-10,2010-05-17 16:23:00,3.95,13564.0,United Kingdom
C508661,M,Manual,-4,2010-05-17 16:23:00,7.94,13564.0,United Kingdom
C508677,79323S,SILVER CHERRY LIGHTS,-5,2010-05-17 16:39:00,6.75,15805.0,United Kingdom
C508677,79323G,GOLD  CHERRY LIGHTS,-6,2010-05-17 16:39:00,6.75,15805.0,United Kingdom
C508677,79341,WILLOW BRANCH LIGHTS.,-5,2010-05-17 16:39:00,6.75,15805.0,United Kingdom
C508677,79323GR,GREEN CHERRY LIGHTS,-3,2010-05-17 16:39:00,6.75,15805.0,United Kingdom
C508677,79323B,BLACK CHERRY LIGHTS,-9,2010-05-17 16:39:00,4.95,15805.0,United Kingdom
C508677,79323LP,LIGHT PINK CHERRY LIGHTS,-5,2010-05-17 16:39:00,6.75,15805.0,United Kingdom
C508677,79323P,PINK CHERRY LIGHTS,-5,2010-05-17 16:39:00,6.75,15805.0,United Kingdom
C508677,79323W,WHITE CHERRY LIGHTS,-5,2010-05-17 16:39:00,6.75,15805.0,United Kingdom
C508681,22423,REGENCY CAKESTAND 3 TIER,-1,2010-05-17 16:42:00,10.95,18064.0,United Kingdom
C508684,79342B,BROWN FLOWER LIGHTS,-4,2010-05-17 16:48:00,6.75,13668.0,United Kingdom
C508684,79341,WILLOW BRANCH LIGHTS.,-4,2010-05-17 16:48:00,6.75,13668.0,United Kingdom
C508684,79323B,BLACK CHERRY LIGHTS,-4,2010-05-17 16:48:00,6.75,13668.0,United Kingdom
C508684,79323P,PINK CHERRY LIGHTS,-2,2010-05-17 16:48:00,6.75,13668.0,United Kingdom
C508684,79323W,WHITE CHERRY LIGHTS,-5,2010-05-17 16:48:00,6.75,13668.0,United Kingdom
C508687,79323W,WHITE CHERRY LIGHTS,-22,2010-05-17 16:54:00,5.45,17677.0,United Kingdom
C508695,79323P,PINK CHERRY LIGHTS,-7,2010-05-17 17:01:00,6.75,13327.0,United Kingdom
C508695,79323B,BLACK CHERRY LIGHTS,-4,2010-05-17 17:01:00,6.75,13327.0,United Kingdom
C508695,79323W,WHITE CHERRY LIGHTS,-8,2010-05-17 17:01:00,6.75,13327.0,United Kingdom
C508698,79341,WILLOW BRANCH LIGHTS.,-6,2010-05-17 17:04:00,5.45,13905.0,United Kingdom
C508707,M,Manual,-6,2010-05-17 17:12:00,5.95,14430.0,United Kingdom
C508707,79323P,PINK CHERRY LIGHTS,-12,2010-05-17 17:12:00,6.75,14430.0,United Kingdom
C508707,79323LP,LIGHT PINK CHERRY LIGHTS,-6,2010-05-17 17:12:00,6.75,14430.0,United Kingdom
C508707,79323W,WHITE CHERRY LIGHTS,-10,2010-05-17 17:12:00,6.75,14430.0,United Kingdom
C508718,79323B,BLACK CHERRY LIGHTS,-4,2010-05-17 17:21:00,6.75,13478.0,United Kingdom
C508718,79323GR,GREEN CHERRY LIGHTS,-4,2010-05-17 17:21:00,6.75,13478.0,United Kingdom
C508718,79323LP,LIGHT PINK CHERRY LIGHTS,-4,2010-05-17 17:21:00,6.75,13478.0,United Kingdom
C508718,79323P,PINK CHERRY LIGHTS,-4,2010-05-17 17:21:00,6.75,13478.0,United Kingdom
C508718,79323W,WHITE CHERRY LIGHTS,-4,2010-05-17 17:21:00,6.75,13478.0,United Kingdom
C508724,79323LP,LIGHT PINK CHERRY LIGHTS,-28,2010-05-18 09:29:00,5.45,15125.0,United Kingdom
C508724,79323P,PINK CHERRY LIGHTS,-5,2010-05-18 09:29:00,4.65,15125.0,United Kingdom
C508724,79323GR,GREEN CHERRY LIGHTS,-24,2010-05-18 09:29:00,5.45,15125.0,United Kingdom
C508724,79323W,WHITE CHERRY LIGHTS,-24,2010-05-18 09:29:00,5.45,15125.0,United Kingdom
C508725,79341,WILLOW BRANCH LIGHTS.,-2,2010-05-18 09:33:00,6.75,13000.0,United Kingdom
C508725,79323G,GOLD  CHERRY LIGHTS,-4,2010-05-18 09:33:00,6.75,13000.0,United Kingdom
C508725,79323W,WHITE CHERRY LIGHTS,-4,2010-05-18 09:33:00,6.75,13000.0,United Kingdom
C508726,79323W,WHITE CHERRY LIGHTS,-24,2010-05-18 09:43:00,5.45,15527.0,United Kingdom
C508727,79323LP,LIGHT PINK CHERRY LIGHTS,-19,2010-05-18 09:52:00,5.45,17617.0,United Kingdom
C508727,79323W,WHITE CHERRY LIGHTS,-10,2010-05-18 09:52:00,5.45,17617.0,United Kingdom
C508729,79323W,WHITE CHERRY LIGHTS,-16,2010-05-18 10:00:00,6.75,16719.0,United Kingdom
C508737,22180,RETRO SPOT LAMP,-1,2010-05-18 11:04:00,9.95,12600.0,Germany
C508737,22624,IVORY KITCHEN SCALES,-1,2010-05-18 11:04:00,8.5,12600.0,Germany
C508737,20679,EDWARDIAN PARASOL RED,-1,2010-05-18 11:04:00,5.95,12600.0,Germany
C508738,79323B,BLACK CHERRY LIGHTS,-1,2010-05-18 11:04:00,6.75,18223.0,United Kingdom
C508738,79323LP,LIGHT PINK CHERRY LIGHTS,-4,2010-05-18 11:04:00,6.75,18223.0,United Kingdom
C508738,79323W,WHITE CHERRY LIGHTS,-7,2010-05-18 11:04:00,5.45,18223.0,United Kingdom
C508740,79323P,PINK CHERRY LIGHTS,-6,2010-05-18 11:27:00,6.75,17338.0,United Kingdom
C508740,79323W,WHITE CHERRY LIGHTS,-5,2010-05-18 11:27:00,6.75,17338.0,United Kingdom
C508741,20725,LUNCH BAG RED SPOTTY,-13,2010-05-18 11:30:00,1.45,14680.0,United Kingdom
C508741,21212,PACK OF 72 RETRO SPOT CAKE CASES,-1,2010-05-18 11:30:00,0.42,14680.0,United Kingdom
C508741,21733,RED HANGING HEART T-LIGHT HOLDER,-2,2010-05-18 11:30:00,2.55,14680.0,United Kingdom
C508741,85123A,WHITE HANGING HEART T-LIGHT HOLDER,-5,2010-05-18 11:30:00,2.55,14680.0,United Kingdom
C508746,21794,CLASSIC FRENCH STYLE BASKET NATURAL,-1,2010-05-18 11:37:00,6.75,14745.0,United Kingdom
C508749,21071,VINTAGE BILLBOARD DRINK ME MUG,-2,2010-05-18 11:47:00,1.25,13078.0,United Kingdom
C508754,21216,"SET 3 RED SPOT TIN TEA,COFFEE,SUGAR",-1,2010-05-18 11:51:00,4.95,15422.0,United Kingdom
C508761,79323LP,LIGHT PINK CHERRY LIGHTS,-5,2010-05-18 12:08:00,5.45,15194.0,United Kingdom
C508761,79323P,PINK CHERRY LIGHTS,-6,2010-05-18 12:08:00,5.45,15194.0,United Kingdom
C508761,79323W,WHITE CHERRY LIGHTS,-8,2010-05-18 12:08:00,5.45,15194.0,United Kingdom
C508762,21528,DAIRY MAID TRADITIONAL TEAPOT,-1,2010-05-18 12:11:00,6.95,15391.0,United Kingdom
C508764,21735,TWO DOOR CURIO CABINET,-1,2010-05-18 12:13:00,12.75,14916.0,United Kingdom
C508764,22423,REGENCY CAKESTAND 3 TIER,-9,2010-05-18 12:13:00,10.95,14916.0,United Kingdom
C508846,79323P,PINK CHERRY LIGHTS,-12,2010-05-18 14:10:00,5.45,16067.0,United Kingdom
C508846,79323LP,LIGHT PINK CHERRY LIGHTS,-11,2010-05-18 14:10:00,5.45,16067.0,United Kingdom
C508846,79323W,WHITE CHERRY LIGHTS,-11,2010-05-18 14:10:00,5.45,16067.0,United Kingdom
C508853,22423,REGENCY CAKESTAND 3 TIER,-1,2010-05-18 15:10:00,12.75,13097.0,United Kingdom
508855,84807,RED POPPY ARTIFICIAL FLOWER,-40,2010-05-18 15:14:00,0.0,,United Kingdom
C508859,84016,FLAG OF ST GEORGE CAR FLAG,-1,2010-05-18 15:30:00,25.52,,United Kingdom
C508859,POST,POSTAGE,-1,2010-05-18 15:30:00,10.0,,United Kingdom
508860,84078A,SET/4 WHITE RETRO STORAGE CUBES,-16,2010-05-18 15:35:00,0.0,,United Kingdom
C508865,21417,COCKLE SHELL DISH,-24,2010-05-18 16:14:00,2.1,17589.0,United Kingdom
C508911,22170,PICTURE FRAME WOOD TRIPLE PORTRAIT,-6,2010-05-19 10:19:00,6.75,14911.0,EIRE
C508911,85119,WATERING CAN SINGLE HOOK PISTACHIO,-8,2010-05-19 10:19:00,1.69,14911.0,EIRE
C508916,22138,BAKING SET 9 PIECE RETROSPOT,-6,2010-05-19 10:37:00,4.95,16699.0,United Kingdom
C508922,79323P,PINK CHERRY LIGHTS,-10,2010-05-19 10:59:00,6.75,14667.0,United Kingdom
C508922,79323LP,LIGHT PINK CHERRY LIGHTS,-4,2010-05-19 10:59:00,6.75,14667.0,United Kingdom
C508922,79323B,BLACK CHERRY LIGHTS,-4,2010-05-19 10:59:00,6.75,14667.0,United Kingdom
C508926,79342B,BROWN FLOWER LIGHTS,-1,2010-05-19 11:17:00,6.75,16167.0,United Kingdom
C508926,79323GR,GREEN CHERRY LIGHTS,-4,2010-05-19 11:17:00,6.75,16167.0,United Kingdom
C508926,79323P,PINK CHERRY LIGHTS,-4,2010-05-19 11:17:00,6.75,16167.0,United Kingdom
C508926,79323LP,LIGHT PINK CHERRY LIGHTS,-5,2010-05-19 11:17:00,6.75,16167.0,United Kingdom
C508926,79323W,WHITE CHERRY LIGHTS,-13,2010-05-19 11:17:00,6.75,16167.0,United Kingdom
C508926,79323B,BLACK CHERRY LIGHTS,-1,2010-05-19 11:17:00,6.75,16167.0,United Kingdom
C508926,79323G,GOLD  CHERRY LIGHTS,-2,2010-05-19 11:17:00,6.75,16167.0,United Kingdom
C508926,79323S,SILVER CHERRY LIGHTS,-5,2010-05-19 11:17:00,6.75,16167.0,United Kingdom
C508927,22423,REGENCY CAKESTAND 3 TIER,-1,2010-05-19 11:21:00,10.95,12471.0,Germany
C508928,21627,ELEPHANT CARNIVAL POUFFE,-5,2010-05-19 11:26:00,12.75,13164.0,United Kingdom
C508928,POST,POSTAGE,-1,2010-05-19 11:26:00,10.99,13164.0,United Kingdom
C508935,21232,STRAWBERRY CERAMIC TRINKET BOX,-5,2010-05-19 11:28:00,1.25,12494.0,France
C508935,22363,GLASS JAR MARMALADE,-3,2010-05-19 11:28:00,2.95,12494.0,France
509013,72038B,damaged,-244,2010-05-19 13:35:00,0.0,,United Kingdom
C509015,22559,SEASIDE FLYING DISC,-4,2010-05-19 13:36:00,1.25,14598.0,United Kingdom
C509015,22620,4 TRADITIONAL SPINNING TOPS,-2,2010-05-19 13:36:00,1.25,14598.0,United Kingdom
C509015,22619,SET OF 6 SOLDIER SKITTLES,-2,2010-05-19 13:36:00,3.75,14598.0,United Kingdom
C509015,22231,JIGSAW TREE WITH BIRDHOUSE,-1,2010-05-19 13:36:00,1.45,14598.0,United Kingdom
C509015,22489,PACK OF 12 TRADITIONAL CRAYONS,-6,2010-05-19 13:36:00,0.42,14598.0,United Kingdom
C509015,79029,GLASS HONEYPOT WASP CATCHER,-3,2010-05-19 13:36:00,1.95,14598.0,United Kingdom
C509015,20727,LUNCH BAG  BLACK SKULL.,-1,2010-05-19 13:36:00,1.65,14598.0,United Kingdom
C509015,20728,LUNCH BAG CARS BLUE,-1,2010-05-19 13:36:00,1.65,14598.0,United Kingdom
C509015,22383,LUNCH BAG SUKI  DESIGN,-1,2010-05-19 13:36:00,1.65,14598.0,United Kingdom
C509015,22356,"CHARLOTTE BAG , PINK/WHITE SPOTS",-4,2010-05-19 13:36:00,0.85,14598.0,United Kingdom
C509015,20723,STRAWBERRY CHARLOTTE BAG,-6,2010-05-19 13:36:00,0.85,14598.0,United Kingdom
C509015,20724,RED SPOTTY CHARLOTTE BAG,-9,2010-05-19 13:36:00,0.85,14598.0,United Kingdom
C509015,85099B,JUMBO BAG RED RETROSPOT,-3,2010-05-19 13:36:00,1.95,14598.0,United Kingdom
C509015,21936,RED RETROSPOT PICNIC BAG,-3,2010-05-19 13:36:00,2.95,14598.0,United Kingdom
C509015,21937,STRAWBERRY   PICNIC BAG,-3,2010-05-19 13:36:00,2.95,14598.0,United Kingdom
C509015,21544,SKULLS  WATER TRANSFER TATTOOS,-2,2010-05-19 13:36:00,0.85,14598.0,United Kingdom
C509015,21542,WOODLAND WATER TRANSFER TATTOOS,-2,2010-05-19 13:36:00,0.85,14598.0,United Kingdom
C509015,21541,DINOSAURS WATER TRANSFER TATTOOS,-2,2010-05-19 13:36:00,0.85,14598.0,United Kingdom
C509015,21722,SWEET PUDDING STICKER SHEET,-2,2010-05-19 13:36:00,0.85,14598.0,United Kingdom
C509015,21721,CANDY SHOP  STICKER SHEET,-2,2010-05-19 13:36:00,0.85,14598.0,United Kingdom
C509015,21724,PANDA AND BUNNIES STICKER SHEET,-2,2010-05-19 13:36:00,0.85,14598.0,United Kingdom
C509015,21725,SWEETIES  STICKERS,-2,2010-05-19 13:36:00,0.85,14598.0,United Kingdom
C509015,21726,MULTI HEARTS  STICKERS,-2,2010-05-19 13:36:00,0.85,14598.0,United Kingdom
C509015,84016,FLAG OF ST GEORGE CAR FLAG,-12,2010-05-19 13:36:00,0.42,14598.0,United Kingdom
C509015,22560,TRADITIONAL MODELLING CLAY,-6,2010-05-19 13:36:00,1.25,14598.0,United Kingdom
C509015,22649,STRAWBERRY FAIRY CAKE TEAPOT,-1,2010-05-19 13:36:00,4.95,14598.0,United Kingdom
C509015,22149,FELTCRAFT 6 FLOWER FRIENDS,-4,2010-05-19 13:36:00,2.1,14598.0,United Kingdom
C509015,22528,GARDENERS KNEELING PAD,-4,2010-05-19 13:36:00,1.25,14598.0,United Kingdom
C509015,84755,COLOUR GLASS T-LIGHT HOLDER HANGING,-16,2010-05-19 13:36:00,0.65,14598.0,United Kingdom
C509015,21918,SET 12 KIDS COLOUR  CHALK STICKS,-3,2010-05-19 13:36:00,0.42,14598.0,United Kingdom
C509015,21790,VINTAGE SNAP CARDS,-3,2010-05-19 13:36:00,0.85,14598.0,United Kingdom
C509015,21917,SET 12 KIDS  WHITE CHALK STICKS,-3,2010-05-19 13:36:00,0.42,14598.0,United Kingdom
C509015,22233,JIGSAW RABBIT AND BIRDHOUSE,-1,2010-05-19 13:36:00,1.65,14598.0,United Kingdom
C509015,22209,WOOD STAMP SET HAPPY BIRTHDAY,-4,2010-05-19 13:36:00,1.65,14598.0,United Kingdom
C509015,85211,S/4 GROOVY CAT MAGNETS,-2,2010-05-19 13:36:00,1.65,14598.0,United Kingdom
C509015,22437,SET OF 9 BLACK SKULL BALLOONS,-6,2010-05-19 13:36:00,0.85,14598.0,United Kingdom
C509015,22436,12 COLOURED PARTY BALLOONS,-6,2010-05-19 13:36:00,0.65,14598.0,United Kingdom
C509015,22332,SKULLS PARTY BAG + STICKER SET,-2,2010-05-19 13:36:00,1.65,14598.0,United Kingdom
C509015,16011,ANIMAL STICKERS,-24,2010-05-19 13:36:00,0.21,14598.0,United Kingdom
C509015,21891,TRADITIONAL WOODEN SKIPPING ROPE,-3,2010-05-19 13:36:00,1.25,14598.0,United Kingdom
509016,84625B,BLCK NEW BAROQUE CANDLESTICK CANDLE,-47,2010-05-19 13:43:00,0.0,,United Kingdom
C509034,79323GR,GREEN CHERRY LIGHTS,-4,2010-05-20 09:24:00,6.75,16615.0,United Kingdom
C509036,84795D,SEASIDE STRIPE HAMMOCK,-1,2010-05-20 09:32:00,6.95,15614.0,United Kingdom
C509042,22443,GROW YOUR OWN HERBS SET OF 3,-2,2010-05-20 10:11:00,7.95,12951.0,United Kingdom
C509045,79323W,WHITE CHERRY LIGHTS,-6,2010-05-20 10:20:00,6.75,13835.0,United Kingdom
C509045,22220,CAKE STAND LOVEBIRD 2 TIER WHITE,-1,2010-05-20 10:20:00,9.95,13835.0,United Kingdom
C509048,21700,BIG DOUGHNUT FRIDGE MAGNETS,-12,2010-05-20 10:55:00,0.85,12471.0,Germany
C509048,20914,SET/5 RED SPOTTY LID GLASS BOWLS,-1,2010-05-20 10:55:00,2.95,12471.0,Germany
C509048,22494,EMERGENCY FIRST AID TIN,-1,2010-05-20 10:55:00,1.25,12471.0,Germany
C509052,M,Manual,-1,2010-05-20 11:11:00,208.28,,United Kingdom
C509053,BANK CHARGES,Bank Charges,-1,2010-05-20 11:13:00,465.21,,United Kingdom
C509054,M,Manual,-1,2010-05-20 11:15:00,754.3,,United Kingdom
C509102,20729,RED SPOTTY CANDY BAG,-2,2010-05-20 11:50:00,1.25,17841.0,United Kingdom
C509135,21792,CLASSIC FRENCH STYLE BASKET GREEN,-1,2010-05-20 12:16:00,6.75,14606.0,United Kingdom
C509135,22198,LARGE POPCORN HOLDER,-1,2010-05-20 12:16:00,1.65,14606.0,United Kingdom
C509138,22456,NATURAL SLATE CHALKBOARD LARGE,-2,2010-05-20 12:23:00,4.95,13089.0,United Kingdom
C509140,85121B,RETRO LAUNDRY TUB PINK,-2,2010-05-20 12:26:00,8.5,13089.0,United Kingdom
C509149,84997D,PINK 3 PIECE MINI DOTS CUTLERY SET,-1,2010-05-20 12:56:00,3.75,15005.0,United Kingdom
C509149,37450,CERAMIC CAKE BOWL + HANGING CAKES,-1,2010-05-20 12:56:00,2.95,15005.0,United Kingdom
C509149,21232,STRAWBERRY CERAMIC TRINKET BOX,-1,2010-05-20 12:56:00,1.25,15005.0,United Kingdom
C509149,22467,GUMBALL COAT RACK,-1,2010-05-20 12:56:00,2.55,15005.0,United Kingdom
C509171,22138,BAKING SET 9 PIECE RETROSPOT,-2,2010-05-20 15:15:00,4.95,14112.0,United Kingdom
C509172,79164,BLACK WINE GLASS,-2,2010-05-20 15:44:00,1.65,12820.0,United Kingdom
C509174,84459A,PINK METAL CHICKEN HEART,-12,2010-05-20 15:59:00,1.49,12820.0,United Kingdom
C509174,85188A,GREEN METAL SWINGING BUNNY,-24,2010-05-20 15:59:00,0.85,12820.0,United Kingdom
C509176,20702,PINK PADDED MOBILE,-2,2010-05-20 16:09:00,4.25,13092.0,United Kingdom
C509176,47505,MINATURE COLOURED GARDENING SET,-2,2010-05-20 16:09:00,4.95,13092.0,United Kingdom
C509176,84676,BATH DUCK WATERING CAN,-2,2010-05-20 16:09:00,2.95,13092.0,United Kingdom
C509176,22319,HAIRCLIPS FORTIES FABRIC ASSORTED,-12,2010-05-20 16:09:00,0.65,13092.0,United Kingdom
C509177,22138,BAKING SET 9 PIECE RETROSPOT,-1,2010-05-20 16:12:00,4.95,13632.0,United Kingdom
C509177,21411,GINGHAM HEART  DOORSTOP RED,-1,2010-05-20 16:12:00,4.25,13632.0,United Kingdom
C509190,22177,5 HOOK BLACKBOARD ORGANISER,-2,2010-05-20 17:32:00,9.95,17663.0,United Kingdom
C509190,21658,GLASS  BEURRE DISH,-1,2010-05-20 17:32:00,3.95,17663.0,United Kingdom
C509192,22386,JUMBO BAG PINK WITH WHITE SPOTS,-1,2010-05-20 17:47:00,1.95,,United Kingdom
C509218,21474,SWEETHEART CREAM STEEL FOLDIN BENCH,-1,2010-05-21 10:41:00,19.95,17678.0,United Kingdom
C509272,21843,RED RETROSPOT CAKE STAND,-1,2010-05-21 11:21:00,10.95,12675.0,Italy
C509274,22236,CAKE STAND 3 TIER MAGIC GARDEN,-1,2010-05-21 11:28:00,12.75,14936.0,Channel Islands
C509275,22138,BAKING SET 9 PIECE RETROSPOT,-2,2010-05-21 11:30:00,4.95,14292.0,United Kingdom
C509281,21889,WOODEN BOX OF DOMINOES,-3,2010-05-21 11:39:00,1.25,18258.0,United Kingdom
C509281,22487,WHITE WOOD GARDEN PLANT LADDER,-1,2010-05-21 11:39:00,9.95,18258.0,United Kingdom
C509287,22305,COFFEE MUG PINK PAISLEY DESIGN,-1,2010-05-21 11:50:00,2.55,17436.0,United Kingdom
C509287,22304,COFFEE MUG BLUE PAISLEY DESIGN,-1,2010-05-21 11:50:00,2.55,17436.0,United Kingdom
C509292,84945,MULTI COLOUR SILVER T-LIGHT HOLDER,-1,2010-05-21 11:53:00,0.85,14854.0,United Kingdom
C509292,22611,VINTAGE UNION JACK SHOPPING BAG,-1,2010-05-21 11:53:00,4.95,14854.0,United Kingdom
C509293,21843,RED RETROSPOT CAKE STAND,-1,2010-05-21 11:54:00,10.95,15622.0,United Kingdom
C509293,21539,RED RETROSPOT BUTTER DISH,-2,2010-05-21 11:54:00,4.95,15622.0,United Kingdom
C509297,20692,FLORAL ELEPHANT SOFT TOY,-1,2010-05-21 11:56:00,4.25,14047.0,United Kingdom
C509341,21714,CITRONELLA CANDLE GARDEN POT,-18,2010-05-21 12:31:00,0.65,13162.0,United Kingdom
C509342,22138,BAKING SET 9 PIECE RETROSPOT,-3,2010-05-21 12:34:00,4.95,14304.0,United Kingdom
C509343,84687,BEACH HUT SHELF W 3 DRAWERS,-1,2010-05-21 12:44:00,1.95,13576.0,United Kingdom
C509343,84685,BEACH HUT KEY CABINET,-1,2010-05-21 12:44:00,1.25,13576.0,United Kingdom
C509343,22064,PINK DOUGHNUT TRINKET POT,-1,2010-05-21 12:44:00,1.65,13576.0,United Kingdom
C509343,85232A,SET/3 POLKA DOT STACKING TINS,-1,2010-05-21 12:44:00,4.95,13576.0,United Kingdom
C509343,84989A,75 GREEN FAIRY CAKE CASES,-1,2010-05-21 12:44:00,0.42,13576.0,United Kingdom
C509344,22465,HANGING METAL STAR LANTERN,-1,2010-05-21 12:57:00,1.65,13093.0,United Kingdom
C509344,21155,RED SPOTTY PEG BAG,-3,2010-05-21 12:57:00,2.1,13093.0,United Kingdom
C509344,20914,SET/5 RED SPOTTY LID GLASS BOWLS,-1,2010-05-21 12:57:00,2.95,13093.0,United Kingdom
C509345,21792,CLASSIC FRENCH STYLE BASKET GREEN,-1,2010-05-21 13:00:00,6.75,12921.0,United Kingdom
C509346,21279,VINTAGE KITCHEN PRINT FRUITS,-1,2010-05-21 13:01:00,2.55,14893.0,United Kingdom
C509353,M,Manual,-1,2010-05-21 13:35:00,52.61,14744.0,United Kingdom
C509363,BANK CHARGES,Bank Charges,-1,2010-05-21 14:07:00,149.31,,United Kingdom
C509368,S,SAMPLES,-1,2010-05-21 14:13:00,3.49,,United Kingdom
C509376,22363,GLASS JAR MARMALADE,-1,2010-05-21 14:48:00,2.95,13555.0,United Kingdom
C509376,20747,PICCADILLY TEA SET,-2,2010-05-21 14:48:00,12.75,13555.0,United Kingdom
C509380,79323W,WHITE CHERRY LIGHTS,-22,2010-05-21 15:28:00,5.45,17677.0,United Kingdom
C509382,22220,CAKE STAND LOVEBIRD 2 TIER WHITE,-1,2010-05-21 15:35:00,9.95,13555.0,United Kingdom
C509382,21314,SMALL GLASS HEART TRINKET POT,-4,2010-05-21 15:35:00,1.85,13555.0,United Kingdom
C509391,21889,WOODEN BOX OF DOMINOES,-1,2010-05-23 10:43:00,1.25,17769.0,United Kingdom
C509391,22300,COFFEE MUG DOG + BALL DESIGN,-1,2010-05-23 10:43:00,2.55,17769.0,United Kingdom
C509391,20725,LUNCH BAG RED SPOTTY,-1,2010-05-23 10:43:00,1.65,17769.0,United Kingdom
C509391,22534,MAGIC DRAWING SLATE SPACEBOY,-17,2010-05-23 10:43:00,0.42,17769.0,United Kingdom
C509391,22178,VICTORIAN GLASS HANGING T-LIGHT,-12,2010-05-23 10:43:00,1.25,17769.0,United Kingdom
C509391,79323W,WHITE CHERRY LIGHTS,-3,2010-05-23 10:43:00,6.75,17769.0,United Kingdom
C509391,79323LP,LIGHT PINK CHERRY LIGHTS,-3,2010-05-23 10:43:00,6.75,17769.0,United Kingdom
C509414,22467,GUMBALL COAT RACK,-1,2010-05-23 12:32:00,2.55,17920.0,United Kingdom
C509419,22078,RIBBON REEL LACE DESIGN,-30,2010-05-23 12:58:00,2.1,14010.0,United Kingdom
C509419,90046,WHITE WITH METAL BAG CHARM,-2,2010-05-23 12:58:00,4.95,14010.0,United Kingdom
C509419,90048,GREEN WITH METAL BAG CHARM,-10,2010-05-23 12:58:00,4.95,14010.0,United Kingdom
C509419,90049,IVORY GOLD METAL BAG CHARM,-7,2010-05-23 12:58:00,4.95,14010.0,United Kingdom
C509436,84247N,PACK/12 BLUE FOLKART CARDS,-11,2010-05-23 15:02:00,2.95,15555.0,United Kingdom
C509436,84689,S/2 BEACH HUT TREASURE CHESTS,-12,2010-05-23 15:02:00,1.65,15555.0,United Kingdom
C509436,84684,BEACH HUT PHOTO FRAME,-48,2010-05-23 15:02:00,0.85,15555.0,United Kingdom
C509436,84686,BEACH HUT MIRROR,-16,2010-05-23 15:02:00,1.65,15555.0,United Kingdom
C509436,84688,BEACH HUT DESIGN BLACKBOARD,-24,2010-05-23 15:02:00,1.65,15555.0,United Kingdom
C509436,84690,S/2 BEACH HUT STOOLS,-2,2010-05-23 15:02:00,7.95,15555.0,United Kingdom
C509436,82486,WOOD S/3 CABINET ANT WHITE FINISH,-2,2010-05-23 15:02:00,7.95,15555.0,United Kingdom
C509449,22607,WOODEN ROUNDERS GARDEN SET,-1,2010-05-24 09:19:00,8.5,,United Kingdom
C509449,22606,WOODEN SKITTLES GARDEN SET,-1,2010-05-24 09:19:00,15.95,,United Kingdom
C509449,22605,WOODEN CROQUET GARDEN SET,-1,2010-05-24 09:19:00,12.75,,United Kingdom
C509473,ADJUST,Adjustment by john on 26/01/2010 16,-1,2010-05-24 11:12:00,300.13,17050.0,United Kingdom
C509474,ADJUST,Adjustment by john on 26/01/2010 16,-1,2010-05-24 11:13:00,72.45,16422.0,United Kingdom
C509475,ADJUST,Adjustment by john on 26/01/2010 16,-1,2010-05-24 11:13:00,358.47,17364.0,United Kingdom
C509539,22357,KINGS CHOICE BISCUIT TIN,-3,2010-05-24 12:25:00,4.25,16607.0,United Kingdom
C509570,79323B,BLACK CHERRY LIGHTS,-12,2010-05-24 13:26:00,6.75,17115.0,United Kingdom
C509583,21749,LARGE RED RETROSPOT WINDMILL,-2,2010-05-24 14:59:00,1.85,17746.0,United Kingdom
C509608,21655,HANGING RIDGE GLASS T-LIGHT HOLDER,-60,2010-05-24 17:39:00,1.45,12773.0,Portugal
C509608,17164B,ASS COL SMALL SAND GECKO P'WEIGHT,-2,2010-05-24 17:39:00,0.42,12773.0,Portugal
C509608,84562A,PINK/WHITE RIBBED MELAMINE JUG,-1,2010-05-24 17:39:00,7.95,12773.0,Portugal
C509608,15036,ASSORTED COLOURS SILK FAN,-12,2010-05-24 17:39:00,0.75,12773.0,Portugal
C509608,21986,PACK OF 12 PINK SPOT TISSUES,-24,2010-05-24 17:39:00,0.29,12773.0,Portugal
C509608,20963,APPLE BATH SPONGE,-10,2010-05-24 17:39:00,1.25,12773.0,Portugal
C509612,22617,BAKING SET SPACEBOY DESIGN,-3,2010-05-25 09:17:00,4.95,16835.0,United Kingdom
C509613,22138,BAKING SET 9 PIECE RETROSPOT,-3,2010-05-25 09:21:00,4.95,17716.0,United Kingdom
C509613,22617,BAKING SET SPACEBOY DESIGN,-3,2010-05-25 09:21:00,4.95,17716.0,United Kingdom
C509613,22508,DOORSTOP RETROSPOT HEART,-1,2010-05-25 09:21:00,3.75,17716.0,United Kingdom
C509614,22138,BAKING SET 9 PIECE RETROSPOT,-6,2010-05-25 09:34:00,4.95,15633.0,United Kingdom
C509619,22635,CHILDS BREAKFAST SET DOLLY GIRL,-4,2010-05-25 09:49:00,9.95,18172.0,United Kingdom
C509619,22634,CHILDS BREAKFAST SET SPACEBOY,-1,2010-05-25 09:49:00,9.95,18172.0,United Kingdom
C509620,82483,WOOD 2 DRAWER CABINET WHITE FINISH,-2,2010-05-25 09:50:00,5.95,13004.0,United Kingdom
C509620,22061,LARGE CAKE STAND  HANGING STRAWBERY,-2,2010-05-25 09:50:00,9.95,13004.0,United Kingdom
C509622,85040B,SET/4 BLUE FLOWER CANDLES IN BOWL,-1,2010-05-25 09:52:00,1.65,13295.0,United Kingdom
C509622,85040A,S/4 PINK FLOWER CANDLES IN BOWL,-1,2010-05-25 09:52:00,1.65,13295.0,United Kingdom
C509622,22178,VICTORIAN GLASS HANGING T-LIGHT,-7,2010-05-25 09:52:00,1.25,13295.0,United Kingdom
C509624,22634,CHILDS BREAKFAST SET SPACEBOY,-1,2010-05-25 09:53:00,9.95,16303.0,United Kingdom
C509624,22635,CHILDS BREAKFAST SET DOLLY GIRL,-4,2010-05-25 09:53:00,9.95,16303.0,United Kingdom
C509626,85063,CREAM SWEETHEART MAGAZINE RACK,-2,2010-05-25 09:54:00,16.95,14442.0,Channel Islands
C509628,POST,POSTAGE,-1,2010-05-25 10:01:00,40.0,12360.0,Austria
C509630,22083,PAPER CHAIN KIT RETRO SPOT,-12,2010-05-25 10:03:00,2.95,13081.0,United Kingdom
C509630,85042,ANTIQUE LILY FAIRY LIGHTS,-24,2010-05-25 10:03:00,4.25,13081.0,United Kingdom
C509630,37495,FAIRY CAKE BIRTHDAY CANDLE SET,-36,2010-05-25 10:03:00,2.95,13081.0,United Kingdom
C509629,16202B,PASTEL BLUE PHOTO ALBUM,-4,2010-05-25 10:03:00,5.55,14911.0,EIRE
C509632,21843,RED RETROSPOT CAKE STAND,-1,2010-05-25 10:19:00,10.95,13768.0,United Kingdom
C509633,21155,RED SPOTTY PEG BAG,-1,2010-05-25 10:20:00,2.1,18064.0,United Kingdom
C509638,21080,SET/20 RED SPOTTY PAPER NAPKINS,-12,2010-05-25 10:53:00,0.85,15826.0,United Kingdom
C509642,84795C,OCEAN STRIPE HAMMOCK,-1,2010-05-25 11:23:00,7.95,14745.0,United Kingdom
C509642,21924,BLUE/CREAM STRIPE FRINGE HAMMOCK,-1,2010-05-25 11:23:00,7.95,14745.0,United Kingdom
C509651,21714,CITRONELLA CANDLE GARDEN POT,-2,2010-05-25 11:55:00,1.25,14745.0,United Kingdom
C509650,20782,CAMOUFLAGE EAR MUFF HEADPHONES,-1,2010-05-25 11:55:00,5.49,17841.0,United Kingdom
C509650,22355,CHARLOTTE BAG SUKI DESIGN,-1,2010-05-25 11:55:00,0.72,17841.0,United Kingdom
C509650,79160,HEART SHAPE WIRELESS DOORBELL,-2,2010-05-25 11:55:00,2.1,17841.0,United Kingdom
C509650,21156,RETROSPOT CHILDRENS APRON,-1,2010-05-25 11:55:00,1.95,17841.0,United Kingdom
C509650,79323S,SILVER CHERRY LIGHTS,-1,2010-05-25 11:55:00,6.75,17841.0,United Kingdom
C509650,79323P,PINK CHERRY LIGHTS,-1,2010-05-25 11:55:00,6.75,17841.0,United Kingdom
C509691,21217,RED SPOTTY ROUND CAKE TINS,-1,2010-05-25 12:11:00,9.95,14680.0,United Kingdom
C509691,20712,JUMBO BAG WOODLAND ANIMALS,-1,2010-05-25 12:11:00,1.95,14680.0,United Kingdom
C509691,20726,LUNCH BAG WOODLAND,-1,2010-05-25 12:11:00,1.65,14680.0,United Kingdom
C509691,20725,LUNCH BAG RED SPOTTY,-1,2010-05-25 12:11:00,1.45,14680.0,United Kingdom
C509744,21335,LIBRARY LAMP,-1,2010-05-25 13:25:00,21.95,14426.0,United Kingdom
C509770,22386,JUMBO BAG PINK WITH WHITE SPOTS,-2,2010-05-25 16:05:00,1.95,13048.0,United Kingdom
C509771,22644,CERAMIC CHERRY CAKE MONEY BANK,-2,2010-05-25 16:23:00,1.45,15183.0,United Kingdom
C509777,22138,BAKING SET 9 PIECE RETROSPOT,-3,2010-05-25 16:52:00,4.95,16835.0,United Kingdom
C509778,20836,FRENCH PAISLEY CUSHION COVER,-12,2010-05-25 16:53:00,2.95,16658.0,United Kingdom
509788,22130,PARTY CONE CHRISTMAS DECORATION,-800,2010-05-25 17:11:00,0.0,,United Kingdom
C509853,21340,CLASSIC METAL BIRDCAGE PLANT HOLDER,-1,2010-05-26 09:19:00,12.75,12675.0,Italy
C509862,21897,POTTING SHED CANDLE CITRONELLA,-3,2010-05-26 10:12:00,2.95,13405.0,United Kingdom
C509863,22061,LARGE CAKE STAND  HANGING STRAWBERY,-1,2010-05-26 10:13:00,9.95,16075.0,United Kingdom
C509864,21155,RED SPOTTY PEG BAG,-2,2010-05-26 10:18:00,2.1,12921.0,United Kingdom
C509866,22236,CAKE STAND 3 TIER MAGIC GARDEN,-2,2010-05-26 10:34:00,12.75,17230.0,United Kingdom
C509866,85047,WHITE BEADED GARLAND STRING 20LIGHT,-3,2010-05-26 10:34:00,6.35,17230.0,United Kingdom
C509872,21765,HANGING METAL BIRD BATH,-8,2010-05-26 11:09:00,7.35,14025.0,United Kingdom
C509917,21875,KINGS CHOICE MUG,-8,2010-05-26 11:58:00,1.06,13082.0,United Kingdom
C509918,22618,COOKING SET RETROSPOT,-2,2010-05-26 12:03:00,9.95,14112.0,United Kingdom
C509946,79323W,WHITE CHERRY LIGHTS,-2,2010-05-26 12:44:00,6.75,16176.0,United Kingdom
C509946,79323P,PINK CHERRY LIGHTS,-3,2010-05-26 12:44:00,6.75,16176.0,United Kingdom
C509950,22276,WASH BAG VINTAGE ROSE PAISLEY,-1,2010-05-26 12:46:00,2.1,17511.0,United Kingdom
C509950,79320,FLAMINGO LIGHTS,-1,2010-05-26 12:46:00,4.25,17511.0,United Kingdom
C509950,85099B,JUMBO BAG RED RETROSPOT,-1,2010-05-26 12:46:00,1.65,17511.0,United Kingdom
C509950,20725,LUNCH BAG RED SPOTTY,-1,2010-05-26 12:46:00,1.45,17511.0,United Kingdom
C509950,21232,STRAWBERRY CERAMIC TRINKET BOX,-1,2010-05-26 12:46:00,1.06,17511.0,United Kingdom
C509950,71459,HANGING JAM JAR T-LIGHT HOLDER,-1,2010-05-26 12:46:00,0.72,17511.0,United Kingdom
C509963,20825,GOLD WINE GLASS,-6,2010-05-26 12:59:00,3.75,13684.0,United Kingdom
C509963,20823,GOLD WINE GOBLET,-4,2010-05-26 12:59:00,4.65,13684.0,United Kingdom
C509963,44230,SQUARE MIRROR CURTAIN,-1,2010-05-26 12:59:00,6.36,13684.0,United Kingdom
C509964,21542,WOODLAND WATER TRANSFER TATTOOS,-12,2010-05-26 13:00:00,0.85,12632.0,Germany
C509969,21329,DINOSAURS  WRITING SET,-12,2010-05-26 13:21:00,1.65,12632.0,Germany
C509969,POST,POSTAGE,-2,2010-05-26 13:21:00,18.0,12632.0,Germany
C509978,90200C,BLUE SWEETHEART BRACELET,-1,2010-05-26 14:06:00,4.25,14649.0,United Kingdom
C510036,22361,GLASS JAR DAISY FRESH COTTON WOOL,-2,2010-05-26 15:37:00,2.95,13485.0,United Kingdom
C510039,M,Manual,-1,2010-05-26 15:48:00,2396.61,,Hong Kong
C510052,72750B,FLOWER FAIRY SET 3 CANDLES LAVENDER,-2,2010-05-27 09:36:00,5.95,12712.0,Germany
C510061,22644,CERAMIC CHERRY CAKE MONEY BANK,-12,2010-05-27 10:45:00,1.45,15827.0,United Kingdom
C510065,40003,WHITE BAMBOO RIBS LAMPSHADE,-3,2010-05-27 11:01:00,0.95,15311.0,United Kingdom
C510065,20724,RED SPOTTY CHARLOTTE BAG,-1,2010-05-27 11:01:00,0.72,15311.0,United Kingdom
C510065,84600,NEW BAROQUE JEWELLERY BOX,-1,2010-05-27 11:01:00,6.95,15311.0,United Kingdom
C510133,22470,HEART OF WICKER LARGE,-2,2010-05-27 12:14:00,2.95,14648.0,United Kingdom
C510133,85123A,WHITE HANGING HEART T-LIGHT HOLDER,-1,2010-05-27 12:14:00,2.95,14648.0,United Kingdom
C510133,22637,PIGGY BANK RETROSPOT,-2,2010-05-27 12:14:00,2.55,14648.0,United Kingdom
C510156,20685,DOOR MAT RED SPOT,-2,2010-05-27 13:34:00,7.49,18181.0,United Kingdom
C510159,79323B,BLACK CHERRY LIGHTS,-1,2010-05-27 13:36:00,6.75,18181.0,United Kingdom
C510160,72801C,S/4 ROSE PINK DINNER CANDLES,-12,2010-05-27 13:46:00,1.25,13501.0,Switzerland
C510185,22149,FELTCRAFT 6 FLOWER FRIENDS,-1,2010-05-27 16:02:00,2.1,12854.0,United Kingdom
C510198,84803A,PINK ALLIUM  ARTIFICIAL FLOWER,-3,2010-05-27 20:26:00,1.69,17231.0,United Kingdom
C510200,47599A,PINK PARTY BAGS,-150,2010-05-28 07:40:00,1.52,12643.0,France
C510200,47599B,BLUE PARTY BAGS,-150,2010-05-28 07:40:00,1.52,12643.0,France
C510201,79323W,WHITE CHERRY LIGHTS,-10,2010-05-28 07:41:00,6.75,16717.0,United Kingdom
C510202,79341,WILLOW BRANCH LIGHTS.,-6,2010-05-28 07:44:00,6.75,16940.0,United Kingdom
C510202,79323W,WHITE CHERRY LIGHTS,-6,2010-05-28 07:44:00,6.75,16940.0,United Kingdom
C510202,79323P,PINK CHERRY LIGHTS,-6,2010-05-28 07:44:00,6.75,16940.0,United Kingdom
C510202,79323B,BLACK CHERRY LIGHTS,-6,2010-05-28 07:44:00,6.75,16940.0,United Kingdom
C510203,79000,MOROCCAN TEA GLASS,-2,2010-05-28 07:45:00,0.85,15341.0,United Kingdom
C510205,21735,TWO DOOR CURIO CABINET,-2,2010-05-28 07:56:00,12.75,18163.0,United Kingdom
C510205,21843,RED RETROSPOT CAKE STAND,-1,2010-05-28 07:56:00,10.95,18163.0,United Kingdom
C510205,22323,PINK POLKADOT KIDS BAG,-9,2010-05-28 07:56:00,1.95,18163.0,United Kingdom
C510205,22324,BLUE POLKADOT KIDS BAG,-8,2010-05-28 07:56:00,1.95,18163.0,United Kingdom
C510205,22177,5 HOOK BLACKBOARD ORGANISER,-2,2010-05-28 07:56:00,9.95,18163.0,United Kingdom
C510206,79323W,WHITE CHERRY LIGHTS,-5,2010-05-28 07:58:00,6.75,13711.0,United Kingdom
C510206,79323B,BLACK CHERRY LIGHTS,-2,2010-05-28 07:58:00,6.75,13711.0,United Kingdom
C510207,79323S,SILVER CHERRY LIGHTS,-1,2010-05-28 07:59:00,6.75,,United Kingdom
C510207,79323B,BLACK CHERRY LIGHTS,-8,2010-05-28 07:59:00,6.75,,United Kingdom
C510207,79323W,WHITE CHERRY LIGHTS,-3,2010-05-28 07:59:00,6.75,,United Kingdom
C510208,79323W,WHITE CHERRY LIGHTS,-19,2010-05-28 08:00:00,5.45,14113.0,United Kingdom
C510209,22236,CAKE STAND 3 TIER MAGIC GARDEN,-12,2010-05-28 08:03:00,10.95,14533.0,United Kingdom
C510210,79323W,WHITE CHERRY LIGHTS,-12,2010-05-28 08:04:00,5.45,13408.0,United Kingdom
C510211,47566B,TEA TIME PARTY BUNTING,-144,2010-05-28 08:06:00,3.75,14147.0,United Kingdom
C510212,79341,WILLOW BRANCH LIGHTS.,-8,2010-05-28 08:12:00,5.45,17426.0,United Kingdom
C510212,79323P,PINK CHERRY LIGHTS,-9,2010-05-28 08:12:00,5.45,17426.0,United Kingdom
C510212,79323B,BLACK CHERRY LIGHTS,-1,2010-05-28 08:12:00,5.45,17426.0,United Kingdom
C510212,79323GR,GREEN CHERRY LIGHTS,-7,2010-05-28 08:12:00,5.45,17426.0,United Kingdom
C510212,79323LP,LIGHT PINK CHERRY LIGHTS,-5,2010-05-28 08:12:00,5.45,17426.0,United Kingdom
C510212,79323W,WHITE CHERRY LIGHTS,-12,2010-05-28 08:12:00,5.45,17426.0,United Kingdom
C510212,79323G,GOLD  CHERRY LIGHTS,-5,2010-05-28 08:12:00,5.45,17426.0,United Kingdom
C510212,79323S,SILVER CHERRY LIGHTS,-20,2010-05-28 08:12:00,5.45,17426.0,United Kingdom
C510212,79341,WILLOW BRANCH LIGHTS.,-10,2010-05-28 08:12:00,5.45,17426.0,United Kingdom
C510213,79323B,BLACK CHERRY LIGHTS,-4,2010-05-28 08:15:00,6.75,16485.0,United Kingdom
C510213,79323GR,GREEN CHERRY LIGHTS,-2,2010-05-28 08:15:00,6.75,16485.0,United Kingdom
C510213,79323P,PINK CHERRY LIGHTS,-5,2010-05-28 08:15:00,6.75,16485.0,United Kingdom
C510213,79323LP,LIGHT PINK CHERRY LIGHTS,-5,2010-05-28 08:15:00,6.75,16485.0,United Kingdom
C510213,79323W,WHITE CHERRY LIGHTS,-3,2010-05-28 08:15:00,6.75,16485.0,United Kingdom
C510214,21843,RED RETROSPOT CAKE STAND,-60,2010-05-28 08:16:00,9.95,15061.0,United Kingdom
C510215,79323P,PINK CHERRY LIGHTS,-32,2010-05-28 08:17:00,5.45,15270.0,United Kingdom
C510216,79323W,WHITE CHERRY LIGHTS,-8,2010-05-28 08:19:00,5.45,16131.0,United Kingdom
C510217,79341,WILLOW BRANCH LIGHTS.,-4,2010-05-28 08:23:00,6.75,17049.0,United Kingdom
C510217,79323B,BLACK CHERRY LIGHTS,-4,2010-05-28 08:23:00,6.75,17049.0,United Kingdom
C510217,79323S,SILVER CHERRY LIGHTS,-3,2010-05-28 08:23:00,6.75,17049.0,United Kingdom
C510217,79323GR,GREEN CHERRY LIGHTS,-4,2010-05-28 08:23:00,6.75,17049.0,United Kingdom
C510217,79323LP,LIGHT PINK CHERRY LIGHTS,-5,2010-05-28 08:23:00,6.75,17049.0,United Kingdom
C510217,79323G,GOLD  CHERRY LIGHTS,-4,2010-05-28 08:23:00,6.75,17049.0,United Kingdom
C510217,79323W,WHITE CHERRY LIGHTS,-4,2010-05-28 08:23:00,6.75,17049.0,United Kingdom
C510217,79323LP,LIGHT PINK CHERRY LIGHTS,-2,2010-05-28 08:23:00,6.75,17049.0,United Kingdom
C510219,22637,PIGGY BANK RETROSPOT,-2,2010-05-28 08:32:00,2.55,17677.0,United Kingdom
C510219,22623,BOX OF VINTAGE JIGSAW BLOCKS,-1,2010-05-28 08:32:00,4.95,17677.0,United Kingdom
C510220,79323W,WHITE CHERRY LIGHTS,-1,2010-05-28 08:33:00,6.75,14894.0,United Kingdom
C510220,79323LP,LIGHT PINK CHERRY LIGHTS,-10,2010-05-28 08:33:00,6.75,14894.0,United Kingdom
C510223,22236,CAKE STAND 3 TIER MAGIC GARDEN,-1,2010-05-28 08:42:00,12.75,13591.0,United Kingdom
C510224,21656,RIDGED GLASS POSY VASE,-2,2010-05-28 08:44:00,1.45,17169.0,United Kingdom
C510224,22467,GUMBALL COAT RACK,-1,2010-05-28 08:44:00,2.55,17169.0,United Kingdom
C510224,22464,HANGING METAL HEART LANTERN,-1,2010-05-28 08:44:00,1.65,17169.0,United Kingdom
C510224,22196,SMALL HEART MEASURING SPOONS,-1,2010-05-28 08:44:00,0.85,17169.0,United Kingdom
C510226,79341,WILLOW BRANCH LIGHTS.,-1,2010-05-28 08:48:00,6.75,17850.0,United Kingdom
C510226,79323G,GOLD  CHERRY LIGHTS,-12,2010-05-28 08:48:00,6.75,17850.0,United Kingdom
C510226,79323S,SILVER CHERRY LIGHTS,-12,2010-05-28 08:48:00,6.75,17850.0,United Kingdom
C510226,79323G,GOLD  CHERRY LIGHTS,-12,2010-05-28 08:48:00,6.75,17850.0,United Kingdom
C510226,79323B,BLACK CHERRY LIGHTS,-12,2010-05-28 08:48:00,6.75,17850.0,United Kingdom
C510226,79323W,WHITE CHERRY LIGHTS,-12,2010-05-28 08:48:00,6.75,17850.0,United Kingdom
C510229,85063,CREAM SWEETHEART MAGAZINE RACK,-3,2010-05-28 09:34:00,14.95,14895.0,United Kingdom
C510229,22169,FAMILY ALBUM WHITE PICTURE FRAME,-6,2010-05-28 09:34:00,7.65,14895.0,United Kingdom
C510231,35004C,SET OF 3 COLOURED  FLYING DUCKS,-1,2010-05-28 09:40:00,5.45,16701.0,United Kingdom
C510231,21539,RED RETROSPOT BUTTER DISH,-3,2010-05-28 09:40:00,4.95,16701.0,United Kingdom
C510233,45016,DECORATIVE NET CANOPY LEOPARD,-6,2010-05-28 09:42:00,3.75,,United Kingdom
C510234,22634,CHILDS BREAKFAST SET SPACEBOY,-1,2010-05-28 09:42:00,9.95,14291.0,United Kingdom
C510234,22635,CHILDS BREAKFAST SET DOLLY GIRL,-4,2010-05-28 09:42:00,9.95,14291.0,United Kingdom
C510236,22635,CHILDS BREAKFAST SET DOLLY GIRL,-1,2010-05-28 09:50:00,9.95,13418.0,United Kingdom
C510236,22636,CHILDS BREAKFAST SET CIRCUS PARADE,-3,2010-05-28 09:50:00,8.5,13418.0,United Kingdom
C510237,22487,WHITE WOOD GARDEN PLANT LADDER,-1,2010-05-28 09:52:00,9.95,13047.0,United Kingdom
C510237,84969,ASSORTED COLOUR SET 6 TEASPOONS,-1,2010-05-28 09:52:00,4.25,13047.0,United Kingdom
C510242,21340,CLASSIC METAL BIRDCAGE PLANT HOLDER,-6,2010-05-28 10:08:00,9.95,13929.0,United Kingdom
C510244,21340,CLASSIC METAL BIRDCAGE PLANT HOLDER,-6,2010-05-28 10:15:00,12.75,13929.0,United Kingdom
C510247,22429,ENAMEL MEASURING JUG CREAM,-1,2010-05-28 10:24:00,4.25,17442.0,United Kingdom
C510247,22428,ENAMEL FIRE BUCKET CREAM,-4,2010-05-28 10:24:00,6.95,17442.0,United Kingdom
C510248,22151,PLACE SETTING WHITE HEART,-1,2010-05-28 10:28:00,0.42,16571.0,United Kingdom
C510248,22441,GROW YOUR OWN BASIL IN ENAMEL MUG,-6,2010-05-28 10:28:00,2.1,16571.0,United Kingdom
C510251,84016,FLAG OF ST GEORGE CAR FLAG,-5,2010-05-28 10:36:00,0.42,,United Kingdom
C510251,84033,FLAG OF ST GEORGE,-3,2010-05-28 10:36:00,1.65,,United Kingdom
C510252,22584,PACK OF 6 PANNETONE GIFT BOXES,-144,2010-05-28 10:37:00,2.1,15061.0,United Kingdom
C510253,21658,GLASS  BEURRE DISH,-3,2010-05-28 10:44:00,3.95,16556.0,United Kingdom
C510293,21843,RED RETROSPOT CAKE STAND,-1,2010-05-28 11:50:00,9.95,15838.0,United Kingdom
C510362,22607,WOODEN ROUNDERS GARDEN SET,-8,2010-05-28 16:29:00,7.65,14031.0,United Kingdom
C510415,20931,BLUE POT PLANT CANDLE,-1,2010-05-30 11:15:00,3.75,14546.0,United Kingdom
C510415,22297,HEART IVORY TRELLIS SMALL,-1,2010-05-30 11:15:00,1.25,14546.0,United Kingdom
C510415,79323W,WHITE CHERRY LIGHTS,-1,2010-05-30 11:15:00,6.75,14546.0,United Kingdom
C510418,20728,LUNCH BAG CARS BLUE,-23,2010-05-30 11:31:00,1.65,14546.0,United Kingdom
C510437,85042,ANTIQUE LILY FAIRY LIGHTS,-1,2010-05-30 14:10:00,4.95,15916.0,United Kingdom
C510437,79323P,PINK CHERRY LIGHTS,-2,2010-05-30 14:10:00,6.75,15916.0,United Kingdom
C510437,79323LP,LIGHT PINK CHERRY LIGHTS,-2,2010-05-30 14:10:00,6.75,15916.0,United Kingdom
C510437,79323S,SILVER CHERRY LIGHTS,-2,2010-05-30 14:10:00,6.75,15916.0,United Kingdom
C510437,79323B,BLACK CHERRY LIGHTS,-2,2010-05-30 14:10:00,6.75,15916.0,United Kingdom
C510448,21318,GLASS CHALICE BLUE SMALL,-4,2010-06-01 09:40:00,1.65,13020.0,United Kingdom
C510489,21658,GLASS  BEURRE DISH,-1,2010-06-01 12:00:00,3.39,12709.0,Germany
C510489,22423,REGENCY CAKESTAND 3 TIER,-1,2010-06-01 12:00:00,10.95,12709.0,Germany
C510489,20979,36 PENCILS TUBE RED SPOTTY,-2,2010-06-01 12:00:00,1.25,12709.0,Germany
C510489,22343,PARTY PIZZA DISH RED RETROSPOT,-24,2010-06-01 12:00:00,0.85,12709.0,Germany
C510489,21843,RED RETROSPOT CAKE STAND,-1,2010-06-01 12:00:00,9.95,12709.0,Germany
C510489,20675,BLUE SPOTTY BOWL,-1,2010-06-01 12:00:00,1.25,12709.0,Germany
C510489,85232B,SET/3 RUSSIAN DOLL STACKING TINS,-1,2010-06-01 12:00:00,4.25,12709.0,Germany
C510494,84932C,SMALL ORIENTAL BLUE FOLDING STOOL,-1,2010-06-01 12:30:00,8.5,13544.0,United Kingdom
C510515,20725,LUNCH BAG RED SPOTTY,-1,2010-06-01 12:56:00,1.45,14680.0,United Kingdom
C510515,47566B,TEA TIME PARTY BUNTING,-1,2010-06-01 12:56:00,4.65,14680.0,United Kingdom
C510515,20712,JUMBO BAG WOODLAND ANIMALS,-2,2010-06-01 12:56:00,1.95,14680.0,United Kingdom
C510515,84997C,BLUE 3 PIECE MINI DOTS CUTLERY SET,-1,2010-06-01 12:56:00,3.75,14680.0,United Kingdom
C510515,37446,MINI CAKE STAND WITH HANGING CAKES,-1,2010-06-01 12:56:00,1.25,14680.0,United Kingdom
C510551,22436,12 COLOURED PARTY BALLOONS,-1,2010-06-01 16:16:00,0.65,,United Kingdom
C510553,21534,DAIRY MAID LARGE MILK JUG,-1,2010-06-01 16:32:00,4.95,17463.0,United Kingdom
C510588,15060B,FAIRY CAKE DESIGN UMBRELLA,-1,2010-06-02 09:28:00,8.47,,United Kingdom
C510609,79341,WILLOW BRANCH LIGHTS.,-3,2010-06-02 10:31:00,6.75,15249.0,United Kingdom
C510609,79323GR,GREEN CHERRY LIGHTS,-4,2010-06-02 10:31:00,6.75,15249.0,United Kingdom
C510609,79323P,PINK CHERRY LIGHTS,-2,2010-06-02 10:31:00,6.75,15249.0,United Kingdom
C510609,79323LP,LIGHT PINK CHERRY LIGHTS,-4,2010-06-02 10:31:00,6.75,15249.0,United Kingdom
C510677,79301,FEATHER HEART LIGHTS,-1,2010-06-02 17:06:00,2.55,13777.0,United Kingdom
C510677,35004C,SET OF 3 COLOURED  FLYING DUCKS,-1,2010-06-02 17:06:00,4.65,13777.0,United Kingdom
510686,46000R,POLYESTER FILLER PAD 45x30cm,-28,2010-06-03 10:05:00,0.0,,United Kingdom
C510730,20985,HEART CALCULATOR,-15,2010-06-03 10:42:00,1.25,15359.0,United Kingdom
C510732,79323P,PINK CHERRY LIGHTS,-1,2010-06-03 11:00:00,6.75,14606.0,United Kingdom
C510736,22138,BAKING SET 9 PIECE RETROSPOT,-3,2010-06-03 11:35:00,4.95,12656.0,France
C510736,84279P,CHERRY BLOSSOM  DECORATIVE FLASK,-1,2010-06-03 11:35:00,3.75,12656.0,France
510739,84454,WOBBLING METAL CHICKEN EASTER,-330,2010-06-03 11:49:00,0.0,,United Kingdom
C510756,51008,AFGHAN SLIPPER SOCK PAIR,-41,2010-06-03 12:50:00,3.45,15950.0,United Kingdom
C510758,BANK CHARGES,Bank Charges,-1,2010-06-03 12:52:00,25.0,,United Kingdom
C510758,BANK CHARGES,Bank Charges,-1,2010-06-03 12:52:00,414.08,,United Kingdom
510760,22236,CAKE STAND 3 TIER MAGIC GARDEN,-851,2010-06-03 13:00:00,0.0,,United Kingdom
C510764,BANK CHARGES,Bank Charges,-1,2010-06-03 13:12:00,589.59,,United Kingdom
C510765,M,Manual,-1,2010-06-03 13:16:00,8.29,,United Kingdom
C510766,M,Manual,-1,2010-06-03 13:22:00,12.68,,United Kingdom
C510768,BANK CHARGES,Bank Charges,-1,2010-06-03 13:26:00,25.0,,United Kingdom
C510768,BANK CHARGES,Bank Charges,-1,2010-06-03 13:26:00,555.22,,United Kingdom
C510787,22467,GUMBALL COAT RACK,-1,2010-06-03 15:55:00,2.55,15867.0,United Kingdom
C510787,20802,SMALL GLASS SUNDAE DISH CLEAR,-1,2010-06-03 15:55:00,1.65,15867.0,United Kingdom
C510787,79323W,WHITE CHERRY LIGHTS,-3,2010-06-03 15:55:00,6.75,15867.0,United Kingdom
C510789,22378,WALL TIDY RETROSPOT,-1,2010-06-03 16:16:00,2.1,12835.0,United Kingdom
C510791,22378,WALL TIDY RETROSPOT,-1,2010-06-03 16:22:00,2.1,12835.0,United Kingdom
C510803,15060B,FAIRY CAKE DESIGN UMBRELLA,-1,2010-06-03 18:45:00,3.75,13266.0,United Kingdom
C510803,22551,PLASTERS IN TIN SPACEBOY,-2,2010-06-03 18:45:00,1.65,13266.0,United Kingdom
C510804,22634,CHILDS BREAKFAST SET SPACEBOY,-1,2010-06-03 18:46:00,9.95,16702.0,United Kingdom
C510807,47581B,FAIRY CAKE WICKER PICNIC BASKET,-1,2010-06-03 19:13:00,12.75,13175.0,United Kingdom
C510807,22198,LARGE POPCORN HOLDER,-1,2010-06-03 19:13:00,1.65,13175.0,United Kingdom
C510807,21212,PACK OF 72 RETRO SPOT CAKE CASES,-24,2010-06-03 19:13:00,0.55,13175.0,United Kingdom
C510808,21843,RED RETROSPOT CAKE STAND,-1,2010-06-03 19:17:00,10.95,16218.0,United Kingdom
C510808,84682,CLASSICAL ROSE DISH,-2,2010-06-03 19:17:00,2.95,16218.0,United Kingdom
C510808,84683,CLASSICAL ROSE CANDLESTAND,-1,2010-06-03 19:17:00,1.25,16218.0,United Kingdom
C510809,22198,LARGE POPCORN HOLDER,-1,2010-06-03 19:18:00,1.65,18223.0,United Kingdom
C510809,22197,SMALL POPCORN HOLDER,-5,2010-06-03 19:18:00,0.85,18223.0,United Kingdom
C510809,21876,POTTERING MUG,-1,2010-06-03 19:18:00,1.25,18223.0,United Kingdom
C510809,22355,CHARLOTTE BAG SUKI DESIGN,-1,2010-06-03 19:18:00,0.85,18223.0,United Kingdom
C510809,22041,"RECORD FRAME 7"" SINGLE SIZE",-4,2010-06-03 19:18:00,2.55,18223.0,United Kingdom
C510810,22649,STRAWBERRY FAIRY CAKE TEAPOT,-1,2010-06-03 19:19:00,4.95,13802.0,United Kingdom
C510811,21833,CAMOUFLAGE LED TORCH,-2,2010-06-03 19:20:00,1.69,16353.0,United Kingdom
C510812,47590A,BLUE HAPPY BIRTHDAY BUNTING,-1,2010-06-03 19:21:00,4.65,16422.0,United Kingdom
C510813,84816,DANISH ROSE BEDSIDE CABINET,-1,2010-06-03 19:22:00,39.95,14930.0,Channel Islands
C510813,84823,DANISH ROSE FOLDING CHAIR,-1,2010-06-03 19:22:00,39.95,14930.0,Channel Islands
C510813,84824,DANISH ROSE UMBRELLA STAND,-1,2010-06-03 19:22:00,15.95,14930.0,Channel Islands
C510815,22360,GLASS JAR ENGLISH CONFECTIONERY,-5,2010-06-03 19:42:00,2.95,17448.0,United Kingdom
C510815,22359,GLASS JAR KINGS CHOICE,-2,2010-06-03 19:42:00,2.95,17448.0,United Kingdom
C510815,22364,GLASS JAR DIGESTIVE BISCUITS,-1,2010-06-03 19:42:00,2.95,17448.0,United Kingdom
C510815,22364,GLASS JAR DIGESTIVE BISCUITS,-1,2010-06-03 19:42:00,2.95,17448.0,United Kingdom
C510815,22361,GLASS JAR DAISY FRESH COTTON WOOL,-4,2010-06-03 19:42:00,2.95,17448.0,United Kingdom
C510816,21313,GLASS HEART T-LIGHT HOLDER,-12,2010-06-03 19:44:00,0.85,16592.0,United Kingdom
C510816,84509B,SET OF 4 FAIRY CAKE PLACEMATS,-4,2010-06-03 19:44:00,3.75,16592.0,United Kingdom
C510816,47568,ENGLISH ROSE DESIGN PEG BAG,-6,2010-06-03 19:44:00,2.1,16592.0,United Kingdom
C510816,71459,HANGING JAM JAR T-LIGHT HOLDER,-12,2010-06-03 19:44:00,0.85,16592.0,United Kingdom
C510816,84509A,SET OF 4 ENGLISH ROSE PLACEMATS,-4,2010-06-03 19:44:00,3.75,16592.0,United Kingdom
C510816,21974,SET OF 36 PAISLEY FLOWER DOILIES,-12,2010-06-03 19:44:00,1.45,16592.0,United Kingdom
C510816,47556B,TEA TIME TEA TOWELS,-6,2010-06-03 19:44:00,2.95,16592.0,United Kingdom
C510816,21621,VINTAGE UNION JACK BUNTING,-2,2010-06-03 19:44:00,8.5,16592.0,United Kingdom
C510817,21936,RED RETROSPOT PICNIC BAG,-1,2010-06-03 19:45:00,2.95,17412.0,United Kingdom
C510818,22501,PICNIC BASKET WICKER LARGE,-1,2010-06-03 19:46:00,8.5,15251.0,United Kingdom
C510820,79072,TEATIME CAKE TIN WITH HANDLE,-1,2010-06-03 19:48:00,9.95,15807.0,United Kingdom
C510821,22178,VICTORIAN GLASS HANGING T-LIGHT,-6,2010-06-03 19:50:00,1.25,17340.0,United Kingdom
C510822,79323W,WHITE CHERRY LIGHTS,-4,2010-06-03 19:51:00,5.45,15805.0,United Kingdom
C510823,21532,DAIRY MAID SUGAR JAM BOWL,-1,2010-06-03 19:51:00,2.1,13020.0,United Kingdom
C510825,21875,KINGS CHOICE MUG,-2,2010-06-03 20:02:00,1.25,14210.0,United Kingdom
C510825,21217,RED SPOTTY ROUND CAKE TINS,-1,2010-06-03 20:02:00,9.95,14210.0,United Kingdom
C510826,79320,FLAMINGO LIGHTS,-1,2010-06-03 20:04:00,4.95,15805.0,United Kingdom
C510826,21071,VINTAGE BILLBOARD DRINK ME MUG,-3,2010-06-03 20:04:00,1.25,15805.0,United Kingdom
C510827,21633,SUNFLOWER DECORATIVE PARASOL,-1,2010-06-03 20:05:00,12.75,16233.0,United Kingdom
C510827,21632,VINTAGE PINK DECORATIVE PARASOL,-1,2010-06-03 20:05:00,12.75,16233.0,United Kingdom
C510827,POST,POSTAGE,-1,2010-06-03 20:05:00,6.95,16233.0,United Kingdom
C510828,21891,TRADITIONAL WOODEN SKIPPING ROPE,-2,2010-06-03 20:06:00,1.25,12982.0,United Kingdom
C510828,22072,RED RETROSPOT TEA CUP AND SAUCER,-1,2010-06-03 20:06:00,3.75,12982.0,United Kingdom
C510828,22646,CERAMIC STRAWBERRY CAKE MONEY BANK,-2,2010-06-03 20:06:00,1.45,12982.0,United Kingdom
C510828,84927F,PSYCHEDELIC TILE HOOK,-1,2010-06-03 20:06:00,2.1,12982.0,United Kingdom
C510829,21469,POLKA DOT RAFFIA FOOD COVER,-48,2010-06-03 20:07:00,1.25,13694.0,United Kingdom
C510830,22168,ORGANISER WOOD ANTIQUE WHITE,-1,2010-06-03 20:08:00,7.65,13381.0,United Kingdom
C510830,20914,SET/5 RED SPOTTY LID GLASS BOWLS,-1,2010-06-03 20:08:00,2.95,13381.0,United Kingdom
C510831,84755,COLOUR GLASS T-LIGHT HOLDER HANGING,-3,2010-06-03 20:10:00,0.65,15785.0,United Kingdom
C510831,71459,HANGING JAM JAR T-LIGHT HOLDER,-5,2010-06-03 20:10:00,0.72,15785.0,United Kingdom
C510832,22259,FELT FARM ANIMAL HEN,-3,2010-06-03 20:14:00,1.25,17581.0,United Kingdom
C510832,22617,BAKING SET SPACEBOY DESIGN,-1,2010-06-03 20:14:00,4.95,17581.0,United Kingdom
C510832,20682,RED SPOTTY CHILDS UMBRELLA,-1,2010-06-03 20:14:00,3.25,17581.0,United Kingdom
C510832,22233,JIGSAW RABBIT AND BIRDHOUSE,-3,2010-06-03 20:14:00,1.65,17581.0,United Kingdom
C510832,21928,JUMBO BAG SCANDINAVIAN PAISLEY,-1,2010-06-03 20:14:00,1.95,17581.0,United Kingdom
C510832,22379,RECYCLING BAG RETROSPOT,-1,2010-06-03 20:14:00,2.1,17581.0,United Kingdom
C510832,21527,RED RETROSPOT TRADITIONAL TEAPOT,-2,2010-06-03 20:14:00,7.95,17581.0,United Kingdom
C510832,22138,BAKING SET 9 PIECE RETROSPOT,-1,2010-06-03 20:14:00,4.95,17581.0,United Kingdom
C510832,20727,LUNCH BAG  BLACK SKULL.,-1,2010-06-03 20:14:00,1.65,17581.0,United Kingdom
C510832,D,Discount,-1,2010-06-03 20:14:00,4.77,17581.0,United Kingdom
C510832,D,Discount,-1,2010-06-03 20:14:00,59.29,17581.0,United Kingdom
C510833,22349,"DOG BOWL , CHASING BALL DESIGN",-4,2010-06-03 20:15:00,3.39,13078.0,United Kingdom
C510834,20725,LUNCH BAG RED SPOTTY,-1,2010-06-03 20:16:00,1.65,13093.0,United Kingdom
C510834,22494,EMERGENCY FIRST AID TIN,-2,2010-06-03 20:16:00,1.25,13093.0,United Kingdom
C510835,21749,LARGE RED RETROSPOT WINDMILL,-1,2010-06-03 20:18:00,2.1,13883.0,United Kingdom
C510836,22139,RETRO SPOT TEA SET CERAMIC 11 PC,-1,2010-06-03 20:25:00,4.95,,United Kingdom
C510837,22364,GLASS JAR DIGESTIVE BISCUITS,-6,2010-06-03 20:27:00,2.55,13408.0,United Kingdom
C510867,21039,RED SPOTTY SHOPPING BAG,-2,2010-06-04 09:53:00,2.55,12809.0,Portugal
C510867,21537,RED RETROSPOT PUDDING BOWL,-1,2010-06-04 09:53:00,4.25,12809.0,Portugal
C510867,21533,RETRO SPOT LARGE MILK JUG,-1,2010-06-04 09:53:00,4.95,12809.0,Portugal
C510867,21527,RED RETROSPOT TRADITIONAL TEAPOT,-1,2010-06-04 09:53:00,7.95,12809.0,Portugal
C510878,22220,CAKE STAND LOVEBIRD 2 TIER WHITE,-3,2010-06-04 09:59:00,8.5,12424.0,Australia
511014,46000R,POLYESTER FILLER PAD 45x30cm,-100,2010-06-04 15:07:00,0.0,,United Kingdom
C511015,79323B,BLACK CHERRY LIGHTS,-1,2010-06-04 15:08:00,5.45,14113.0,United Kingdom
C511024,85099F,JUMBO BAG STRAWBERRY,-1,2010-06-06 09:41:00,1.95,16242.0,United Kingdom
C511024,21175,GIN + TONIC DIET METAL SIGN,-1,2010-06-06 09:41:00,2.1,16242.0,United Kingdom
C511028,D,Discount,-1,2010-06-06 10:33:00,56.9,14441.0,United Kingdom
C511031,79323W,WHITE CHERRY LIGHTS,-4,2010-06-06 10:52:00,6.75,16335.0,United Kingdom
C511036,21476,STEEL SWEETHEART ROUND TABLE CREAM,-1,2010-06-06 11:05:00,14.95,14415.0,United Kingdom
C511036,22618,COOKING SET RETROSPOT,-1,2010-06-06 11:05:00,9.95,14415.0,United Kingdom
C511036,22138,BAKING SET 9 PIECE RETROSPOT,-1,2010-06-06 11:05:00,4.95,14415.0,United Kingdom
C511043,D,Discount,-1,2010-06-06 11:23:00,23.62,14878.0,United Kingdom
C511049,22485,SET OF 2 WOODEN MARKET CRATES,-1,2010-06-06 11:40:00,12.75,12748.0,United Kingdom
C511054,D,Discount,-1,2010-06-06 12:16:00,80.7,17841.0,United Kingdom
C511088,85041,SET/4 PINK ORCHID CANDLES IN BOWL,-12,2010-06-06 15:03:00,1.65,14667.0,United Kingdom
C511088,85040A,S/4 PINK FLOWER CANDLES IN BOWL,-5,2010-06-06 15:03:00,1.65,14667.0,United Kingdom
C511108,22612,TEA COSY VINTAGE UNION JACK,-4,2010-06-07 09:52:00,3.75,16875.0,United Kingdom
C511108,21955,DOOR MAT UNION JACK GUNS AND ROSES,-2,2010-06-07 09:52:00,7.49,16875.0,United Kingdom
C511108,22645,CERAMIC HEART FAIRY CAKE MONEY BANK,-3,2010-06-07 09:52:00,1.45,16875.0,United Kingdom
C511108,21623,VINTAGE UNION JACK MEMOBOARD,-2,2010-06-07 09:52:00,9.95,16875.0,United Kingdom
511116,85060,WOOD FAN WITH FLOWER DESIGN,-408,2010-06-07 10:40:00,0.0,,United Kingdom
C511120,POST,POSTAGE,-16,2010-06-07 10:50:00,10.95,12471.0,Germany
C511120,22644,CERAMIC CHERRY CAKE MONEY BANK,-6,2010-06-07 10:50:00,18.0,12471.0,Germany
C511131,84804B,BLUE DELPHINIUM ARTIFICIAL FLOWER,-1,2010-06-07 11:18:00,2.95,14247.0,United Kingdom
C511172,20726,LUNCH BAG WOODLAND,-830,2010-06-07 12:05:00,1.45,14028.0,United Kingdom
C511172,20727,LUNCH BAG  BLACK SKULL.,-830,2010-06-07 12:05:00,1.45,14028.0,United Kingdom
C511172,20728,LUNCH BAG CARS BLUE,-830,2010-06-07 12:05:00,1.45,14028.0,United Kingdom
C511254,22138,BAKING SET 9 PIECE RETROSPOT,-1,2010-06-07 12:39:00,4.95,15640.0,United Kingdom
C511254,20724,RED SPOTTY CHARLOTTE BAG,-1,2010-06-07 12:39:00,0.85,15640.0,United Kingdom
C511254,21928,JUMBO BAG SCANDINAVIAN PAISLEY,-1,2010-06-07 12:39:00,1.95,15640.0,United Kingdom
C511254,85099B,JUMBO BAG RED RETROSPOT,-1,2010-06-07 12:39:00,1.65,15640.0,United Kingdom
C511264,D,Discount,-1,2010-06-07 12:45:00,35.1,16655.0,United Kingdom
C511272,D,Discount,-1,2010-06-07 13:06:00,43.17,14159.0,United Kingdom
C511272,20727,LUNCH BAG  BLACK SKULL.,-210,2010-06-07 13:06:00,1.45,14159.0,United Kingdom
C511275,22467,GUMBALL COAT RACK,-1,2010-06-07 13:26:00,2.55,12471.0,Germany
C511293,79323P,PINK CHERRY LIGHTS,-1,2010-06-07 15:04:00,5.45,17588.0,United Kingdom
C511293,21463,MIRRORED DISCO BALL,-1,2010-06-07 15:04:00,5.95,17588.0,United Kingdom
C511293,71477,COLOUR GLASS. STAR T-LIGHT HOLDER,-5,2010-06-07 15:04:00,2.75,17588.0,United Kingdom
C511311,85067,CREAM SWEETHEART WALL CABINET,-1,2010-06-07 16:15:00,18.95,13787.0,United Kingdom
C511312,22617,BAKING SET SPACEBOY DESIGN,-3,2010-06-07 16:17:00,4.95,13995.0,United Kingdom
C511312,21868,POTTING SHED TEA MUG,-2,2010-06-07 16:17:00,1.25,13995.0,United Kingdom
C511312,20794,BLUE  TILE HOOK,-5,2010-06-07 16:17:00,2.55,13995.0,United Kingdom
C511312,71459,HANGING JAM JAR T-LIGHT HOLDER,-5,2010-06-07 16:17:00,0.85,13995.0,United Kingdom
C511333,79323B,BLACK CHERRY LIGHTS,-22,2010-06-08 10:38:00,6.75,17677.0,United Kingdom
C511436,22319,HAIRCLIPS FORTIES FABRIC ASSORTED,-24,2010-06-08 11:57:00,0.65,17201.0,United Kingdom
C511443,79191B,RETRO PLASTIC POLKA TRAY,-12,2010-06-08 12:24:00,0.85,15101.0,United Kingdom
C511443,22424,ENAMEL BREAD BIN CREAM,-1,2010-06-08 12:24:00,12.75,15101.0,United Kingdom
C511444,21535,RED RETROSPOT SMALL MILK JUG,-1,2010-06-08 12:26:00,2.55,16791.0,United Kingdom
C511444,79323W,WHITE CHERRY LIGHTS,-3,2010-06-08 12:26:00,6.75,16791.0,United Kingdom
C511444,79323LP,LIGHT PINK CHERRY LIGHTS,-1,2010-06-08 12:26:00,6.75,16791.0,United Kingdom
C511464,82494L,WOODEN FRAME ANTIQUE WHITE,-2,2010-06-08 12:55:00,2.55,15311.0,United Kingdom
C511464,37447,CERAMIC CAKE DESIGN SPOTTED PLATE,-1,2010-06-08 12:55:00,1.25,15311.0,United Kingdom
511470,85142,JARDIN ETCHED GLASS GINGER JAR,-98,2010-06-08 13:19:00,0.0,,United Kingdom
C511477,21426,WOODLAND STORAGE BOX SMALL,-48,2010-06-08 13:40:00,1.85,12409.0,Switzerland
C511477,21424,WOODLAND STORAGE BOX LARGE,-48,2010-06-08 13:40:00,2.55,12409.0,Switzerland
C511482,22431,WATERING CAN BLUE ELEPHANT,-6,2010-06-08 14:01:00,1.95,13300.0,United Kingdom
C511485,51014A,"FEATHER PEN,HOT PINK",-3,2010-06-08 14:11:00,0.85,17801.0,United Kingdom
C511502,22179,SET 10 LIGHTS NIGHT OWL,-1,2010-06-08 15:00:00,6.75,13109.0,United Kingdom
C511511,84782A,PINK 3 TIER GLASS PLATE STAND,-1,2010-06-08 15:37:00,12.75,13901.0,United Kingdom
C511516,M,Manual,-1,2010-06-08 16:22:00,297.57,14308.0,United Kingdom
C511518,22466,FAIRY TALE COTTAGE NIGHTLIGHT,-3,2010-06-08 16:25:00,1.95,13503.0,United Kingdom
C511518,15056N,EDWARDIAN PARASOL NATURAL,-1,2010-06-08 16:25:00,5.95,13503.0,United Kingdom
C511518,20703,BLUE PADDED SOFT MOBILE,-2,2010-06-08 16:25:00,4.25,13503.0,United Kingdom
C511519,22465,HANGING METAL STAR LANTERN,-1,2010-06-08 16:31:00,1.65,17962.0,United Kingdom
C511519,21728,METAL MEDINA LANTERN,-1,2010-06-08 16:31:00,12.75,17962.0,United Kingdom
C511521,M,Manual,-1,2010-06-08 16:45:00,849.45,14308.0,United Kingdom
C511524,M,Manual,-1,2010-06-08 16:52:00,849.45,14308.0,United Kingdom
C511526,22501,PICNIC BASKET WICKER LARGE,-1,2010-06-08 17:20:00,9.95,18214.0,United Kingdom
C511526,71053,WHITE METAL LANTERN,-1,2010-06-08 17:20:00,3.75,18214.0,United Kingdom
C511526,22384,LUNCH BAG PINK RETROSPOT,-98,2010-06-08 17:20:00,1.45,18214.0,United Kingdom
C511526,20725,LUNCH BAG RED SPOTTY,-99,2010-06-08 17:20:00,1.45,18214.0,United Kingdom
C511560,22461,SAVOY ART DECO CLOCK,-1,2010-06-09 10:39:00,12.75,18231.0,United Kingdom
C511560,20914,SET/5 RED SPOTTY LID GLASS BOWLS,-1,2010-06-09 10:39:00,2.95,18231.0,United Kingdom
511586,79000,MOROCCAN TEA GLASS,-588,2010-06-09 10:54:00,0.0,,United Kingdom
511587,84945,MULTI COLOUR SILVER T-LIGHT HOLDER,-48,2010-06-09 10:55:00,0.0,,United Kingdom
511588,84950,ASSORTED COLOUR T-LIGHT HOLDER,-48,2010-06-09 10:56:00,0.0,,United Kingdom
511589,72741,GRAND CHOCOLATECANDLE,-399,2010-06-09 10:56:00,0.0,,United Kingdom
511590,71459,HANGING JAM JAR T-LIGHT HOLDER,-285,2010-06-09 10:57:00,0.0,,United Kingdom
C511609,22524,CHILDRENS GARDEN GLOVES BLUE,-2,2010-06-09 11:19:00,1.25,13983.0,United Kingdom
C511609,22525,CHILDRENS GARDEN GLOVES PINK,-2,2010-06-09 11:19:00,1.25,13983.0,United Kingdom
C511617,85126,LARGE ROUND CUTGLASS CANDLESTICK,-1,2010-06-09 12:12:00,6.75,15527.0,United Kingdom
C511617,M,Manual,-15,2010-06-09 12:12:00,5.45,15527.0,United Kingdom
C511622,44230,SQUARE MIRROR CURTAIN,-5,2010-06-09 12:40:00,7.95,17888.0,United Kingdom
C511629,22198,LARGE POPCORN HOLDER,-3,2010-06-09 12:42:00,1.65,16401.0,United Kingdom
C511642,22465,HANGING METAL STAR LANTERN,-6,2010-06-09 13:27:00,1.65,,United Kingdom
C511642,22464,HANGING METAL HEART LANTERN,-6,2010-06-09 13:27:00,1.65,,United Kingdom
C511642,21866,UNION JACK FLAG LUGGAGE TAG,-1,2010-06-09 13:27:00,1.25,,United Kingdom
C511642,22505,MEMO BOARD COTTAGE DESIGN,-2,2010-06-09 13:27:00,4.95,,United Kingdom
C511644,21714,CITRONELLA CANDLE GARDEN POT,-10,2010-06-09 13:39:00,1.25,14194.0,United Kingdom
C511645,20703,BLUE PADDED SOFT MOBILE,-2,2010-06-09 13:42:00,4.25,13503.0,United Kingdom
C511645,22469,HEART OF WICKER SMALL,-3,2010-06-09 13:42:00,1.65,13503.0,United Kingdom
C511645,15056N,EDWARDIAN PARASOL NATURAL,-1,2010-06-09 13:42:00,5.95,13503.0,United Kingdom
C511646,22221,CAKE STAND LOVEBIRD 2 TIER PINK,-2,2010-06-09 13:43:00,9.95,15260.0,United Kingdom
C511647,22138,BAKING SET 9 PIECE RETROSPOT,-3,2010-06-09 13:45:00,4.95,13650.0,United Kingdom
C511647,21891,TRADITIONAL WOODEN SKIPPING ROPE,-12,2010-06-09 13:45:00,1.25,13650.0,United Kingdom
C511647,22621,TRADITIONAL KNITTING NANCY,-12,2010-06-09 13:45:00,1.45,13650.0,United Kingdom
C511648,22621,TRADITIONAL KNITTING NANCY,-12,2010-06-09 13:54:00,1.45,13650.0,United Kingdom
C511648,22138,BAKING SET 9 PIECE RETROSPOT,-3,2010-06-09 13:54:00,4.95,13650.0,United Kingdom
C511648,21891,TRADITIONAL WOODEN SKIPPING ROPE,-12,2010-06-09 13:54:00,1.25,13650.0,United Kingdom
C511649,21768,WALL MOUNTED VINTAGE ORGANISER,-1,2010-06-09 13:55:00,12.75,14543.0,United Kingdom
C511649,21559,STRAWBERRY LUNCH BOX WITH CUTLERY,-1,2010-06-09 13:55:00,2.55,14543.0,United Kingdom
C511649,21538,DAIRY MAID  PUDDING BOWL,-1,2010-06-09 13:55:00,3.75,14543.0,United Kingdom
C511649,21534,DAIRY MAID LARGE MILK JUG,-1,2010-06-09 13:55:00,4.95,14543.0,United Kingdom
C511649,21781,MA CAMPAGNE CUTLERY BOX,-11,2010-06-09 13:55:00,12.75,14543.0,United Kingdom
C511649,20892,SET/3 TALL GLASS CANDLE HOLDER PINK,-3,2010-06-09 13:55:00,12.75,14543.0,United Kingdom
C511649,21765,HANGING METAL BIRD BATH,-1,2010-06-09 13:55:00,7.95,14543.0,United Kingdom
C511649,85048,15CM CHRISTMAS GLASS BALL 20 LIGHTS,-1,2010-06-09 13:55:00,7.95,14543.0,United Kingdom
C511653,79323W,WHITE CHERRY LIGHTS,-20,2010-06-09 14:03:00,5.45,16258.0,United Kingdom
C511671,79323B,BLACK CHERRY LIGHTS,-1,2010-06-09 14:42:00,6.75,14099.0,United Kingdom
C511671,79323LP,LIGHT PINK CHERRY LIGHTS,-3,2010-06-09 14:42:00,6.75,14099.0,United Kingdom
C511671,79323P,PINK CHERRY LIGHTS,-4,2010-06-09 14:42:00,6.75,14099.0,United Kingdom
C511673,22335,HEART DECORATION PAINTED ZINC,-24,2010-06-09 14:50:00,0.65,16604.0,United Kingdom
C511673,22342,HOME GARLAND PAINTED ZINC,-12,2010-06-09 14:50:00,1.65,16604.0,United Kingdom
C511673,18098C,PORCELAIN BUTTERFLY OIL BURNER,-24,2010-06-09 14:50:00,2.95,16604.0,United Kingdom
C511674,79323P,PINK CHERRY LIGHTS,-1,2010-06-09 14:52:00,6.75,17411.0,United Kingdom
C511674,79323GR,GREEN CHERRY LIGHTS,-3,2010-06-09 14:52:00,6.75,17411.0,United Kingdom
C511674,79341,WILLOW BRANCH LIGHTS.,-2,2010-06-09 14:52:00,6.75,17411.0,United Kingdom
C511676,21928,JUMBO BAG SCANDINAVIAN PAISLEY,-1,2010-06-09 14:58:00,1.95,17091.0,United Kingdom
C511686,82484,WOOD BLACK BOARD ANT WHITE FINISH,-1,2010-06-09 15:52:00,6.45,15696.0,United Kingdom
C511688,21318,GLASS CHALICE BLUE SMALL,-2,2010-06-09 15:54:00,1.65,13020.0,United Kingdom
511697,22171,3 HOOK PHOTO SHELF ANTIQUE WHITE,-1,2010-06-09 16:55:00,0.0,,United Kingdom
511696,21760,FRENCH STYLE WALL DRESSER,-1,2010-06-09 16:55:00,0.0,,United Kingdom
C511707,21232,STRAWBERRY CERAMIC TRINKET BOX,-8,2010-06-10 10:09:00,1.25,16232.0,United Kingdom
C511739,22634,CHILDS BREAKFAST SET SPACEBOY,-5,2010-06-10 10:40:00,9.95,12682.0,France
C511739,22635,CHILDS BREAKFAST SET DOLLY GIRL,-3,2010-06-10 10:40:00,9.95,12682.0,France
C511739,22636,CHILDS BREAKFAST SET CIRCUS PARADE,-1,2010-06-10 10:40:00,8.5,12682.0,France
C511764,20686,DOLLY MIXTURE CHILDREN'S UMBRELLA,-2,2010-06-10 11:59:00,3.25,14329.0,United Kingdom
C511773,M,Manual,-1,2010-06-10 12:15:00,15.0,17032.0,United Kingdom
C511776,79323P,PINK CHERRY LIGHTS,-1,2010-06-10 12:30:00,6.75,16713.0,United Kingdom
C511776,79323W,WHITE CHERRY LIGHTS,-1,2010-06-10 12:30:00,6.75,16713.0,United Kingdom
C511784,21746,SMALL RED RETROSPOT WINDMILL,-1,2010-06-10 13:37:00,1.25,17597.0,United Kingdom
C511788,22064,PINK DOUGHNUT TRINKET POT,-2,2010-06-10 13:50:00,1.65,18168.0,United Kingdom
C511788,21232,STRAWBERRY CERAMIC TRINKET BOX,-1,2010-06-10 13:50:00,1.25,18168.0,United Kingdom
C511788,22055,MINI CAKE STAND  HANGING STRAWBERY,-1,2010-06-10 13:50:00,1.65,18168.0,United Kingdom
C511788,21527,RED RETROSPOT TRADITIONAL TEAPOT,-2,2010-06-10 13:50:00,7.95,18168.0,United Kingdom
C511793,M,Manual,-1,2010-06-10 14:12:00,241.38,16943.0,United Kingdom
C511795,85063,CREAM SWEETHEART MAGAZINE RACK,-1,2010-06-10 14:23:00,16.95,13659.0,United Kingdom
C511800,22605,WOODEN CROQUET GARDEN SET,-1,2010-06-10 14:57:00,10.95,13408.0,United Kingdom
C511804,21232,STRAWBERRY CERAMIC TRINKET BOX,-3,2010-06-10 15:27:00,1.25,14113.0,United Kingdom
C511804,22073,RED RETROSPOT STORAGE JAR,-1,2010-06-10 15:27:00,3.75,14113.0,United Kingdom
C511807,79323P,PINK CHERRY LIGHTS,-36,2010-06-10 15:29:00,5.45,17850.0,United Kingdom
C511807,79323LP,LIGHT PINK CHERRY LIGHTS,-20,2010-06-10 15:29:00,5.45,17850.0,United Kingdom
C511806,21313,GLASS HEART T-LIGHT HOLDER,-6,2010-06-10 15:29:00,0.64,15311.0,United Kingdom
C511809,22138,BAKING SET 9 PIECE RETROSPOT,-6,2010-06-10 15:32:00,4.95,17499.0,United Kingdom
C511809,22617,BAKING SET SPACEBOY DESIGN,-3,2010-06-10 15:32:00,4.95,17499.0,United Kingdom
C511811,22429,ENAMEL MEASURING JUG CREAM,-2,2010-06-10 15:33:00,4.25,13901.0,United Kingdom
C511812,85065,CREAM SWEETHEART TRAYS,-5,2010-06-10 15:41:00,9.95,16839.0,United Kingdom
C511813,79323B,BLACK CHERRY LIGHTS,-3,2010-06-10 15:51:00,6.75,17706.0,United Kingdom
C511813,79323LP,LIGHT PINK CHERRY LIGHTS,-6,2010-06-10 15:51:00,6.75,17706.0,United Kingdom
C511813,79341,WILLOW BRANCH LIGHTS.,-16,2010-06-10 15:51:00,6.75,17706.0,United Kingdom
C511813,79323G,GOLD  CHERRY LIGHTS,-14,2010-06-10 15:51:00,6.75,17706.0,United Kingdom
C511813,79323S,SILVER CHERRY LIGHTS,-29,2010-06-10 15:51:00,6.75,17706.0,United Kingdom
C511813,79323W,WHITE CHERRY LIGHTS,-14,2010-06-10 15:51:00,6.75,17706.0,United Kingdom
C511813,79323GR,GREEN CHERRY LIGHTS,-13,2010-06-10 15:51:00,6.75,17706.0,United Kingdom
C511814,79323GR,GREEN CHERRY LIGHTS,-13,2010-06-10 15:54:00,5.45,13694.0,United Kingdom
C511814,79323W,WHITE CHERRY LIGHTS,-29,2010-06-10 15:54:00,5.45,13694.0,United Kingdom
C511814,79323LP,LIGHT PINK CHERRY LIGHTS,-22,2010-06-10 15:54:00,5.45,13694.0,United Kingdom
C511814,79323P,PINK CHERRY LIGHTS,-61,2010-06-10 15:54:00,5.45,13694.0,United Kingdom
C511815,79323G,GOLD  CHERRY LIGHTS,-4,2010-06-10 16:03:00,6.75,16104.0,United Kingdom
C511815,79323S,SILVER CHERRY LIGHTS,-5,2010-06-10 16:03:00,6.75,16104.0,United Kingdom
C511815,79323W,WHITE CHERRY LIGHTS,-5,2010-06-10 16:03:00,6.75,16104.0,United Kingdom
C511815,79323P,PINK CHERRY LIGHTS,-5,2010-06-10 16:03:00,6.75,16104.0,United Kingdom
C511819,22138,BAKING SET 9 PIECE RETROSPOT,-5,2010-06-10 16:16:00,4.95,14168.0,United Kingdom
C511819,22618,COOKING SET RETROSPOT,-4,2010-06-10 16:16:00,9.95,14168.0,United Kingdom
C511820,22501,PICNIC BASKET WICKER LARGE,-1,2010-06-10 16:18:00,9.95,15260.0,United Kingdom
C511820,21535,RED RETROSPOT SMALL MILK JUG,-4,2010-06-10 16:18:00,2.55,15260.0,United Kingdom
C511821,22138,BAKING SET 9 PIECE RETROSPOT,-1,2010-06-10 16:21:00,4.95,13338.0,United Kingdom
C511821,21474,SWEETHEART CREAM STEEL FOLDIN BENCH,-1,2010-06-10 16:21:00,19.95,13338.0,United Kingdom
C511822,21533,RETRO SPOT LARGE MILK JUG,-9,2010-06-10 16:25:00,4.25,15633.0,United Kingdom
C511823,21718,RED METAL BEACH SPADE,-1,2010-06-10 16:30:00,1.25,12525.0,France
C511823,22519,CHILDS GARDEN BRUSH PINK,-1,2010-06-10 16:30:00,2.1,12525.0,France
C511823,22180,RETRO SPOT LAMP,-1,2010-06-10 16:30:00,9.95,12525.0,France
C511824,85042,ANTIQUE LILY FAIRY LIGHTS,-4,2010-06-10 16:32:00,4.95,13767.0,United Kingdom
C511827,21714,CITRONELLA CANDLE GARDEN POT,-8,2010-06-10 16:43:00,1.25,15670.0,United Kingdom
C511829,15058C,ICE CREAM DESIGN GARDEN PARASOL,-2,2010-06-10 16:45:00,3.95,18226.0,United Kingdom
C511831,22423,REGENCY CAKESTAND 3 TIER,-1,2010-06-10 17:04:00,10.95,16652.0,United Kingdom
C511833,79341,WILLOW BRANCH LIGHTS.,-8,2010-06-10 17:05:00,5.45,16210.0,United Kingdom
C511833,79323W,WHITE CHERRY LIGHTS,-20,2010-06-10 17:05:00,5.45,16210.0,United Kingdom
C511834,22646,CERAMIC STRAWBERRY CAKE MONEY BANK,-3,2010-06-10 17:10:00,1.45,13313.0,United Kingdom
C511835,85060,WOOD FAN WITH FLOWER DESIGN,-12,2010-06-10 17:10:00,1.25,14316.0,United Kingdom
C511837,16202B,PASTEL BLUE PHOTO ALBUM,-12,2010-06-10 17:12:00,1.95,14156.0,EIRE
C511837,16202A,PASTEL PINK PHOTO ALBUM,-12,2010-06-10 17:12:00,1.95,14156.0,EIRE
C511838,21623,VINTAGE UNION JACK MEMOBOARD,-1,2010-06-10 17:27:00,9.95,15696.0,United Kingdom
C511842,22358,KINGS CHOICE TEA CADDY,-1,2010-06-10 17:43:00,2.95,13699.0,United Kingdom
C511842,21784,SHOE SHINE BOX,-2,2010-06-10 17:43:00,9.95,13699.0,United Kingdom
C511842,21781,MA CAMPAGNE CUTLERY BOX,-2,2010-06-10 17:43:00,14.95,13699.0,United Kingdom
C511857,22138,BAKING SET 9 PIECE RETROSPOT,-3,2010-06-11 09:32:00,4.95,13995.0,United Kingdom
C511953,21100,CHARLIE AND LOLA CHARLOTTE BAG,-1,2010-06-11 12:55:00,1.65,,United Kingdom
C511965,21747,SMALL SKULL WINDMILL,-6,2010-06-11 13:34:00,1.25,14727.0,United Kingdom
C511965,21746,SMALL RED RETROSPOT WINDMILL,-6,2010-06-11 13:34:00,1.25,14727.0,United Kingdom
C511965,22440,BALLOON WATER BOMB PACK OF 35,-10,2010-06-11 13:34:00,0.42,14727.0,United Kingdom
C511965,22440,BALLOON WATER BOMB PACK OF 35,-10,2010-06-11 13:34:00,0.42,14727.0,United Kingdom
C511965,20832,RED FLOCK LOVE HEART PHOTO FRAME,-4,2010-06-11 13:34:00,0.85,14727.0,United Kingdom
C511965,22431,WATERING CAN BLUE ELEPHANT,-4,2010-06-11 13:34:00,1.95,14727.0,United Kingdom
C511965,22620,4 TRADITIONAL SPINNING TOPS,-4,2010-06-11 13:34:00,1.25,14727.0,United Kingdom
C511965,16235,RECYCLED PENCIL WITH RABBIT ERASER,-12,2010-06-11 13:34:00,0.21,14727.0,United Kingdom
C511965,16259,PIECE OF CAMO STATIONERY SET,-12,2010-06-11 13:34:00,0.21,14727.0,United Kingdom
C511965,22432,WATERING CAN PINK BUNNY,-4,2010-06-11 13:34:00,1.95,14727.0,United Kingdom
C511965,84270,ASSTD DESIGN BUBBLE GUM RING,-60,2010-06-11 13:34:00,0.21,14727.0,United Kingdom
C511965,10002,INFLATABLE POLITICAL GLOBE,-10,2010-06-11 13:34:00,0.85,14727.0,United Kingdom
C511965,15036,ASSORTED COLOURS SILK FAN,-12,2010-06-11 13:34:00,0.75,14727.0,United Kingdom
C511965,20975,12 PENCILS SMALL TUBE RED SPOTTY,-6,2010-06-11 13:34:00,0.65,14727.0,United Kingdom
C511965,20974,12 PENCILS SMALL TUBE SKULL,-6,2010-06-11 13:34:00,0.65,14727.0,United Kingdom
C511965,47422,ASSORTED MONKEY SUCTION CUP HOOK,-24,2010-06-11 13:34:00,0.42,14727.0,United Kingdom
C511965,21679,SKULLS  STICKERS,-18,2010-06-11 13:34:00,0.85,14727.0,United Kingdom
C511965,21542,WOODLAND WATER TRANSFER TATTOOS,-2,2010-06-11 13:34:00,0.85,14727.0,United Kingdom
C511965,21541,DINOSAURS WATER TRANSFER TATTOOS,-2,2010-06-11 13:34:00,0.85,14727.0,United Kingdom
C511965,21544,SKULLS  WATER TRANSFER TATTOOS,-2,2010-06-11 13:34:00,0.85,14727.0,United Kingdom
C511965,21677,HEARTS  STICKERS,-18,2010-06-11 13:34:00,0.85,14727.0,United Kingdom
C511965,22650,CERAMIC PIRATE CHEST MONEY BANK,-8,2010-06-11 13:34:00,1.45,14727.0,United Kingdom
C511965,21034,REX CASH+CARRY JUMBO SHOPPER,-2,2010-06-11 13:34:00,0.95,14727.0,United Kingdom
C511965,16052,TEATIME PUSH DOWN RUBBER,-24,2010-06-11 13:34:00,0.42,14727.0,United Kingdom
C511965,M,Manual,-6,2010-06-11 13:34:00,0.45,14727.0,United Kingdom
C511965,16033,MINI HIGHLIGHTER PENS,-120,2010-06-11 13:34:00,0.12,14727.0,United Kingdom
C511966,85063,CREAM SWEETHEART MAGAZINE RACK,-1,2010-06-11 13:35:00,16.95,14180.0,United Kingdom
C511996,M,Manual,-1,2010-06-11 15:31:00,648.05,17546.0,United Kingdom
C511999,M,Manual,-1,2010-06-11 15:44:00,1000.63,14255.0,United Kingdom
C512000,M,Manual,-1,2010-06-11 15:47:00,590.0,14255.0,United Kingdom
C512003,M,Manual,-1,2010-06-11 15:57:00,851.6,14255.0,United Kingdom
C512006,M,Manual,-1,2010-06-11 15:59:00,851.6,,United Kingdom
C512043,M,Manual,-1,2010-06-11 16:53:00,355.2,13231.0,United Kingdom
C512052,22072,RED RETROSPOT TEA CUP AND SAUCER,-1,2010-06-13 10:27:00,3.75,13736.0,United Kingdom
C512052,22172,METAL SHELF WITH RAIL,-1,2010-06-13 10:27:00,8.5,13736.0,United Kingdom
C512052,22215,CAKE STAND WHITE TWO TIER LACE,-1,2010-06-13 10:27:00,8.5,13736.0,United Kingdom
C512052,82613B,"METAL SIGN,CUPCAKE SINGLE HOOK",-1,2010-06-13 10:27:00,1.25,13736.0,United Kingdom
C512052,71038,WHITE HANGING BEADS CANDLE HOLDER,-1,2010-06-13 10:27:00,5.45,13736.0,United Kingdom
C512054,20727,LUNCH BAG  BLACK SKULL.,-1,2010-06-13 10:34:00,1.65,14451.0,United Kingdom
C512061,22617,BAKING SET SPACEBOY DESIGN,-1,2010-06-13 11:10:00,4.95,16768.0,United Kingdom
C512061,22461,SAVOY ART DECO CLOCK,-1,2010-06-13 11:10:00,12.75,16768.0,United Kingdom
C512085,21558,SKULL LUNCH BOX WITH CUTLERY,-1,2010-06-13 12:33:00,2.55,17920.0,United Kingdom
C512085,20727,LUNCH BAG  BLACK SKULL.,-1,2010-06-13 12:33:00,1.45,17920.0,United Kingdom
C512094,21035,SET/2 RED SPOTTY TEA TOWELS,-1,2010-06-13 13:14:00,2.95,17969.0,United Kingdom
C512094,21042,RED SPOTTY APRON,-1,2010-06-13 13:14:00,5.95,17969.0,United Kingdom
C512094,21154,RED SPOTTY OVEN GLOVE,-10,2010-06-13 13:14:00,1.25,17969.0,United Kingdom
C512099,84789,ENCHANTED BIRD PLANT CAGE,-1,2010-06-13 13:31:00,3.75,17231.0,United Kingdom
C512099,85126,LARGE ROUND CUTGLASS CANDLESTICK,-2,2010-06-13 13:31:00,6.75,17231.0,United Kingdom
C512099,22224,WHITE LOVEBIRD LANTERN,-1,2010-06-13 13:31:00,2.95,17231.0,United Kingdom
C512100,84388,WISE MAN STAR SHAPE EGG PAN,-1,2010-06-13 13:35:00,1.65,17841.0,United Kingdom
C512100,79160,HEART SHAPE WIRELESS DOORBELL,-2,2010-06-13 13:35:00,2.1,17841.0,United Kingdom
C512100,22461,SAVOY ART DECO CLOCK,-1,2010-06-13 13:35:00,12.75,17841.0,United Kingdom
C512100,72800B,S/4 PURPLE DINNER CANDLE BLK FLOCK,-2,2010-06-13 13:35:00,2.55,17841.0,United Kingdom
C512105,85099B,JUMBO BAG RED RETROSPOT,-10,2010-06-13 13:51:00,1.95,12747.0,United Kingdom
C512129,22483,RED GINGHAM TEDDY BEAR,-3,2010-06-14 10:20:00,2.95,14902.0,United Kingdom
C512129,21924,BLUE/CREAM STRIPE FRINGE HAMMOCK,-1,2010-06-14 10:20:00,7.95,14902.0,United Kingdom
C512252,22300,COFFEE MUG DOG + BALL DESIGN,-12,2010-06-14 12:47:00,2.55,18020.0,United Kingdom
C512252,22301,COFFEE MUG CAT + BIRD DESIGN,-12,2010-06-14 12:47:00,2.55,18020.0,United Kingdom
C512263,22072,RED RETROSPOT TEA CUP AND SAUCER,-3,2010-06-14 13:18:00,3.75,12982.0,United Kingdom
C512264,22335,HEART DECORATION PAINTED ZINC,-24,2010-06-14 13:20:00,0.65,17746.0,United Kingdom
C512265,84676,BATH DUCK WATERING CAN,-1,2010-06-14 13:22:00,2.95,17677.0,United Kingdom
C512265,20914,SET/5 RED SPOTTY LID GLASS BOWLS,-1,2010-06-14 13:22:00,2.55,17677.0,United Kingdom
C512266,71477,COLOUR GLASS. STAR T-LIGHT HOLDER,-7,2010-06-14 13:23:00,2.75,17675.0,United Kingdom
C512267,21790,VINTAGE SNAP CARDS,-2,2010-06-14 13:25:00,0.72,13112.0,United Kingdom
C512267,21713,CITRONELLA CANDLE FLOWERPOT,-9,2010-06-14 13:25:00,1.85,13112.0,United Kingdom
C512272,M,Manual,-2,2010-06-14 13:32:00,1.0,15031.0,United Kingdom
C512272,M,Manual,-8,2010-06-14 13:32:00,1.0,15031.0,United Kingdom
C512272,22035,VINTAGE CARAVAN GREETING CARD,-1,2010-06-14 13:32:00,0.42,15031.0,United Kingdom
C512272,20767,BLUE PAISLEY JOURNAL,-1,2010-06-14 13:32:00,2.55,15031.0,United Kingdom
C512272,21670,BLUE SPOT CERAMIC DRAWER KNOB,-3,2010-06-14 13:32:00,1.25,15031.0,United Kingdom
C512272,21912,VINTAGE SNAKES & LADDERS,-1,2010-06-14 13:32:00,3.75,15031.0,United Kingdom
C512272,85040A,S/4 PINK FLOWER CANDLES IN BOWL,-6,2010-06-14 13:32:00,1.65,15031.0,United Kingdom
C512272,20758,ABSTRACT CIRCLES POCKET BOOK,-1,2010-06-14 13:32:00,0.85,15031.0,United Kingdom
C512272,22197,SMALL POPCORN HOLDER,-1,2010-06-14 13:32:00,0.85,15031.0,United Kingdom
C512272,84992,72 SWEETHEART FAIRY CAKE CASES,-3,2010-06-14 13:32:00,0.55,15031.0,United Kingdom
C512272,84247L,FAWN AND MUSHROOM GREETING CARD,-12,2010-06-14 13:32:00,0.42,15031.0,United Kingdom
C512272,22028,PENNY FARTHING BIRTHDAY CARD,-12,2010-06-14 13:32:00,0.42,15031.0,United Kingdom
C512272,21509,COWBOYS AND INDIANS BIRTHDAY CARD,-12,2010-06-14 13:32:00,0.42,15031.0,United Kingdom
C512272,22027,TEA PARTY BIRTHDAY CARD,-12,2010-06-14 13:32:00,0.42,15031.0,United Kingdom
C512272,22037,ROBOT BIRTHDAY CARD,-12,2010-06-14 13:32:00,0.42,15031.0,United Kingdom
C512272,84249D,FAIRY CAKE GREETINGS CARD,-12,2010-06-14 13:32:00,0.42,15031.0,United Kingdom
C512272,21217,RED SPOTTY ROUND CAKE TINS,-1,2010-06-14 13:32:00,9.95,15031.0,United Kingdom
C512272,85035C,ROSE 3 WICK MORRIS BOX CANDLE,-3,2010-06-14 13:32:00,4.25,15031.0,United Kingdom
C512272,84378,SET OF 3 HEART COOKIE CUTTERS,-4,2010-06-14 13:32:00,1.25,15031.0,United Kingdom
C512272,21484,CHICK GREY HOT WATER BOTTLE,-2,2010-06-14 13:32:00,3.45,15031.0,United Kingdom
C512272,21481,FAWN BLUE HOT WATER BOTTLE,-3,2010-06-14 13:32:00,2.95,15031.0,United Kingdom
C512272,22114,HOT WATER BOTTLE TEA AND SYMPATHY,-3,2010-06-14 13:32:00,3.95,15031.0,United Kingdom
C512272,84030E,ENGLISH ROSE HOT WATER BOTTLE,-5,2010-06-14 13:32:00,4.25,15031.0,United Kingdom
C512272,21485,RED SPOT HEART HOT WATER BOTTLE,-4,2010-06-14 13:32:00,4.95,15031.0,United Kingdom
C512272,22145,CHRISTMAS CRAFT HEART STOCKING,-4,2010-06-14 13:32:00,2.1,15031.0,United Kingdom
C512272,22144,CHRISTMAS CRAFT LITTLE FRIENDS,-2,2010-06-14 13:32:00,2.1,15031.0,United Kingdom
C512272,22464,HANGING METAL HEART LANTERN,-1,2010-06-14 13:32:00,1.65,15031.0,United Kingdom
C512272,37446,MINI CAKE STAND WITH HANGING CAKES,-1,2010-06-14 13:32:00,1.45,15031.0,United Kingdom
C512272,21877,HOME SWEET HOME MUG,-2,2010-06-14 13:32:00,1.25,15031.0,United Kingdom
C512272,21216,"SET 3 RED SPOT TIN TEA,COFFEE,SUGAR",-1,2010-06-14 13:32:00,4.95,15031.0,United Kingdom
C512272,22142,CHRISTMAS CRAFT WHITE FAIRY,-4,2010-06-14 13:32:00,1.45,15031.0,United Kingdom
C512272,82494L,WOODEN FRAME ANTIQUE WHITE,-6,2010-06-14 13:32:00,2.95,15031.0,United Kingdom
C512272,84288B,SET/2 BLUE  NOODLE BASKETS,-2,2010-06-14 13:32:00,1.95,15031.0,United Kingdom
C512272,21906,PHARMACIE FIRST AID TIN,-2,2010-06-14 13:32:00,6.75,15031.0,United Kingdom
C512272,21611,SET OF 12 LILY BOTANICAL T-LIGHTS,-3,2010-06-14 13:32:00,2.95,15031.0,United Kingdom
C512272,21614,SET OF 12 ROSE BOTANICAL T-LIGHTS,-5,2010-06-14 13:32:00,2.95,15031.0,United Kingdom
C512272,21164,HOME SWEET HOME METAL SIGN,-7,2010-06-14 13:32:00,2.95,15031.0,United Kingdom
C512272,22198,LARGE POPCORN HOLDER,-2,2010-06-14 13:32:00,1.65,15031.0,United Kingdom
C512275,22138,BAKING SET 9 PIECE RETROSPOT,-3,2010-06-14 13:35:00,4.95,14128.0,United Kingdom
C512274,22341,LOVE GARLAND PAINTED ZINC,-1,2010-06-14 13:35:00,1.65,14615.0,United Kingdom
C512274,21313,GLASS HEART T-LIGHT HOLDER,-1,2010-06-14 13:35:00,0.85,14615.0,United Kingdom
C512274,22178,VICTORIAN GLASS HANGING T-LIGHT,-12,2010-06-14 13:35:00,1.25,14615.0,United Kingdom
C512278,22605,WOODEN CROQUET GARDEN SET,-1,2010-06-14 13:51:00,10.95,17612.0,United Kingdom
C512293,M,Manual,-1,2010-06-14 15:02:00,10.0,13069.0,United Kingdom
C512293,90167,BEADED LOVE HEART JEWELLERY SET,-288,2010-06-14 15:02:00,0.72,13069.0,United Kingdom
512296,22607,WOODEN ROUNDERS GARDEN SET,-1,2010-06-14 15:20:00,0.0,,United Kingdom
512297,22502,PICNIC BASKET WICKER SMALL,-1,2010-06-14 15:21:00,0.0,,United Kingdom
512298,84797B,BLUE SAVANNAH PICNIC HAMPER FOR 4,-1,2010-06-14 15:21:00,0.0,,United Kingdom
C512299,22275,WEEKEND BAG VINTAGE ROSE PAISLEY,-1,2010-06-14 15:28:00,8.5,13319.0,United Kingdom
C512300,79323W,WHITE CHERRY LIGHTS,-7,2010-06-14 15:30:00,6.75,14105.0,United Kingdom
C512300,79323LP,LIGHT PINK CHERRY LIGHTS,-7,2010-06-14 15:30:00,6.75,14105.0,United Kingdom
C512300,79323P,PINK CHERRY LIGHTS,-10,2010-06-14 15:30:00,6.75,14105.0,United Kingdom
C512300,15036,ASSORTED COLOURS SILK FAN,-4,2010-06-14 15:30:00,0.65,14105.0,United Kingdom
C512300,21755,LOVE BUILDING BLOCK WORD,-3,2010-06-14 15:30:00,5.95,14105.0,United Kingdom
C512300,79323B,BLACK CHERRY LIGHTS,-1,2010-06-14 15:30:00,6.75,14105.0,United Kingdom
C512300,79323G,GOLD  CHERRY LIGHTS,-10,2010-06-14 15:30:00,6.75,14105.0,United Kingdom
C512311,22428,ENAMEL FIRE BUCKET CREAM,-4,2010-06-14 17:08:00,6.95,16359.0,United Kingdom
C512313,22138,BAKING SET 9 PIECE RETROSPOT,-3,2010-06-15 09:06:00,4.95,16499.0,United Kingdom
C512314,79191C,RETRO PLASTIC ELEPHANT TRAY,-12,2010-06-15 09:07:00,0.85,17691.0,United Kingdom
C512315,22178,VICTORIAN GLASS HANGING T-LIGHT,-6,2010-06-15 09:09:00,1.25,17146.0,United Kingdom
C512315,82583,HOT BATHS METAL SIGN,-2,2010-06-15 09:09:00,2.1,17146.0,United Kingdom
C512317,21891,TRADITIONAL WOODEN SKIPPING ROPE,-5,2010-06-15 09:12:00,1.25,16133.0,United Kingdom
C512317,85068,CREAM SWEETHEART SHELF + HOOKS,-1,2010-06-15 09:12:00,6.95,16133.0,United Kingdom
C512317,22426,ENAMEL WASH BOWL CREAM,-1,2010-06-15 09:12:00,3.75,16133.0,United Kingdom
C512317,22424,ENAMEL BREAD BIN CREAM,-1,2010-06-15 09:12:00,12.75,16133.0,United Kingdom
C512322,15058A,BLUE WHITE SPOTS GARDEN PARASOL,-10,2010-06-15 09:33:00,6.75,12843.0,United Kingdom
C512323,D,Discount,-1,2010-06-15 09:39:00,20.0,14911.0,EIRE
C512323,22170,PICTURE FRAME WOOD TRIPLE PORTRAIT,-1,2010-06-15 09:39:00,6.75,14911.0,EIRE
C512323,16202B,PASTEL BLUE PHOTO ALBUM,-12,2010-06-15 09:39:00,1.95,14911.0,EIRE
C512323,16202A,PASTEL PINK PHOTO ALBUM,-12,2010-06-15 09:39:00,1.95,14911.0,EIRE
C512324,21172,PARTY METAL SIGN,-12,2010-06-15 09:43:00,1.45,15980.0,United Kingdom
C512325,22129,PARTY CONES CANDY TREE DECORATION,-18,2010-06-15 09:48:00,0.85,15812.0,United Kingdom
C512326,85123A,WHITE HANGING HEART T-LIGHT HOLDER,-4,2010-06-15 09:51:00,2.55,16001.0,United Kingdom
C512326,21733,RED HANGING HEART T-LIGHT HOLDER,-1,2010-06-15 09:51:00,2.95,16001.0,United Kingdom
C512326,35400,WOODEN BOX ADVENT CALENDAR,-2,2010-06-15 09:51:00,7.95,16001.0,United Kingdom
C512326,22335,HEART DECORATION PAINTED ZINC,-5,2010-06-15 09:51:00,0.65,16001.0,United Kingdom
C512326,35957,SMALLFOLKART BAUBLE CHRISTMAS DEC,-4,2010-06-15 09:51:00,0.42,16001.0,United Kingdom
C512326,21728,METAL MEDINA LANTERN,-1,2010-06-15 09:51:00,12.75,16001.0,United Kingdom
C512326,21231,SWEETHEART CERAMIC TRINKET BOX,-2,2010-06-15 09:51:00,1.25,16001.0,United Kingdom
C512326,21232,STRAWBERRY CERAMIC TRINKET BOX,-7,2010-06-15 09:51:00,1.25,16001.0,United Kingdom
C512326,84945,MULTI COLOUR SILVER T-LIGHT HOLDER,-5,2010-06-15 09:51:00,0.85,16001.0,United Kingdom
C512326,22190,LOCAL CAFE MUG,-1,2010-06-15 09:51:00,2.1,16001.0,United Kingdom
C512328,20723,STRAWBERRY CHARLOTTE BAG,-1,2010-06-15 10:40:00,0.85,12835.0,United Kingdom
C512333,15058B,PINK WHITE SPOTS GARDEN PARASOL,-1,2010-06-15 11:44:00,7.95,15039.0,United Kingdom
C512404,84682,CLASSICAL ROSE DISH,-1,2010-06-15 12:55:00,2.95,18009.0,United Kingdom
C512413,85063,CREAM SWEETHEART MAGAZINE RACK,-3,2010-06-15 13:35:00,16.95,15816.0,United Kingdom
C512424,22617,BAKING SET SPACEBOY DESIGN,-2,2010-06-15 14:41:00,4.95,16622.0,United Kingdom
C512424,22138,BAKING SET 9 PIECE RETROSPOT,-2,2010-06-15 14:41:00,4.95,16622.0,United Kingdom
C512427,M,Manual,-1,2010-06-15 15:02:00,207.89,,United Kingdom
C512428,BANK CHARGES,Bank Charges,-1,2010-06-15 15:03:00,388.41,,United Kingdom
C512429,M,Manual,-1,2010-06-15 15:05:00,1018.58,,United Kingdom
C512431,M,Manual,-1,2010-06-15 15:22:00,307.89,,United Kingdom
512438,47566,PARTY BUNTING,-700,2010-06-15 16:23:00,0.0,,United Kingdom
512440,47566,PARTY BUNTING,-150,2010-06-15 16:32:00,0.0,,United Kingdom
512442,71477,COLOUR GLASS. STAR T-LIGHT HOLDER,-312,2010-06-15 16:43:00,0.0,,United Kingdom
C512463,22168,ORGANISER WOOD ANTIQUE WHITE,-2,2010-06-16 10:31:00,8.5,16101.0,United Kingdom
C512465,85123A,WHITE HANGING HEART T-LIGHT HOLDER,-1,2010-06-16 10:45:00,2.95,16625.0,United Kingdom
C512515,22617,BAKING SET SPACEBOY DESIGN,-1,2010-06-16 11:19:00,4.95,16550.0,United Kingdom
C512515,20914,SET/5 RED SPOTTY LID GLASS BOWLS,-1,2010-06-16 11:19:00,2.95,16550.0,United Kingdom
C512524,22618,COOKING SET RETROSPOT,-1,2010-06-16 11:51:00,9.95,16037.0,United Kingdom
C512526,21528,DAIRY MAID TRADITIONAL TEAPOT,-1,2010-06-16 11:52:00,6.95,14210.0,United Kingdom
C512529,22097,SWALLOW SQUARE TISSUE BOX,-5,2010-06-16 11:55:00,1.25,15207.0,United Kingdom
C512530,85124C,GREEN JUICY FRUIT PHOTO FRAME,-5,2010-06-16 11:58:00,2.55,13078.0,United Kingdom
C512531,71459,HANGING JAM JAR T-LIGHT HOLDER,-3,2010-06-16 12:00:00,0.85,13745.0,United Kingdom
C512531,22421,LIPSTICK PEN FUSCHIA,-12,2010-06-16 12:00:00,0.42,13745.0,United Kingdom
C512543,21160,KEEP OUT GIRLS DOOR HANGER,-1,2010-06-16 13:17:00,1.45,15005.0,United Kingdom
C512543,21232,STRAWBERRY CERAMIC TRINKET BOX,-2,2010-06-16 13:17:00,1.25,15005.0,United Kingdom
C512543,84691,PACK 20 DOLLY PEGS,-1,2010-06-16 13:17:00,0.85,15005.0,United Kingdom
C512543,21231,SWEETHEART CERAMIC TRINKET BOX,-1,2010-06-16 13:17:00,1.25,15005.0,United Kingdom
C512543,22617,BAKING SET SPACEBOY DESIGN,-1,2010-06-16 13:17:00,4.95,15005.0,United Kingdom
C512592,21623,VINTAGE UNION JACK MEMOBOARD,-2,2010-06-16 16:34:00,9.95,16347.0,United Kingdom
C512592,22456,NATURAL SLATE CHALKBOARD LARGE,-1,2010-06-16 16:34:00,4.95,16347.0,United Kingdom
C512600,22320,BIRDS MOBILE VINTAGE DESIGN,-3,2010-06-16 17:00:00,5.95,17677.0,United Kingdom
C512600,84676,BATH DUCK WATERING CAN,-1,2010-06-16 17:00:00,2.95,17677.0,United Kingdom
C512603,22501,PICNIC BASKET WICKER LARGE,-2,2010-06-17 09:25:00,9.95,14978.0,United Kingdom
C512650,22439,6 ROCKET BALLOONS,-5,2010-06-17 11:10:00,0.65,,United Kingdom
C512660,47594B,SCOTTIES DESIGN WASHBAG,-1,2010-06-17 11:30:00,1.95,13446.0,United Kingdom
C512660,22170,PICTURE FRAME WOOD TRIPLE PORTRAIT,-1,2010-06-17 11:30:00,6.75,13446.0,United Kingdom
C512668,22184,CAKE STAND VICTORIAN FILIGREE LARGE,-2,2010-06-17 11:33:00,8.5,16158.0,United Kingdom
C512707,22109,FULL ENGLISH BREAKFAST PLATE,-1,2010-06-17 12:14:00,3.75,,United Kingdom
C512707,22107,PIZZA PLATE IN BOX,-1,2010-06-17 12:14:00,3.75,,United Kingdom
C512707,22553,PLASTERS IN TIN SKULLS,-1,2010-06-17 12:14:00,1.65,,United Kingdom
C512707,21161,KEEP OUT BOYS DOOR HANGER,-1,2010-06-17 12:14:00,1.45,,United Kingdom
C512707,21832,CHOCOLATE CALCULATOR,-1,2010-06-17 12:14:00,1.65,,United Kingdom
C512707,21031,SPACE CADET BLACK,-1,2010-06-17 12:14:00,1.25,,United Kingdom
C512747,M,Manual,-1,2010-06-17 14:54:00,955.06,13335.0,United Kingdom
C512752,M,Manual,-1,2010-06-17 15:23:00,3248.86,18023.0,United Kingdom
C512756,85118,HEART T-LIGHT HOLDER,-5,2010-06-17 15:36:00,1.25,13077.0,United Kingdom
C512756,18094C,WHITE AND BLUE CERAMIC OIL BURNER,-1,2010-06-17 15:36:00,1.25,13077.0,United Kingdom
C512757,72038P,PRICE'S CANDLE PEACH,-50,2010-06-17 15:46:00,0.21,13077.0,United Kingdom
C512758,M,Manual,-1,2010-06-17 15:49:00,4620.86,16981.0,United Kingdom
C512763,POST,POSTAGE,-1,2010-06-17 16:10:00,3.58,,United Kingdom
C512763,17003,BROCADE RING PURSE,-1,2010-06-17 16:10:00,0.42,,United Kingdom
C512763,22502,PICNIC BASKET WICKER SMALL,-1,2010-06-17 16:10:00,8.47,,United Kingdom
C512768,79341,WILLOW BRANCH LIGHTS.,-8,2010-06-17 16:35:00,5.45,14290.0,United Kingdom
C512768,79323W,WHITE CHERRY LIGHTS,-20,2010-06-17 16:35:00,5.45,14290.0,United Kingdom
C512770,M,Manual,-1,2010-06-17 16:52:00,25111.09,17399.0,United Kingdom
C512769,71459,HANGING JAM JAR T-LIGHT HOLDER,-1,2010-06-17 16:52:00,0.85,14849.0,United Kingdom
C512769,79000,MOROCCAN TEA GLASS,-1,2010-06-17 16:52:00,0.85,14849.0,United Kingdom
C512773,20914,SET/5 RED SPOTTY LID GLASS BOWLS,-1,2010-06-17 17:01:00,2.55,13983.0,United Kingdom
C512774,22618,COOKING SET RETROSPOT,-1,2010-06-17 17:10:00,9.95,16037.0,United Kingdom
C512775,37370,RETRO COFFEE MUGS ASSORTED,-4,2010-06-17 17:24:00,1.25,18258.0,United Kingdom
C512777,22423,REGENCY CAKESTAND 3 TIER,-1,2010-06-17 17:41:00,12.75,15432.0,United Kingdom
C512778,21523,DOOR MAT FANCY FONT HOME SWEET HOME,-1,2010-06-17 17:45:00,7.49,15023.0,United Kingdom
C512778,22384,LUNCH BAG PINK RETROSPOT,-1,2010-06-17 17:45:00,1.65,15023.0,United Kingdom
C512778,22061,LARGE CAKE STAND  HANGING STRAWBERY,-1,2010-06-17 17:45:00,9.95,15023.0,United Kingdom
C512785,22605,WOODEN CROQUET GARDEN SET,-1,2010-06-18 08:24:00,12.75,14505.0,United Kingdom
C512785,85061W,WHITE JEWELLED HEART DECORATION,-17,2010-06-18 08:24:00,0.85,14505.0,United Kingdom
C512790,22606,WOODEN SKITTLES GARDEN SET,-1,2010-06-18 09:35:00,15.95,13297.0,United Kingdom
C512792,21643,ASSORTED TUTTI FRUTTI MIRROR,-1,2010-06-18 09:36:00,1.25,15141.0,United Kingdom
C512792,85175,CACTI T-LIGHT CANDLES,-3,2010-06-18 09:36:00,0.42,15141.0,United Kingdom
C512793,22636,CHILDS BREAKFAST SET CIRCUS PARADE,-1,2010-06-18 09:39:00,8.5,17017.0,United Kingdom
C512793,71459,HANGING JAM JAR T-LIGHT HOLDER,-14,2010-06-18 09:39:00,0.72,17017.0,United Kingdom
C512794,21922,UNION STRIPE WITH FRINGE  HAMMOCK,-1,2010-06-18 10:17:00,7.95,15447.0,United Kingdom
C512796,85014B,RED/WHITE DOTS RUFFLED UMBRELLA,-1,2010-06-18 10:25:00,5.95,16797.0,United Kingdom
C512796,22215,CAKE STAND WHITE TWO TIER LACE,-1,2010-06-18 10:25:00,8.5,16797.0,United Kingdom
C512796,82494L,WOODEN FRAME ANTIQUE WHITE,-1,2010-06-18 10:25:00,2.95,16797.0,United Kingdom
512801,21330,WOODLAND ANIMAL  WRITING SET,-207,2010-06-18 10:57:00,0.0,,United Kingdom
C512805,M,Manual,-1,2010-06-18 11:18:00,241.38,,United Kingdom
C512845,C2,CARRIAGE,-1,2010-06-18 11:40:00,50.0,13338.0,United Kingdom
512884,85060,WOOD FAN WITH FLOWER DESIGN,-88,2010-06-18 12:02:00,0.0,,United Kingdom
C512898,M,Manual,-1,2010-06-18 12:53:00,302.09,14967.0,United Kingdom
512908,21153,RED SPOTTY TABLECLOTH,-73,2010-06-18 14:33:00,0.0,,United Kingdom
C512913,79323B,BLACK CHERRY LIGHTS,-4,2010-06-18 15:06:00,6.75,16838.0,United Kingdom
C512928,22423,REGENCY CAKESTAND 3 TIER,-1,2010-06-20 11:02:00,12.75,16710.0,United Kingdom
513098,84508A,CAMOFLAGE DESIGN TEDDY,-48,2010-06-21 15:08:00,0.0,,United Kingdom
C513100,21843,RED RETROSPOT CAKE STAND,-1,2010-06-21 15:21:00,10.95,13421.0,United Kingdom
C513185,22634,CHILDS BREAKFAST SET SPACEBOY,-1,2010-06-22 13:27:00,8.5,14646.0,Netherlands
C513185,22635,CHILDS BREAKFAST SET DOLLY GIRL,-7,2010-06-22 13:27:00,8.5,14646.0,Netherlands
C513193,21476,STEEL SWEETHEART ROUND TABLE CREAM,-1,2010-06-22 14:28:00,14.95,16894.0,United Kingdom
C513198,22464,HANGING METAL HEART LANTERN,-1,2010-06-22 16:11:00,1.65,16191.0,United Kingdom
C513317,22467,GUMBALL COAT RACK,-1,2010-06-23 16:14:00,2.55,17092.0,United Kingdom
C513346,22452,MEASURING TAPE BABUSHKA PINK,-6,2010-06-24 10:58:00,2.95,16518.0,United Kingdom
C513404,21527,RED RETROSPOT TRADITIONAL TEAPOT,-1,2010-06-24 11:54:00,7.95,14911.0,EIRE
C513404,72741,GRAND CHOCOLATECANDLE,-1,2010-06-24 11:54:00,1.45,14911.0,EIRE
C513404,22220,CAKE STAND LOVEBIRD 2 TIER WHITE,-1,2010-06-24 11:54:00,9.95,14911.0,EIRE
C513404,22138,BAKING SET 9 PIECE RETROSPOT,-6,2010-06-24 11:54:00,4.95,14911.0,EIRE
C513406,22215,CAKE STAND WHITE TWO TIER LACE,-1,2010-06-24 11:56:00,8.5,15358.0,United Kingdom
C513406,22618,COOKING SET RETROSPOT,-1,2010-06-24 11:56:00,9.95,15358.0,United Kingdom
C513406,22494,EMERGENCY FIRST AID TIN,-3,2010-06-24 11:56:00,1.25,15358.0,United Kingdom
C513407,21188,3D HEARTS  HONEYCOMB PAPER GARLAND,-1,2010-06-24 12:01:00,2.95,15381.0,United Kingdom
C513408,71459,HANGING JAM JAR T-LIGHT HOLDER,-5,2010-06-24 12:09:00,0.85,13093.0,United Kingdom
C513411,85063,CREAM SWEETHEART MAGAZINE RACK,-4,2010-06-24 12:12:00,14.95,16191.0,United Kingdom
C513412,84946,ANTIQUE SILVER TEA GLASS ETCHED,-2,2010-06-24 12:13:00,1.25,16094.0,United Kingdom
C513412,21432,SET OF 3 CASES WOODLAND DESIGN,-1,2010-06-24 12:13:00,5.95,16094.0,United Kingdom
C513414,84782A,PINK 3 TIER GLASS PLATE STAND,-1,2010-06-24 12:15:00,12.75,13338.0,United Kingdom
C513414,85063,CREAM SWEETHEART MAGAZINE RACK,-1,2010-06-24 12:15:00,16.95,13338.0,United Kingdom
C513418,82581,TOILET METAL SIGN,-12,2010-06-24 12:36:00,0.55,17696.0,United Kingdom
C513418,21429,RED GINGHAM ROSE JEWELLERY BOX,-8,2010-06-24 12:36:00,1.65,17696.0,United Kingdom
C513421,21249,WOODLAND  HEIGHT CHART STICKERS,-8,2010-06-24 12:39:00,2.95,17696.0,United Kingdom
C513421,82581,TOILET METAL SIGN,-12,2010-06-24 12:39:00,0.55,17696.0,United Kingdom
C513423,D,Discount,-1,2010-06-24 12:51:00,16.55,14527.0,United Kingdom
C513424,S,SAMPLES,-1,2010-06-24 12:53:00,6.75,,United Kingdom
C513424,S,SAMPLES,-1,2010-06-24 12:53:00,19.9,,United Kingdom
C513427,BANK CHARGES,Bank Charges,-1,2010-06-24 13:01:00,128.71,,United Kingdom
C513429,90196A,PURPLE GEMSTONE NECKLACE 45CM,-1,2010-06-24 13:33:00,12.75,16623.0,United Kingdom
C513430,21923,RED/CREAM STRIPE FRINGE HAMMOCK,-1,2010-06-24 13:40:00,7.95,16500.0,United Kingdom
C513433,22461,SAVOY ART DECO CLOCK,-2,2010-06-24 13:53:00,12.75,15858.0,United Kingdom
C513453,21563,RED HEART SHAPE LOVE BUCKET,-2,2010-06-24 15:19:00,2.95,12412.0,Denmark
C513459,22138,BAKING SET 9 PIECE RETROSPOT,-3,2010-06-24 15:49:00,4.95,15323.0,United Kingdom
C513459,21925,UNION STRIPE CUSHION COVER,-12,2010-06-24 15:49:00,1.25,15323.0,United Kingdom
C513459,22617,BAKING SET SPACEBOY DESIGN,-3,2010-06-24 15:49:00,4.95,15323.0,United Kingdom
C513459,22502,PICNIC BASKET WICKER SMALL,-4,2010-06-24 15:49:00,4.25,15323.0,United Kingdom
C513459,22277,COSMETIC BAG VINTAGE ROSE PAISLEY,-1,2010-06-24 15:49:00,2.1,15323.0,United Kingdom
C513459,22618,COOKING SET RETROSPOT,-2,2010-06-24 15:49:00,9.95,15323.0,United Kingdom
C513459,21926,RED/CREAM STRIPE CUSHION COVER,-12,2010-06-24 15:49:00,1.25,15323.0,United Kingdom
C513459,21927,BLUE/CREAM STRIPE CUSHION COVER,-12,2010-06-24 15:49:00,1.25,15323.0,United Kingdom
C513462,22218,CAKE STAND LACE WHITE,-1,2010-06-24 16:05:00,4.25,15827.0,United Kingdom
C513462,22429,ENAMEL MEASURING JUG CREAM,-4,2010-06-24 16:05:00,4.25,15827.0,United Kingdom
C513463,82484,WOOD BLACK BOARD ANT WHITE FINISH,-1,2010-06-24 16:07:00,6.45,15719.0,United Kingdom
C513464,22198,LARGE POPCORN HOLDER,-2,2010-06-24 16:13:00,1.65,15785.0,United Kingdom
C513464,22197,SMALL POPCORN HOLDER,-1,2010-06-24 16:13:00,0.85,15785.0,United Kingdom
C513465,22618,COOKING SET RETROSPOT,-1,2010-06-24 16:14:00,9.95,16225.0,United Kingdom
C513465,21777,RECIPE BOX WITH METAL HEART,-1,2010-06-24 16:14:00,7.95,16225.0,United Kingdom
C513466,84945,MULTI COLOUR SILVER T-LIGHT HOLDER,-5,2010-06-24 16:18:00,0.85,14198.0,United Kingdom
C513467,22139,RETRO SPOT TEA SET CERAMIC 11 PC,-1,2010-06-24 16:21:00,4.95,14315.0,United Kingdom
513471,82583,HOT BATHS METAL SIGN,-626,2010-06-24 16:48:00,0.0,,United Kingdom
513474,84968D,S/16 VINTAGE RED CUTLERY,-266,2010-06-24 16:52:00,0.0,,United Kingdom
C513477,PADS,PADS TO MATCH ALL CUSHIONS,-1,2010-06-24 16:56:00,36.6,14459.0,United Kingdom
C513478,POST,POSTAGE,-1,2010-06-24 17:03:00,8.21,15513.0,United Kingdom
C513478,21201,TROPICAL  HONEYCOMB PAPER GARLAND,-12,2010-06-24 17:03:00,2.55,15513.0,United Kingdom
C513479,47568,ENGLISH ROSE DESIGN PEG BAG,-6,2010-06-24 17:04:00,2.1,12982.0,United Kingdom
C513479,21174,POTTERING IN THE SHED METAL SIGN,-2,2010-06-24 17:04:00,1.95,12982.0,United Kingdom
C513479,85150,LADIES & GENTLEMEN METAL SIGN,-2,2010-06-24 17:04:00,2.55,12982.0,United Kingdom
C513479,82607A,GLASS BONBON JAR PARFUME AUX FLEURE,-1,2010-06-24 17:04:00,1.25,12982.0,United Kingdom
C513479,22284,HEN HOUSE DECORATION,-1,2010-06-24 17:04:00,1.65,12982.0,United Kingdom
C513480,79323B,BLACK CHERRY LIGHTS,-1,2010-06-24 17:06:00,6.75,17071.0,United Kingdom
C513480,21232,STRAWBERRY CERAMIC TRINKET BOX,-2,2010-06-24 17:06:00,1.25,17071.0,United Kingdom
C513481,22558,CLOTHES PEGS RETROSPOT PACK 24,-24,2010-06-24 17:30:00,1.25,13552.0,United Kingdom
C513482,22564,ALPHABET STENCIL CRAFT,-240,2010-06-24 17:32:00,1.06,16684.0,United Kingdom
C513483,79323W,WHITE CHERRY LIGHTS,-11,2010-06-24 17:36:00,6.75,13468.0,United Kingdom
C513483,22210,WOOD STAMP SET BEST WISHES,-1,2010-06-24 17:36:00,1.65,13468.0,United Kingdom
C513483,37449,CERAMIC CAKE STAND + HANGING CAKES,-2,2010-06-24 17:36:00,9.95,13468.0,United Kingdom
C513484,79323W,WHITE CHERRY LIGHTS,-6,2010-06-24 17:45:00,6.75,12949.0,United Kingdom
C513484,79323LP,LIGHT PINK CHERRY LIGHTS,-6,2010-06-24 17:45:00,6.75,12949.0,United Kingdom
C513485,79323W,WHITE CHERRY LIGHTS,-17,2010-06-24 17:48:00,5.45,14895.0,United Kingdom
C513486,79323G,GOLD  CHERRY LIGHTS,-4,2010-06-24 17:51:00,6.75,18286.0,United Kingdom
C513486,79323S,SILVER CHERRY LIGHTS,-4,2010-06-24 17:51:00,6.75,18286.0,United Kingdom
C513486,79323B,BLACK CHERRY LIGHTS,-8,2010-06-24 17:51:00,6.75,18286.0,United Kingdom
C513488,22526,WHEELBARROW FOR CHILDREN,-3,2010-06-24 18:31:00,12.75,14857.0,United Kingdom
C513489,79323LP,LIGHT PINK CHERRY LIGHTS,-11,2010-06-24 18:33:00,5.45,15513.0,United Kingdom
C513489,79323W,WHITE CHERRY LIGHTS,-24,2010-06-24 18:33:00,5.45,15513.0,United Kingdom
C513504,22355,CHARLOTTE BAG SUKI DESIGN,-10,2010-06-25 10:39:00,0.85,13488.0,United Kingdom
C513550,22170,PICTURE FRAME WOOD TRIPLE PORTRAIT,-1,2010-06-25 12:25:00,6.75,13564.0,United Kingdom
C513587,79323LP,LIGHT PINK CHERRY LIGHTS,-30,2010-06-27 10:41:00,5.45,14970.0,United Kingdom
C513587,79323P,PINK CHERRY LIGHTS,-16,2010-06-27 10:41:00,5.45,14970.0,United Kingdom
C513587,79323W,WHITE CHERRY LIGHTS,-29,2010-06-27 10:41:00,5.45,14970.0,United Kingdom
C513587,79323GR,GREEN CHERRY LIGHTS,-24,2010-06-27 10:41:00,5.45,14970.0,United Kingdom
C513587,79323S,SILVER CHERRY LIGHTS,-26,2010-06-27 10:41:00,5.45,14970.0,United Kingdom
C513587,79323G,GOLD  CHERRY LIGHTS,-20,2010-06-27 10:41:00,5.45,14970.0,United Kingdom
C513588,22325,MOBILE VINTAGE HEARTS,-1,2010-06-27 10:43:00,4.95,15580.0,United Kingdom
C513588,47589,CONGRATULATIONS BUNTING,-2,2010-06-27 10:43:00,5.45,15580.0,United Kingdom
C513588,47590B,PINK HAPPY BIRTHDAY BUNTING,-2,2010-06-27 10:43:00,5.45,15580.0,United Kingdom
C513588,22379,RECYCLING BAG RETROSPOT,-1,2010-06-27 10:43:00,2.1,15580.0,United Kingdom
C513588,21718,RED METAL BEACH SPADE,-1,2010-06-27 10:43:00,1.25,15580.0,United Kingdom
C513588,22520,CHILDS GARDEN TROWEL BLUE,-1,2010-06-27 10:43:00,0.85,15580.0,United Kingdom
C513588,22521,CHILDS GARDEN TROWEL PINK,-2,2010-06-27 10:43:00,0.85,15580.0,United Kingdom
C513588,22523,CHILDS GARDEN FORK PINK,-2,2010-06-27 10:43:00,0.85,15580.0,United Kingdom
C513588,22522,CHILDS GARDEN FORK BLUE,-3,2010-06-27 10:43:00,0.85,15580.0,United Kingdom
C513588,22617,BAKING SET SPACEBOY DESIGN,-3,2010-06-27 10:43:00,4.95,15580.0,United Kingdom
C513588,22138,BAKING SET 9 PIECE RETROSPOT,-2,2010-06-27 10:43:00,4.95,15580.0,United Kingdom
C513590,21623,VINTAGE UNION JACK MEMOBOARD,-40,2010-06-27 10:49:00,8.5,14970.0,United Kingdom
C513595,79341,WILLOW BRANCH LIGHTS.,-1,2010-06-27 11:11:00,6.75,15998.0,United Kingdom
C513595,79323GR,GREEN CHERRY LIGHTS,-1,2010-06-27 11:11:00,6.75,15998.0,United Kingdom
C513595,79323W,WHITE CHERRY LIGHTS,-2,2010-06-27 11:11:00,6.75,15998.0,United Kingdom
C513595,79323P,PINK CHERRY LIGHTS,-1,2010-06-27 11:11:00,6.75,15998.0,United Kingdom
C513603,85159B,"WHITE TEA,COFFEE,SUGAR JARS",-1,2010-06-27 11:33:00,6.35,17618.0,United Kingdom
C513603,85160B,BLACK BIRD GARDEN DESIGN MUG,-1,2010-06-27 11:33:00,1.25,17618.0,United Kingdom
C513603,21231,SWEETHEART CERAMIC TRINKET BOX,-1,2010-06-27 11:33:00,1.25,17618.0,United Kingdom
C513610,20702,PINK PADDED MOBILE,-1,2010-06-27 12:09:00,4.25,14606.0,United Kingdom
C513610,21790,VINTAGE SNAP CARDS,-1,2010-06-27 12:09:00,0.85,14606.0,United Kingdom
C513645,22357,KINGS CHOICE BISCUIT TIN,-4,2010-06-27 15:51:00,4.25,14505.0,United Kingdom
C513645,22358,KINGS CHOICE TEA CADDY,-2,2010-06-27 15:51:00,2.95,14505.0,United Kingdom
C513654,22423,REGENCY CAKESTAND 3 TIER,-1,2010-06-28 10:00:00,12.75,12621.0,Germany
C513668,21635,MADRAS NOTEBOOK LARGE,-12,2010-06-28 11:28:00,3.75,17389.0,United Kingdom
C513745,79323W,WHITE CHERRY LIGHTS,-2,2010-06-28 12:24:00,6.75,13089.0,United Kingdom
C513745,79323P,PINK CHERRY LIGHTS,-5,2010-06-28 12:24:00,6.75,13089.0,United Kingdom
C513746,22060,LARGE CAKE STAND HANGING HEARTS,-1,2010-06-28 12:27:00,9.95,12417.0,Belgium
C513748,21432,SET OF 3 CASES WOODLAND DESIGN,-10,2010-06-28 12:31:00,5.45,14646.0,Netherlands
C513749,22333,RETRO SPORT PARTY BAG + STICKER SET,-2,2010-06-28 12:37:00,1.65,12472.0,Germany
C513749,22077,6 RIBBONS RUSTIC CHARM,-4,2010-06-28 12:37:00,1.65,12472.0,Germany
C513749,22355,CHARLOTTE BAG SUKI DESIGN,-1,2010-06-28 12:37:00,0.85,12472.0,Germany
C513749,20724,RED SPOTTY CHARLOTTE BAG,-1,2010-06-28 12:37:00,0.85,12472.0,Germany
C513749,20719,WOODLAND CHARLOTTE BAG,-2,2010-06-28 12:37:00,0.85,12472.0,Germany
C513749,20723,STRAWBERRY CHARLOTTE BAG,-1,2010-06-28 12:37:00,0.85,12472.0,Germany
C513749,22245,"HOOK, 1 HANGER ,MAGIC GARDEN",-3,2010-06-28 12:37:00,0.85,12472.0,Germany
C513749,22244,"HOOK, 3 HANGER ,MAGIC GARDEN",-4,2010-06-28 12:37:00,1.95,12472.0,Germany
C513749,22242,"HOOK, 5 HANGER , MAGIC TOADSTOOL",-2,2010-06-28 12:37:00,1.65,12472.0,Germany
C513749,22212,FOUR HOOK  WHITE LOVEBIRDS,-2,2010-06-28 12:37:00,2.1,12472.0,Germany
C513749,21535,RED RETROSPOT SMALL MILK JUG,-1,2010-06-28 12:37:00,2.55,12472.0,Germany
C513749,21431,GREEN GINGHAM FLOWER JEWELLERY BOX,-1,2010-06-28 12:37:00,1.65,12472.0,Germany
C513749,21671,RED SPOT CERAMIC DRAWER KNOB,-1,2010-06-28 12:37:00,1.25,12472.0,Germany
C513749,22450,SILK PURSE RUSSIAN DOLL BLUE,-3,2010-06-28 12:37:00,3.35,12472.0,Germany
C513749,22326,ROUND SNACK BOXES SET OF4 WOODLAND,-1,2010-06-28 12:37:00,2.95,12472.0,Germany
C513749,47591A,CAROUSEL DES CHILD'S APRON,-7,2010-06-28 12:37:00,1.65,12472.0,Germany
C513749,21746,SMALL RED RETROSPOT WINDMILL,-1,2010-06-28 12:37:00,1.25,12472.0,Germany
C513765,35004C,SET OF 3 COLOURED  FLYING DUCKS,-2,2010-06-28 13:20:00,5.45,16683.0,United Kingdom
C513771,21679,SKULLS  STICKERS,-576,2010-06-28 13:49:00,0.72,16754.0,United Kingdom
C513771,21207,SKULL AND CROSSBONES  GARLAND,-320,2010-06-28 13:49:00,1.45,16754.0,United Kingdom
C513771,21086,SET/6 RED SPOTTY PAPER CUPS,-576,2010-06-28 13:49:00,0.53,16754.0,United Kingdom
C513771,21094,SET/6 RED SPOTTY PAPER PLATES,-576,2010-06-28 13:49:00,0.64,16754.0,United Kingdom
C513771,21080,SET/20 RED SPOTTY PAPER NAPKINS,-576,2010-06-28 13:49:00,0.64,16754.0,United Kingdom
C513771,22333,RETRO SPORT PARTY BAG + STICKER SET,-432,2010-06-28 13:49:00,1.45,16754.0,United Kingdom
C513771,22090,PAPER BUNTING RETRO SPOTS,-400,2010-06-28 13:49:00,2.55,16754.0,United Kingdom
C513771,22083,PAPER CHAIN KIT RETRO SPOT,-400,2010-06-28 13:49:00,2.55,16754.0,United Kingdom
C513771,21987,PACK OF 6 SKULL PAPER CUPS,-96,2010-06-28 13:49:00,0.65,16754.0,United Kingdom
C513771,21988,PACK OF 6 SKULL PAPER PLATES,-576,2010-06-28 13:49:00,0.64,16754.0,United Kingdom
C513771,21989,PACK OF 20 SKULL PAPER NAPKINS,-576,2010-06-28 13:49:00,0.64,16754.0,United Kingdom
C513771,22332,SKULLS PARTY BAG + STICKER SET,-432,2010-06-28 13:49:00,1.45,16754.0,United Kingdom
C513771,22085,PAPER CHAIN KIT SKULLS,-400,2010-06-28 13:49:00,2.55,16754.0,United Kingdom
C513771,21704,BAG 250g SWIRLY MARBLES,-648,2010-06-28 13:49:00,0.72,16754.0,United Kingdom
C513780,21679,SKULLS  STICKERS,-288,2010-06-28 14:15:00,0.72,16754.0,United Kingdom
C513780,21207,SKULL AND CROSSBONES  GARLAND,-120,2010-06-28 14:15:00,1.45,16754.0,United Kingdom
C513780,21086,SET/6 RED SPOTTY PAPER CUPS,-192,2010-06-28 14:15:00,0.53,16754.0,United Kingdom
C513780,22085,PAPER CHAIN KIT SKULLS,-160,2010-06-28 14:15:00,2.55,16754.0,United Kingdom
513826,47566B,TEA TIME PARTY BUNTING,-144,2010-06-29 10:50:00,0.0,,United Kingdom
C513866,22197,SMALL POPCORN HOLDER,-1,2010-06-29 11:36:00,0.85,16155.0,United Kingdom
C513866,22094,RED POLKA DOT TISSUE BOX,-12,2010-06-29 11:36:00,1.25,16155.0,United Kingdom
C513935,20728,LUNCH BAG CARS BLUE,-1,2010-06-29 12:38:00,1.65,14040.0,United Kingdom
C513935,79323LP,LIGHT PINK CHERRY LIGHTS,-7,2010-06-29 12:38:00,6.75,14040.0,United Kingdom
C513935,79323P,PINK CHERRY LIGHTS,-3,2010-06-29 12:38:00,6.75,14040.0,United Kingdom
C513935,79323W,WHITE CHERRY LIGHTS,-4,2010-06-29 12:38:00,6.75,14040.0,United Kingdom
C513944,79323GR,GREEN CHERRY LIGHTS,-3,2010-06-29 13:14:00,6.75,16858.0,United Kingdom
C513944,79323S,SILVER CHERRY LIGHTS,-4,2010-06-29 13:14:00,6.75,16858.0,United Kingdom
C513944,79323P,PINK CHERRY LIGHTS,-1,2010-06-29 13:14:00,6.75,16858.0,United Kingdom
C513944,79323W,WHITE CHERRY LIGHTS,-3,2010-06-29 13:14:00,6.75,16858.0,United Kingdom
C513947,22461,SAVOY ART DECO CLOCK,-2,2010-06-29 13:45:00,12.75,17191.0,United Kingdom
C513954,21474,SWEETHEART CREAM STEEL FOLDIN BENCH,-2,2010-06-29 14:32:00,19.95,13963.0,United Kingdom
C513954,21473,SWEETHEART CREAM STEEL TABLE RECT,-2,2010-06-29 14:32:00,19.95,13963.0,United Kingdom
C513954,85067,CREAM SWEETHEART WALL CABINET,-1,2010-06-29 14:32:00,18.95,13963.0,United Kingdom
C513954,84839,SWEETHEART KEY CABINET,-2,2010-06-29 14:32:00,6.75,13963.0,United Kingdom
C513955,20982,12 PENCILS TALL TUBE SKULLS,-1,2010-06-29 14:45:00,0.85,15544.0,United Kingdom
C513957,37450,CERAMIC CAKE BOWL + HANGING CAKES,-2,2010-06-29 14:51:00,2.95,15005.0,United Kingdom
C513957,21232,STRAWBERRY CERAMIC TRINKET BOX,-1,2010-06-29 14:51:00,1.25,15005.0,United Kingdom
C513966,POST,POSTAGE,-16,2010-06-29 15:32:00,15.0,12380.0,Belgium
C513976,84356,POMPOM CURTAIN,-1,2010-06-30 08:14:00,6.95,15248.0,United Kingdom
C513976,20703,BLUE PADDED SOFT MOBILE,-2,2010-06-30 08:14:00,4.25,15248.0,United Kingdom
C513976,71279,PINK GLASS CANDLEHOLDER,-2,2010-06-30 08:14:00,2.95,15248.0,United Kingdom
C513976,20702,PINK PADDED MOBILE,-1,2010-06-30 08:14:00,4.25,15248.0,United Kingdom
C513976,22341,LOVE GARLAND PAINTED ZINC,-2,2010-06-30 08:14:00,1.65,15248.0,United Kingdom
C513977,21664,RIDGED GLASS STORAGE JAR CREAM LID,-1,2010-06-30 08:16:00,3.75,17961.0,United Kingdom
C513978,22375,AIRLINE BAG VINTAGE JET SET BROWN,-1,2010-06-30 08:17:00,6.35,13999.0,United Kingdom
C513979,40018F,CHERRY DESIGN PAPERLANTERNS,-4,2010-06-30 08:18:00,1.95,13097.0,United Kingdom
C513981,84327A,PINK JUMPER LARRY THE LAMB,-4,2010-06-30 08:19:00,1.69,16467.0,United Kingdom
C513980,21845,DAIRY MAID STRIPE MUG,-4,2010-06-30 08:19:00,2.95,12746.0,United Kingdom
C513982,85067,CREAM SWEETHEART WALL CABINET,-1,2010-06-30 08:20:00,16.95,13050.0,United Kingdom
C513983,21462,"NURSERY A,B,C PAINTED LETTERS",-1,2010-06-30 08:23:00,6.75,15432.0,United Kingdom
C513985,82486,WOOD S/3 CABINET ANT WHITE FINISH,-1,2010-06-30 08:26:00,6.95,18172.0,United Kingdom
C513986,22303,COFFEE MUG APPLES DESIGN,-2,2010-06-30 08:29:00,2.55,14623.0,United Kingdom
C513986,21467,CHERRY CROCHET FOOD COVER,-1,2010-06-30 08:29:00,3.75,14623.0,United Kingdom
C513988,22204,MILK PAN BLUE RETROSPOT,-4,2010-06-30 08:31:00,3.75,14840.0,United Kingdom
C513988,22202,MILK PAN PINK RETROSPOT,-2,2010-06-30 08:31:00,3.75,14840.0,United Kingdom
C513989,21112,"SWISS ROLL TOWEL, PINK  SPOTS",-24,2010-06-30 08:33:00,2.55,16153.0,United Kingdom
C513994,21878,PACK OF 6 SANDCASTLE FLAGS ASSORTED,-408,2010-06-30 08:48:00,0.72,16754.0,United Kingdom
C513994,21747,SMALL SKULL WINDMILL,-108,2010-06-30 08:48:00,1.06,16754.0,United Kingdom
C513994,21749,LARGE RED RETROSPOT WINDMILL,-720,2010-06-30 08:48:00,1.85,16754.0,United Kingdom
C513997,79029,GLASS HONEYPOT WASP CATCHER,-1,2010-06-30 09:12:00,1.95,14329.0,United Kingdom
C513997,22470,HEART OF WICKER LARGE,-1,2010-06-30 09:12:00,2.95,14329.0,United Kingdom
C513999,22386,JUMBO BAG PINK WITH WHITE SPOTS,-3,2010-06-30 09:17:00,1.95,14211.0,United Kingdom
C513999,22457,NATURAL SLATE HEART CHALKBOARD,-4,2010-06-30 09:17:00,2.95,14211.0,United Kingdom
C514000,82551,LAUNDRY 15C METAL SIGN,-2,2010-06-30 09:18:00,1.25,17696.0,United Kingdom
C514000,37447,CERAMIC CAKE DESIGN SPOTTED PLATE,-1,2010-06-30 09:18:00,1.49,17696.0,United Kingdom
C514001,22197,SMALL POPCORN HOLDER,-2,2010-06-30 09:19:00,0.85,16401.0,United Kingdom
C514003,85063,CREAM SWEETHEART MAGAZINE RACK,-1,2010-06-30 09:26:00,16.95,16860.0,United Kingdom
C514006,84689,S/2 BEACH HUT TREASURE CHESTS,-2,2010-06-30 09:40:00,5.95,15255.0,United Kingdom
C514006,84686,BEACH HUT MIRROR,-2,2010-06-30 09:40:00,4.25,15255.0,United Kingdom
C514007,21531,RED RETROSPOT SUGAR JAM BOWL,-1,2010-06-30 09:41:00,2.55,13611.0,United Kingdom
C514010,79323W,WHITE CHERRY LIGHTS,-5,2010-06-30 10:04:00,6.75,14738.0,United Kingdom
C514011,22320,BIRDS MOBILE VINTAGE DESIGN,-3,2010-06-30 10:18:00,5.95,14911.0,EIRE
C514011,22325,MOBILE VINTAGE HEARTS,-3,2010-06-30 10:18:00,4.95,14911.0,EIRE
C514011,22138,BAKING SET 9 PIECE RETROSPOT,-9,2010-06-30 10:18:00,4.95,14911.0,EIRE
C514012,22061,LARGE CAKE STAND  HANGING STRAWBERY,-1,2010-06-30 10:19:00,9.95,17115.0,United Kingdom
C514014,15056N,EDWARDIAN PARASOL NATURAL,-1,2010-06-30 10:21:00,4.95,15039.0,United Kingdom
514017,21735,TWO DOOR CURIO CABINET,-143,2010-06-30 10:23:00,0.0,,United Kingdom
C514020,79323B,BLACK CHERRY LIGHTS,-4,2010-06-30 10:34:00,6.75,16104.0,United Kingdom
C514020,79323G,GOLD  CHERRY LIGHTS,-4,2010-06-30 10:34:00,6.75,16104.0,United Kingdom
C514020,79323LP,LIGHT PINK CHERRY LIGHTS,-4,2010-06-30 10:34:00,6.75,16104.0,United Kingdom
C514020,79323S,SILVER CHERRY LIGHTS,-4,2010-06-30 10:34:00,6.75,16104.0,United Kingdom
C514020,79323W,WHITE CHERRY LIGHTS,-4,2010-06-30 10:34:00,6.75,16104.0,United Kingdom
C514024,M,Manual,-1,2010-06-30 11:22:00,5.18,12346.0,United Kingdom
C514024,M,Manual,-1,2010-06-30 11:22:00,12.94,12346.0,United Kingdom
C514024,M,Manual,-1,2010-06-30 11:22:00,4.66,12346.0,United Kingdom
C514024,M,Manual,-1,2010-06-30 11:22:00,12.94,12346.0,United Kingdom
C514024,M,Manual,-1,2010-06-30 11:22:00,25.88,12346.0,United Kingdom
C514024,M,Manual,-3,2010-06-30 11:22:00,12.94,12346.0,United Kingdom
C514024,M,Manual,-1,2010-06-30 11:22:00,1.15,12346.0,United Kingdom
C514024,M,Manual,-4,2010-06-30 11:22:00,13.22,12346.0,United Kingdom
C514024,M,Manual,-1,2010-06-30 11:22:00,31.78,12346.0,United Kingdom
C514024,M,Manual,-1,2010-06-30 11:22:00,142.31,12346.0,United Kingdom
C514025,82483,WOOD 2 DRAWER CABINET WHITE FINISH,-1,2010-06-30 11:25:00,5.95,14732.0,United Kingdom
C514031,22061,LARGE CAKE STAND  HANGING STRAWBERY,-4,2010-06-30 11:37:00,8.5,14156.0,EIRE
C514031,22646,CERAMIC STRAWBERRY CAKE MONEY BANK,-4,2010-06-30 11:37:00,1.45,14156.0,EIRE
C514052,79192A,RETRO PLASTIC 70'S TRAY,-8,2010-06-30 11:44:00,1.25,13097.0,United Kingdom
C514052,35004C,SET OF 3 COLOURED  FLYING DUCKS,-1,2010-06-30 11:44:00,4.65,13097.0,United Kingdom
C514060,21647,ASSORTED TUTTI FRUTTI LARGE PURSE,-2,2010-06-30 11:54:00,2.1,14555.0,United Kingdom
C514060,85042,ANTIQUE LILY FAIRY LIGHTS,-1,2010-06-30 11:54:00,4.95,14555.0,United Kingdom
C514072,POST,POSTAGE,-1,2010-06-30 11:59:00,18.0,12708.0,Germany
C514093,22514,CHILDS GARDEN SPADE BLUE,-1,2010-06-30 12:09:00,2.1,14606.0,United Kingdom
C514093,85040A,S/4 PINK FLOWER CANDLES IN BOWL,-1,2010-06-30 12:09:00,1.65,14606.0,United Kingdom
C514094,21313,GLASS HEART T-LIGHT HOLDER,-12,2010-06-30 12:14:00,0.85,14648.0,United Kingdom
C514094,22457,NATURAL SLATE HEART CHALKBOARD,-2,2010-06-30 12:14:00,2.95,14648.0,United Kingdom
C514094,22469,HEART OF WICKER SMALL,-3,2010-06-30 12:14:00,1.65,14648.0,United Kingdom
C514094,22470,HEART OF WICKER LARGE,-3,2010-06-30 12:14:00,2.95,14648.0,United Kingdom
C514094,85123A,WHITE HANGING HEART T-LIGHT HOLDER,-4,2010-06-30 12:14:00,2.95,14648.0,United Kingdom
C514095,20686,DOLLY MIXTURE CHILDREN'S UMBRELLA,-1,2010-06-30 12:17:00,2.75,12770.0,Japan
C514095,20684,STRAWBERRY DREAM CHILDS UMBRELLA,-5,2010-06-30 12:17:00,2.75,12770.0,Japan
C514095,20681,PINK SPOTTY CHILDS UMBRELLA,-2,2010-06-30 12:17:00,2.75,12770.0,Japan
C514095,20682,RED SPOTTY CHILDS UMBRELLA,-12,2010-06-30 12:17:00,2.75,12770.0,Japan
C514095,M,Manual,-2,2010-06-30 12:17:00,2.75,12770.0,Japan
514100,22470,HEART OF WICKER LARGE,-4,2010-06-30 12:30:00,0.0,,United Kingdom
514099,21463,MIRRORED DISCO BALL,-7,2010-06-30 12:30:00,0.0,,United Kingdom
514101,35001W,HAND OPEN SHAPE DECO.WHITE,-12,2010-06-30 12:31:00,0.0,,United Kingdom
514102,22423,REGENCY CAKESTAND 3 TIER,-14,2010-06-30 12:32:00,0.0,,United Kingdom
514125,84932C,SMALL ORIENTAL BLUE FOLDING STOOL,-33,2010-06-30 12:59:00,0.0,,United Kingdom
C514135,22636,CHILDS BREAKFAST SET CIRCUS PARADE,-1,2010-06-30 13:41:00,8.5,18061.0,United Kingdom
C514139,79323W,WHITE CHERRY LIGHTS,-13,2010-06-30 13:47:00,6.75,17611.0,United Kingdom
C514142,22486,PLASMATRONIC LAMP,-4,2010-06-30 13:51:00,12.75,14492.0,United Kingdom
C514143,21340,CLASSIC METAL BIRDCAGE PLANT HOLDER,-3,2010-06-30 13:53:00,12.75,13015.0,United Kingdom
C514143,22360,GLASS JAR ENGLISH CONFECTIONERY,-1,2010-06-30 13:53:00,2.95,13015.0,United Kingdom
C514143,22361,GLASS JAR DAISY FRESH COTTON WOOL,-1,2010-06-30 13:53:00,2.95,13015.0,United Kingdom
C514143,22402,MAGNETS PACK OF 4 VINTAGE COLLAGE,-2,2010-06-30 13:53:00,1.25,13015.0,United Kingdom
C514144,21589,SWALLOW GIANT TUBE MATCHES,-12,2010-06-30 13:54:00,2.55,17512.0,United Kingdom
C514145,22221,CAKE STAND LOVEBIRD 2 TIER PINK,-2,2010-06-30 13:57:00,9.95,13920.0,United Kingdom
C514145,22220,CAKE STAND LOVEBIRD 2 TIER WHITE,-2,2010-06-30 13:57:00,9.95,13920.0,United Kingdom
C514146,22606,WOODEN SKITTLES GARDEN SET,-1,2010-06-30 14:00:00,12.75,15639.0,United Kingdom
C514146,22064,PINK DOUGHNUT TRINKET POT,-4,2010-06-30 14:00:00,1.65,15639.0,United Kingdom
C514147,21844,RED RETROSPOT MUG,-2,2010-06-30 14:05:00,2.95,17692.0,United Kingdom
C514148,22139,RETRO SPOT TEA SET CERAMIC 11 PC,-1,2010-06-30 14:07:00,4.95,15750.0,United Kingdom
C514148,21381,MINI WOODEN HAPPY BIRTHDAY GARLAND,-1,2010-06-30 14:07:00,1.69,15750.0,United Kingdom
C514149,22218,CAKE STAND LACE WHITE,-2,2010-06-30 14:09:00,4.25,14256.0,United Kingdom
C514150,84755,COLOUR GLASS T-LIGHT HOLDER HANGING,-16,2010-06-30 14:10:00,0.65,13295.0,United Kingdom
C514151,84461,12 PINK HEN+CHICKS IN BASKET,-5,2010-06-30 14:11:00,2.55,17588.0,United Kingdom
C514153,79323W,WHITE CHERRY LIGHTS,-2,2010-06-30 14:12:00,6.75,17342.0,United Kingdom
C514154,85042,ANTIQUE LILY FAIRY LIGHTS,-3,2010-06-30 14:14:00,4.95,13750.0,United Kingdom
C514156,M,Manual,-1,2010-06-30 14:18:00,85.13,14911.0,EIRE
C514159,85178,VICTORIAN SEWING KIT,-12,2010-06-30 14:36:00,1.25,12874.0,Belgium
C514162,79323LP,LIGHT PINK CHERRY LIGHTS,-1,2010-06-30 15:32:00,6.75,16283.0,United Kingdom
C514162,79323P,PINK CHERRY LIGHTS,-2,2010-06-30 15:32:00,5.95,16283.0,United Kingdom
C514162,22355,CHARLOTTE BAG SUKI DESIGN,-1,2010-06-30 15:32:00,0.85,16283.0,United Kingdom
C514162,79323B,BLACK CHERRY LIGHTS,-1,2010-06-30 15:32:00,6.75,16283.0,United Kingdom
C514162,75049L,LARGE CIRCULAR MIRROR MOBILE,-2,2010-06-30 15:32:00,1.25,16283.0,United Kingdom
C514162,79323W,WHITE CHERRY LIGHTS,-1,2010-06-30 15:32:00,6.75,16283.0,United Kingdom
C514202,22363,GLASS JAR MARMALADE,-3,2010-06-30 16:09:00,2.95,13662.0,United Kingdom
C514202,22361,GLASS JAR DAISY FRESH COTTON WOOL,-4,2010-06-30 16:09:00,2.95,13662.0,United Kingdom
C514202,22456,NATURAL SLATE CHALKBOARD LARGE,-1,2010-06-30 16:09:00,4.25,13662.0,United Kingdom
C514202,35004C,SET OF 3 COLOURED  FLYING DUCKS,-1,2010-06-30 16:09:00,5.45,13662.0,United Kingdom
C514213,79029,GLASS HONEYPOT WASP CATCHER,-2,2010-06-30 17:30:00,1.95,14835.0,United Kingdom
C514214,22073,RED RETROSPOT STORAGE JAR,-2,2010-06-30 17:32:00,3.75,17096.0,United Kingdom
C514215,85135A,YELLOW DRAGONFLY HELICOPTER,-1,2010-06-30 17:34:00,7.95,13778.0,United Kingdom
C514216,21844,RED RETROSPOT MUG,-1,2010-06-30 17:38:00,2.95,17593.0,United Kingdom
C514216,22073,RED RETROSPOT STORAGE JAR,-1,2010-06-30 17:38:00,3.75,17593.0,United Kingdom
C514216,22406,MONEY BOX KINGS CHOICE DESIGN,-1,2010-06-30 17:38:00,1.25,17593.0,United Kingdom
C514216,22059,CERAMIC STRWBERRY DESIGN MUG,-2,2010-06-30 17:38:00,1.49,17593.0,United Kingdom
C514216,22056,CERAMIC PLATE LOVE HEART DESIGN,-1,2010-06-30 17:38:00,1.49,17593.0,United Kingdom
C514223,22468,BABUSHKA LIGHTS STRING OF 10,-4,2010-07-01 10:11:00,6.75,12431.0,Australia
C514229,85099B,JUMBO BAG RED RETROSPOT,-10,2010-07-01 10:33:00,1.95,15581.0,United Kingdom
C514229,15058C,ICE CREAM DESIGN GARDEN PARASOL,-2,2010-07-01 10:33:00,7.95,15581.0,United Kingdom
C514229,15058B,PINK WHITE SPOTS GARDEN PARASOL,-2,2010-07-01 10:33:00,7.95,15581.0,United Kingdom
C514229,15058A,BLUE WHITE SPOTS GARDEN PARASOL,-2,2010-07-01 10:33:00,7.95,15581.0,United Kingdom
C514273,22131,FOOD CONTAINER SET 3 LOVE HEART,-2,2010-07-01 11:16:00,1.95,14451.0,United Kingdom
514301,22236,CAKE STAND 3 TIER MAGIC GARDEN,-76,2010-07-01 12:39:00,0.0,,United Kingdom
C514303,D,Discount,-1,2010-07-01 12:45:00,18.42,14527.0,United Kingdom
C514309,15056N,EDWARDIAN PARASOL NATURAL,-1,2010-07-01 13:13:00,5.95,13503.0,United Kingdom
C514309,22466,FAIRY TALE COTTAGE NIGHTLIGHT,-3,2010-07-01 13:13:00,1.95,13503.0,United Kingdom
C514309,20703,BLUE PADDED SOFT MOBILE,-2,2010-07-01 13:13:00,4.25,13503.0,United Kingdom
C514315,22710,WRAP I LOVE LONDON,-25,2010-07-01 13:36:00,0.42,14755.0,United Kingdom
C514326,M,Manual,-1,2010-07-01 14:21:00,20.3,13503.0,United Kingdom
C514327,M,Manual,-1,2010-07-01 14:22:00,20.3,13503.0,United Kingdom
C514340,22107,PIZZA PLATE IN BOX,-1,2010-07-01 15:01:00,3.75,14527.0,United Kingdom
C514340,22109,FULL ENGLISH BREAKFAST PLATE,-1,2010-07-01 15:01:00,3.75,14527.0,United Kingdom
C514340,21706,"FOLDING UMBRELLA , RED/WHITE SPOT",-1,2010-07-01 15:01:00,4.95,14527.0,United Kingdom
C514340,M,Manual,-9,2010-07-01 15:01:00,3.75,14527.0,United Kingdom
C514340,M,Manual,-3,2010-07-01 15:01:00,1.25,14527.0,United Kingdom
C514340,M,Manual,-1,2010-07-01 15:01:00,2.1,14527.0,United Kingdom
C514340,37500,TEA TIME TEAPOT IN GIFT BOX,-2,2010-07-01 15:01:00,8.49,14527.0,United Kingdom
C514340,21185,HOME SWEET HOME  BLACKBOARD,-1,2010-07-01 15:01:00,6.35,14527.0,United Kingdom
C514340,84406B,CREAM CUPID HEARTS COAT HANGER,-2,2010-07-01 15:01:00,2.55,14527.0,United Kingdom
C514340,47568,ENGLISH ROSE DESIGN PEG BAG,-1,2010-07-01 15:01:00,2.1,14527.0,United Kingdom
C514340,47559B,TEA TIME OVEN GLOVE,-1,2010-07-01 15:01:00,1.25,14527.0,United Kingdom
C514340,84596K,JELLY BABIES YELLOW SMALL BOWL,-1,2010-07-01 15:01:00,1.25,14527.0,United Kingdom
C514340,84596J,MIXED NUTS LIGHT GREEN BOWL,-6,2010-07-01 15:01:00,1.25,14527.0,United Kingdom
C514340,21889,WOODEN BOX OF DOMINOES,-1,2010-07-01 15:01:00,1.25,14527.0,United Kingdom
C514340,21175,GIN + TONIC DIET METAL SIGN,-1,2010-07-01 15:01:00,2.1,14527.0,United Kingdom
C514340,21166,COOK WITH WINE METAL SIGN,-2,2010-07-01 15:01:00,1.95,14527.0,United Kingdom
C514340,21527,RED RETROSPOT TRADITIONAL TEAPOT,-1,2010-07-01 15:01:00,6.95,14527.0,United Kingdom
C514340,22309,TEA COSY RED  STRIPE,-2,2010-07-01 15:01:00,2.55,14527.0,United Kingdom
C514340,22308,TEA COSY BLUE STRIPE,-2,2010-07-01 15:01:00,2.55,14527.0,United Kingdom
C514340,21536,DAIRY MAID  SMALL  MILK JUG,-1,2010-07-01 15:01:00,2.1,14527.0,United Kingdom
C514340,37509,NEW ENGLAND MUG W GIFT BOX,-1,2010-07-01 15:01:00,2.55,14527.0,United Kingdom
C514340,21529,RETRO SPOT CERAMIC TOASTRACK,-2,2010-07-01 15:01:00,3.45,14527.0,United Kingdom
C514340,84926C,FAIRY CAKES TILE COASTER,-6,2010-07-01 15:01:00,1.25,14527.0,United Kingdom
C514340,21535,RED RETROSPOT SMALL MILK JUG,-1,2010-07-01 15:01:00,2.55,14527.0,United Kingdom
C514340,21160,KEEP OUT GIRLS DOOR HANGER,-1,2010-07-01 15:01:00,1.45,14527.0,United Kingdom
C514340,21158,MOODY GIRL DOOR HANGER,-1,2010-07-01 15:01:00,1.45,14527.0,United Kingdom
C514340,21159,MOODY BOY  DOOR HANGER,-1,2010-07-01 15:01:00,1.45,14527.0,United Kingdom
C514340,84510F,SET OF 4 NEW ENGLAND COASTERS,-2,2010-07-01 15:01:00,1.25,14527.0,United Kingdom
C514340,84510B,SET OF 4 FAIRY CAKES COASTERS,-2,2010-07-01 15:01:00,1.25,14527.0,United Kingdom
C514341,22059,CERAMIC STRWBERRY DESIGN MUG,-2,2010-07-01 15:06:00,1.49,17578.0,United Kingdom
C514341,22138,BAKING SET 9 PIECE RETROSPOT,-3,2010-07-01 15:06:00,4.95,17578.0,United Kingdom
C514361,22427,ENAMEL FLOWER JUG CREAM,-1,2010-07-01 17:51:00,5.95,13969.0,United Kingdom
514363,84016,FLAG OF ST GEORGE CAR FLAG,-7100,2010-07-01 18:07:00,0.0,,United Kingdom
C514368,84849D,HOT BATHS SOAP HOLDER,-2,2010-07-01 19:19:00,1.69,15015.0,United Kingdom
C514381,22138,BAKING SET 9 PIECE RETROSPOT,-3,2010-07-02 11:07:00,4.95,13425.0,United Kingdom
C514382,22646,CERAMIC STRAWBERRY CAKE MONEY BANK,-1,2010-07-02 11:12:00,1.45,12779.0,Poland
C514384,85123A,WHITE HANGING HEART T-LIGHT HOLDER,-1,2010-07-02 11:34:00,2.95,16923.0,United Kingdom
C514385,22617,BAKING SET SPACEBOY DESIGN,-3,2010-07-02 11:37:00,4.95,18053.0,United Kingdom
C514390,21427,SKULLS STORAGE BOX SMALL,-1,2010-07-02 11:57:00,2.1,17841.0,United Kingdom
C514390,37449,CERAMIC CAKE STAND + HANGING CAKES,-1,2010-07-02 11:57:00,9.95,17841.0,United Kingdom
C514390,85124A,PINK JUICY FRUIT PHOTO FRAME,-1,2010-07-02 11:57:00,2.55,17841.0,United Kingdom
C514390,22138,BAKING SET 9 PIECE RETROSPOT,-1,2010-07-02 11:57:00,4.95,17841.0,United Kingdom
C514390,20754,RETRO RED SPOTTY WASHING UP GLOVES,-1,2010-07-02 11:57:00,2.1,17841.0,United Kingdom
C514392,22149,FELTCRAFT 6 FLOWER FRIENDS,-6,2010-07-02 11:59:00,2.1,16571.0,United Kingdom
C514392,22138,BAKING SET 9 PIECE RETROSPOT,-3,2010-07-02 11:59:00,4.95,16571.0,United Kingdom
C514392,22550,HOLIDAY FUN LUDO,-1,2010-07-02 11:59:00,3.75,16571.0,United Kingdom
C514417,21232,STRAWBERRY CERAMIC TRINKET BOX,-3,2010-07-02 12:26:00,1.25,17578.0,United Kingdom
C514417,22064,PINK DOUGHNUT TRINKET POT,-2,2010-07-02 12:26:00,1.65,17578.0,United Kingdom
C514482,POST,POSTAGE,-2,2010-07-02 14:38:00,18.0,12422.0,Switzerland
C514485,POST,POSTAGE,-1,2010-07-02 14:41:00,18.0,12422.0,Switzerland
C514489,22618,COOKING SET RETROSPOT,-12,2010-07-02 15:09:00,8.49,12409.0,Switzerland
C514501,21527,RED RETROSPOT TRADITIONAL TEAPOT,-1,2010-07-04 11:05:00,7.95,13782.0,United Kingdom
C514522,22558,CLOTHES PEGS RETROSPOT PACK 24,-1,2010-07-05 09:35:00,1.25,12529.0,France
C514522,21529,RETRO SPOT CERAMIC TOASTRACK,-1,2010-07-05 09:35:00,3.45,12529.0,France
C514526,22520,CHILDS GARDEN TROWEL BLUE,-1,2010-07-05 09:55:00,0.85,15430.0,United Kingdom
C514526,22618,COOKING SET RETROSPOT,-4,2010-07-05 09:55:00,9.95,15430.0,United Kingdom
C514526,21116,OWL DOORSTOP,-1,2010-07-05 09:55:00,4.95,15430.0,United Kingdom
C514526,84997C,BLUE 3 PIECE MINI DOTS CUTLERY SET,-1,2010-07-05 09:55:00,3.75,15430.0,United Kingdom
C514526,22551,PLASTERS IN TIN SPACEBOY,-1,2010-07-05 09:55:00,1.65,15430.0,United Kingdom
C514528,85232B,SET/3 RUSSIAN DOLL STACKING TINS,-3,2010-07-05 09:58:00,4.95,12708.0,Germany
C514535,21832,CHOCOLATE CALCULATOR,-3,2010-07-05 10:36:00,1.65,13861.0,United Kingdom
C514535,22215,CAKE STAND WHITE TWO TIER LACE,-2,2010-07-05 10:36:00,8.5,13861.0,United Kingdom
C514536,22634,CHILDS BREAKFAST SET SPACEBOY,-1,2010-07-05 10:37:00,9.95,13152.0,United Kingdom
C514538,72750B,FLOWER FAIRY SET 3 CANDLES LAVENDER,-8,2010-07-05 10:39:00,1.95,16835.0,United Kingdom
C514538,79029,GLASS HONEYPOT WASP CATCHER,-2,2010-07-05 10:39:00,1.95,16835.0,United Kingdom
C514539,21232,STRAWBERRY CERAMIC TRINKET BOX,-14,2010-07-05 10:41:00,1.06,18217.0,United Kingdom
C514539,22649,STRAWBERRY FAIRY CAKE TEAPOT,-1,2010-07-05 10:41:00,4.95,18217.0,United Kingdom
C514541,85068,CREAM SWEETHEART SHELF + HOOKS,-1,2010-07-05 10:45:00,7.95,14217.0,United Kingdom
C514543,22567,20 DOLLY PEGS RETROSPOT,-1,2010-07-05 10:48:00,1.25,17380.0,United Kingdom
C514547,22618,COOKING SET RETROSPOT,-1,2010-07-05 10:54:00,9.95,16161.0,United Kingdom
C514547,22487,WHITE WOOD GARDEN PLANT LADDER,-4,2010-07-05 10:54:00,8.5,16161.0,United Kingdom
C514546,85123A,WHITE HANGING HEART T-LIGHT HOLDER,-6,2010-07-05 10:54:00,2.95,15628.0,United Kingdom
C514548,22617,BAKING SET SPACEBOY DESIGN,-3,2010-07-05 10:56:00,4.95,13299.0,United Kingdom
C514548,22138,BAKING SET 9 PIECE RETROSPOT,-3,2010-07-05 10:56:00,4.95,13299.0,United Kingdom
C514549,22421,LIPSTICK PEN FUSCHIA,-5,2010-07-05 10:58:00,0.36,16684.0,United Kingdom
C514549,22419,LIPSTICK PEN RED,-1,2010-07-05 10:58:00,0.36,16684.0,United Kingdom
C514549,21314,SMALL GLASS HEART TRINKET POT,-24,2010-07-05 10:58:00,1.85,16684.0,United Kingdom
C514549,22361,GLASS JAR DAISY FRESH COTTON WOOL,-4,2010-07-05 10:58:00,2.55,16684.0,United Kingdom
C514550,21781,MA CAMPAGNE CUTLERY BOX,-2,2010-07-05 11:06:00,14.95,15754.0,United Kingdom
C514557,22063,CERAMIC BOWL WITH STRAWBERRY DESIGN,-2,2010-07-05 11:36:00,2.95,17667.0,United Kingdom
C514560,21714,CITRONELLA CANDLE GARDEN POT,-11,2010-07-05 11:39:00,0.65,14194.0,United Kingdom
C514561,21279,VINTAGE KITCHEN PRINT FRUITS,-1,2010-07-05 11:46:00,2.55,14426.0,United Kingdom
C514561,21468,BUTTERFLY CROCHET FOOD COVER,-1,2010-07-05 11:46:00,3.75,14426.0,United Kingdom
C514561,22194,BLACK DINER WALL CLOCK,-1,2010-07-05 11:46:00,8.5,14426.0,United Kingdom
C514561,21527,RED RETROSPOT TRADITIONAL TEAPOT,-1,2010-07-05 11:46:00,7.95,14426.0,United Kingdom
C514562,85063,CREAM SWEETHEART MAGAZINE RACK,-1,2010-07-05 11:47:00,16.95,16961.0,United Kingdom
514584,20713,JUMBO BAG OWLS,-170,2010-07-05 12:06:00,0.0,,United Kingdom
C514602,22085,PAPER CHAIN KIT SKULLS,-1,2010-07-05 12:19:00,2.95,12755.0,Japan
C514602,21202,DOLLY HONEYCOMB GARLAND,-1,2010-07-05 12:19:00,1.65,12755.0,Japan
C514602,21203,BUTTERFLIES  HONEYCOMB GARLAND,-1,2010-07-05 12:19:00,1.65,12755.0,Japan
C514602,21204,DAISIES  HONEYCOMB GARLAND,-1,2010-07-05 12:19:00,1.65,12755.0,Japan
C514602,21207,SKULL AND CROSSBONES  GARLAND,-1,2010-07-05 12:19:00,1.65,12755.0,Japan
C514602,22080,RIBBON REEL SPOTS DESIGN,-1,2010-07-05 12:19:00,1.65,12755.0,Japan
C514602,22079,RIBBON REEL HEARTS DESIGN,-1,2010-07-05 12:19:00,1.65,12755.0,Japan
C514602,22081,RIBBON REEL FLORA + FAUNA,-1,2010-07-05 12:19:00,1.65,12755.0,Japan
C514602,21291,SMALL SPOTTY CHOCOLATE GIFT BAG,-1,2010-07-05 12:19:00,0.85,12755.0,Japan
C514602,21348,PINK SPOTS CHOCOLATE NESTING BOXES,-1,2010-07-05 12:19:00,2.95,12755.0,Japan
C514603,22231,JIGSAW TREE WITH BIRDHOUSE,-3,2010-07-05 12:22:00,1.45,,United Kingdom
C514603,22525,CHILDRENS GARDEN GLOVES PINK,-1,2010-07-05 12:22:00,1.25,,United Kingdom
C514611,22636,CHILDS BREAKFAST SET CIRCUS PARADE,-1,2010-07-05 12:25:00,8.5,12583.0,France
514623,21764,VINTAGE WOODEN PLATE RACK,-3,2010-07-05 12:31:00,0.0,,United Kingdom
C514683,22649,STRAWBERRY FAIRY CAKE TEAPOT,-1,2010-07-05 13:57:00,4.95,17115.0,United Kingdom
C514684,21896,POTTING SHED TWINE,-3,2010-07-05 14:08:00,2.1,17287.0,United Kingdom
514687,20712,JUMBO BAG WOODLAND ANIMALS,-239,2010-07-05 14:34:00,0.0,,United Kingdom
C514689,20972,PINK CREAM FELT CRAFT TRINKET BOX,-144,2010-07-05 14:39:00,1.06,17307.0,United Kingdom
514701,84795C,OCEAN STRIPE HAMMOCK,-10,2010-07-05 15:19:00,0.0,,United Kingdom
514713,21155,RED SPOTTY PEG BAG,-81,2010-07-05 15:29:00,0.0,,United Kingdom
C514804,21658,GLASS  BEURRE DISH,-1,2010-07-06 10:56:00,3.95,13813.0,Germany
C514804,47504K,ENGLISH ROSE GARDEN SECATEURS,-5,2010-07-06 10:56:00,1.95,13813.0,Germany
C514804,22352,LUNCH BOX WITH CUTLERY RETROSPOT,-1,2010-07-06 10:56:00,2.55,13813.0,Germany
C514832,22167,"WALL MIRROR , DIAMANTE OVAL SHAPE",-1,2010-07-06 14:00:00,9.95,17867.0,United Kingdom
C514832,22184,CAKE STAND VICTORIAN FILIGREE LARGE,-1,2010-07-06 14:00:00,8.5,17867.0,United Kingdom
C514833,21870,I CAN ONLY PLEASE ONE PERSON MUG,-2,2010-07-06 14:03:00,1.25,14295.0,United Kingdom
C514846,84992,72 SWEETHEART FAIRY CAKE CASES,-240,2010-07-06 16:07:00,0.4,13027.0,United Kingdom
C514848,22467,GUMBALL COAT RACK,-2,2010-07-06 16:10:00,2.1,12709.0,Germany
C514848,85232B,SET/3 RUSSIAN DOLL STACKING TINS,-3,2010-07-06 16:10:00,4.25,12709.0,Germany
C514848,22423,REGENCY CAKESTAND 3 TIER,-5,2010-07-06 16:10:00,10.95,12709.0,Germany
C514868,20765,CHRYSANTHEMUM SKETCHBOOK,-1,2010-07-07 09:54:00,3.75,14748.0,United Kingdom
C514873,22423,REGENCY CAKESTAND 3 TIER,-16,2010-07-07 10:26:00,10.95,14154.0,United Kingdom
C514937,82483,WOOD 2 DRAWER CABINET WHITE FINISH,-2,2010-07-07 11:24:00,5.95,15044.0,United Kingdom
C514939,79323W,WHITE CHERRY LIGHTS,-1,2010-07-07 11:31:00,6.75,14621.0,United Kingdom
C514939,79323B,BLACK CHERRY LIGHTS,-3,2010-07-07 11:31:00,6.75,14621.0,United Kingdom
514942,21100,CHARLIE AND LOLA CHARLOTTE BAG,-160,2010-07-07 11:42:00,0.0,,United Kingdom
514948,21532,DAIRY MAID SUGAR JAM BOWL,-57,2010-07-07 11:46:00,0.0,,United Kingdom
C514968,85066,CREAM SWEETHEART MINI CHEST,-4,2010-07-07 12:25:00,12.75,16554.0,United Kingdom
C514968,82483,WOOD 2 DRAWER CABINET WHITE FINISH,-1,2010-07-07 12:25:00,5.95,16554.0,United Kingdom
C514968,21611,SET OF 12 LILY BOTANICAL T-LIGHTS,-3,2010-07-07 12:25:00,2.95,16554.0,United Kingdom
C514977,22501,PICNIC BASKET WICKER LARGE,-1,2010-07-07 13:22:00,9.95,17841.0,United Kingdom
C514977,84050,PINK HEART SHAPE EGG FRYING PAN,-1,2010-07-07 13:22:00,1.65,17841.0,United Kingdom
C514977,85042,ANTIQUE LILY FAIRY LIGHTS,-1,2010-07-07 13:22:00,4.95,17841.0,United Kingdom
C514980,84762A,WHITE PICNIC BARBECUE BUCKET,-6,2010-07-07 13:39:00,10.75,14530.0,United Kingdom
C515011,21541,DINOSAURS WATER TRANSFER TATTOOS,-15,2010-07-07 16:10:00,0.85,,United Kingdom
C515011,21542,WOODLAND WATER TRANSFER TATTOOS,-30,2010-07-07 16:10:00,0.85,,United Kingdom
C515011,21544,SKULLS  WATER TRANSFER TATTOOS,-20,2010-07-07 16:10:00,0.85,,United Kingdom
C515014,M,Manual,-1,2010-07-07 16:32:00,1588.51,15581.0,United Kingdom
515048,35972,DAISY FOLKART HEART DECORATION,-27,2010-07-08 10:48:00,0.0,,United Kingdom
515049,35963,FOLKART ZINC CLIP ON ANGEL WINGS,-10,2010-07-08 10:50:00,0.0,,United Kingdom
515052,85080,PADDED RED HEART DECORATION,-61,2010-07-08 10:50:00,0.0,,United Kingdom
515055,35611B,BLACK ASSORTED DROPLET DECORATION,-204,2010-07-08 10:53:00,0.0,,United Kingdom
515058,35607B,BLACK FEATHER CHRISTMAS DECORATION,-57,2010-07-08 10:54:00,0.0,,United Kingdom
515069,35978,damages,-48,2010-07-08 10:57:00,0.0,,United Kingdom
C515080,21318,GLASS CHALICE BLUE SMALL,-1,2010-07-08 10:59:00,1.65,13877.0,United Kingdom
C515092,21843,RED RETROSPOT CAKE STAND,-6,2010-07-08 11:31:00,10.95,14299.0,United Kingdom
C515092,22423,REGENCY CAKESTAND 3 TIER,-8,2010-07-08 11:31:00,10.95,14299.0,United Kingdom
C515095,22302,COFFEE MUG PEARS  DESIGN,-6,2010-07-08 11:42:00,2.55,16570.0,United Kingdom
C515095,22423,REGENCY CAKESTAND 3 TIER,-1,2010-07-08 11:42:00,12.75,16570.0,United Kingdom
C515095,22303,COFFEE MUG APPLES DESIGN,-3,2010-07-08 11:42:00,2.55,16570.0,United Kingdom
C515095,22460,EMBOSSED GLASS TEALIGHT HOLDER,-3,2010-07-08 11:42:00,1.25,16570.0,United Kingdom
C515095,84978,HANGING HEART JAR T-LIGHT HOLDER,-15,2010-07-08 11:42:00,1.06,16570.0,United Kingdom
C515101,D,Discount,-1,2010-07-08 12:01:00,8.95,14527.0,United Kingdom
C515103,15056N,EDWARDIAN PARASOL NATURAL,-4,2010-07-08 12:13:00,4.95,13668.0,United Kingdom
C515103,21657,MILK BOTTLE WITH GLASS STOPPER,-1,2010-07-08 12:13:00,6.95,13668.0,United Kingdom
C515103,15056BL,EDWARDIAN PARASOL BLACK,-5,2010-07-08 12:13:00,4.95,13668.0,United Kingdom
C515105,22271,FELTCRAFT DOLL ROSIE,-1,2010-07-08 12:18:00,2.95,18172.0,United Kingdom
C515106,21630,FLOOR CUSHION ELEPHANT CARNIVAL,-1,2010-07-08 12:18:00,8.95,14527.0,United Kingdom
C515120,POST,POSTAGE,-1,2010-07-08 13:45:00,7.5,14655.0,United Kingdom
C515125,M,Manual,-1,2010-07-08 14:14:00,715.02,12592.0,Germany
C515133,M,Manual,-1,2010-07-08 14:20:00,661.02,12592.0,Germany
C515139,M,Manual,-1,2010-07-08 14:21:00,54.0,12592.0,Germany
C515151,22423,REGENCY CAKESTAND 3 TIER,-2,2010-07-08 14:56:00,10.95,14154.0,United Kingdom
C515153,85014B,RED/WHITE DOTS RUFFLED UMBRELLA,-3,2010-07-08 15:02:00,5.95,12693.0,Germany
C515155,22385,JUMBO BAG SPACEBOY DESIGN,-2,2010-07-08 15:14:00,1.95,13564.0,United Kingdom
515158,35603C,SET/16 WHITE SHINY & MATT BAUBLES,-52,2010-07-08 15:31:00,0.0,,United Kingdom
515160,85081,PADDED HOLLY CHRISTMAS DECORATION,-38,2010-07-08 15:33:00,0.0,,United Kingdom
515163,35838B,S/6 SILVER ORNAMENETAL CANDLE,-137,2010-07-08 15:42:00,0.0,,United Kingdom
515164,35955,SMALL FOLKART CHRISTMAS TREE DEC,-200,2010-07-08 15:43:00,0.0,,United Kingdom
C515186,22423,REGENCY CAKESTAND 3 TIER,-6,2010-07-09 09:29:00,10.95,13802.0,United Kingdom
C515186,22073,RED RETROSPOT STORAGE JAR,-1,2010-07-09 09:29:00,3.75,13802.0,United Kingdom
C515250,21506,"FANCY FONT BIRTHDAY CARD,",-12,2010-07-09 11:36:00,0.42,17990.0,United Kingdom
C515256,21360,JOY LARGE WOOD LETTERS,-2,2010-07-09 11:52:00,9.95,17531.0,United Kingdom
C515256,22465,HANGING METAL STAR LANTERN,-3,2010-07-09 11:52:00,1.65,17531.0,United Kingdom
C515258,POST,POSTAGE,-1,2010-07-09 11:53:00,1.51,13337.0,United Kingdom
C515258,22254,FELT TOADSTOOL LARGE,-12,2010-07-09 11:53:00,1.25,13337.0,United Kingdom
C515258,22255,FELT TOADSTOOL  SMALL,-12,2010-07-09 11:53:00,0.85,13337.0,United Kingdom
C515262,37449,CERAMIC CAKE STAND + HANGING CAKES,-1,2010-07-09 12:31:00,9.95,12935.0,United Kingdom
C515262,22061,LARGE CAKE STAND  HANGING STRAWBERY,-2,2010-07-09 12:31:00,9.95,12935.0,United Kingdom
C515263,22637,PIGGY BANK RETROSPOT,-3,2010-07-09 12:32:00,2.55,13192.0,United Kingdom
C515264,22057,CERAMIC PLATE STRAWBERRY DESIGN,-4,2010-07-09 12:37:00,1.49,13113.0,United Kingdom
C515264,22501,PICNIC BASKET WICKER LARGE,-1,2010-07-09 12:37:00,8.5,13113.0,United Kingdom
C515283,35241,ENAMEL BLUE RIM BISCUIT BIN,-3,2010-07-09 14:01:00,4.95,12576.0,Poland
C515283,84279P,CHERRY BLOSSOM  DECORATIVE FLASK,-2,2010-07-09 14:01:00,3.75,12576.0,Poland
C515283,22180,RETRO SPOT LAMP,-1,2010-07-09 14:01:00,9.95,12576.0,Poland
515284,84968B,S/16 VINTAGE IVORY CUTLERY,-256,2010-07-09 14:03:00,0.0,,United Kingdom
515289,22057,CERAMIC PLATE STRAWBERRY DESIGN,-23,2010-07-09 14:59:00,0.0,,United Kingdom
C515299,84078A,SET/4 WHITE RETRO STORAGE CUBES,-85,2010-07-09 15:26:00,34.95,13734.0,United Kingdom
C515302,82582,AREA PATROLLED METAL SIGN,-36,2010-07-09 15:46:00,2.1,17865.0,United Kingdom
C515306,22360,GLASS JAR ENGLISH CONFECTIONERY,-10,2010-07-09 16:05:00,2.95,13408.0,United Kingdom
C515307,79323W,WHITE CHERRY LIGHTS,-3,2010-07-09 16:18:00,6.75,13612.0,United Kingdom
C515307,79323P,PINK CHERRY LIGHTS,-3,2010-07-09 16:18:00,6.75,13612.0,United Kingdom
C515309,20914,SET/5 RED SPOTTY LID GLASS BOWLS,-4,2010-07-09 16:39:00,2.95,13093.0,United Kingdom
C515309,22423,REGENCY CAKESTAND 3 TIER,-16,2010-07-09 16:39:00,10.95,13093.0,United Kingdom
C515325,37370,RETRO COFFEE MUGS ASSORTED,-1,2010-07-11 12:37:00,1.25,15555.0,United Kingdom
C515325,22383,LUNCH BAG SUKI  DESIGN,-1,2010-07-11 12:37:00,1.65,15555.0,United Kingdom
C515408,21931,JUMBO STORAGE BAG SUKI,-1,2010-07-12 12:23:00,1.95,17841.0,United Kingdom
C515410,22423,REGENCY CAKESTAND 3 TIER,-1,2010-07-12 12:42:00,12.75,18135.0,United Kingdom
515414,84078A,SET/4 WHITE RETRO STORAGE CUBES,-6,2010-07-12 12:52:00,0.0,,United Kingdom
515413,84795A,PASTEL STRIPE HAMMOCK,-27,2010-07-12 12:52:00,0.0,,United Kingdom
C515422,22061,LARGE CAKE STAND  HANGING STRAWBERY,-1,2010-07-12 13:21:00,9.95,16883.0,United Kingdom
C515429,21843,RED RETROSPOT CAKE STAND,-1,2010-07-12 14:17:00,10.95,15076.0,United Kingdom
C515430,22423,REGENCY CAKESTAND 3 TIER,-3,2010-07-12 14:18:00,10.95,14295.0,United Kingdom
515459,20852,given away,-1000,2010-07-12 15:46:00,0.0,,United Kingdom
515461,20852,given away,-1000,2010-07-12 15:46:00,0.0,,United Kingdom
515460,20852,given away,-1000,2010-07-12 15:46:00,0.0,,United Kingdom
515463,22126,given away,-5000,2010-07-12 15:47:00,0.0,,United Kingdom
515462,20852,given away,-7000,2010-07-12 15:47:00,0.0,,United Kingdom
515464,22126,given away,-5000,2010-07-12 15:48:00,0.0,,United Kingdom
C515467,22138,BAKING SET 9 PIECE RETROSPOT,-3,2010-07-12 16:02:00,4.95,15650.0,United Kingdom
C515468,21324,HANGING MEDINA LANTERN SMALL,-48,2010-07-12 16:07:00,2.55,14882.0,United Kingdom
C515468,84755,COLOUR GLASS T-LIGHT HOLDER HANGING,-144,2010-07-12 16:07:00,0.55,14882.0,United Kingdom
515482,20787,BLUE RETRO BAR STOOL,-4,2010-07-13 10:21:00,0.0,,United Kingdom
C515483,85123A,WHITE HANGING HEART T-LIGHT HOLDER,-1,2010-07-13 10:24:00,2.95,13874.0,United Kingdom
C515483,21733,RED HANGING HEART T-LIGHT HOLDER,-3,2010-07-13 10:24:00,2.95,13874.0,United Kingdom
C515505,15058B,PINK WHITE SPOTS GARDEN PARASOL,-1,2010-07-13 11:03:00,7.95,15039.0,United Kingdom
C515505,21928,JUMBO BAG SCANDINAVIAN PAISLEY,-1,2010-07-13 11:03:00,1.95,15039.0,United Kingdom
C515570,22407,MONEY BOX FIRST ADE DESIGN,-36,2010-07-13 12:34:00,1.06,17931.0,United Kingdom
C515570,22406,MONEY BOX KINGS CHOICE DESIGN,-36,2010-07-13 12:34:00,1.06,17931.0,United Kingdom
C515570,22408,MONEY BOX CONFECTIONERY DESIGN,-36,2010-07-13 12:34:00,1.06,17931.0,United Kingdom
C515596,21244,BLUE  SPOTTY PLATE,-4,2010-07-13 14:01:00,1.69,15544.0,United Kingdom
C515613,22215,CAKE STAND WHITE TWO TIER LACE,-1,2010-07-13 16:23:00,8.5,17145.0,United Kingdom
C515618,22423,REGENCY CAKESTAND 3 TIER,-18,2010-07-13 17:19:00,10.95,17949.0,United Kingdom
C515620,M,Manual,-1,2010-07-14 09:35:00,1189.94,16320.0,Unspecified
C515623,22423,REGENCY CAKESTAND 3 TIER,-2,2010-07-14 10:00:00,12.75,12431.0,Australia
C515630,22061,LARGE CAKE STAND  HANGING STRAWBERY,-32,2010-07-14 10:24:00,8.5,14045.0,United Kingdom
C515675,37462B,"PET MUG, BUDGIE",-1,2010-07-14 11:14:00,0.42,15527.0,United Kingdom
C515675,20713,JUMBO BAG OWLS,-1,2010-07-14 11:14:00,1.95,15527.0,United Kingdom
C515676,22423,REGENCY CAKESTAND 3 TIER,-8,2010-07-14 11:19:00,12.75,15885.0,United Kingdom
C515683,21932,SCANDINAVIAN PAISLEY PICNIC BAG,-1,2010-07-14 11:52:00,2.95,18226.0,United Kingdom
C515686,22215,CAKE STAND WHITE TWO TIER LACE,-2,2010-07-14 12:02:00,8.5,13901.0,United Kingdom
C515686,84782A,PINK 3 TIER GLASS PLATE STAND,-1,2010-07-14 12:02:00,12.75,13901.0,United Kingdom
C515689,21361,LOVE LARGE WOOD LETTERS,-2,2010-07-14 12:06:00,12.75,17531.0,United Kingdom
C515691,21213,PACK OF 72 SKULL CAKE CASES,-24,2010-07-14 12:09:00,0.55,14634.0,United Kingdom
C515692,22197,SMALL POPCORN HOLDER,-2,2010-07-14 12:10:00,0.85,14156.0,EIRE
C515693,22304,COFFEE MUG BLUE PAISLEY DESIGN,-2,2010-07-14 12:11:00,2.55,17342.0,United Kingdom
C515693,22305,COFFEE MUG PINK PAISLEY DESIGN,-2,2010-07-14 12:11:00,2.55,17342.0,United Kingdom
C515693,22644,CERAMIC CHERRY CAKE MONEY BANK,-12,2010-07-14 12:11:00,1.45,17342.0,United Kingdom
C515694,22550,HOLIDAY FUN LUDO,-1,2010-07-14 12:12:00,3.75,16739.0,United Kingdom
C515695,22107,PIZZA PLATE IN BOX,-1,2010-07-14 12:13:00,3.75,18197.0,United Kingdom
C515695,47480,HANGING PHOTO CLIP ROPE LADDER,-3,2010-07-14 12:13:00,1.65,18197.0,United Kingdom
C515696,22383,LUNCH BAG SUKI  DESIGN,-1,2010-07-14 12:17:00,1.65,14112.0,United Kingdom
C515696,21238,RED SPOTTY CUP,-1,2010-07-14 12:17:00,0.85,14112.0,United Kingdom
C515698,22138,BAKING SET 9 PIECE RETROSPOT,-2,2010-07-14 12:20:00,4.95,13021.0,United Kingdom
C515699,21843,RED RETROSPOT CAKE STAND,-1,2010-07-14 12:22:00,10.95,15076.0,United Kingdom
C515700,20798,CLEAR MILKSHAKE GLASS,-6,2010-07-14 12:24:00,2.1,16576.0,United Kingdom
C515701,21232,STRAWBERRY CERAMIC TRINKET BOX,-14,2010-07-14 12:25:00,1.25,18217.0,United Kingdom
C515701,22649,STRAWBERRY FAIRY CAKE TEAPOT,-1,2010-07-14 12:25:00,4.95,18217.0,United Kingdom
C515767,40003,WHITE BAMBOO RIBS LAMPSHADE,-1,2010-07-14 14:25:00,0.95,15311.0,United Kingdom
C515767,40001,WHITE BAMBOO RIBS LAMPSHADE,-9,2010-07-14 14:25:00,0.64,15311.0,United Kingdom
C515767,22355,CHARLOTTE BAG SUKI DESIGN,-1,2010-07-14 14:25:00,0.72,15311.0,United Kingdom
C515767,79029,GLASS HONEYPOT WASP CATCHER,-1,2010-07-14 14:25:00,1.65,15311.0,United Kingdom
C515772,21561,DINOSAUR LUNCH BOX WITH CUTLERY,-1,2010-07-14 14:46:00,2.55,16161.0,United Kingdom
C515777,37448,CERAMIC CAKE DESIGN SPOTTED MUG,-1,2010-07-14 15:14:00,1.49,14679.0,United Kingdom
C515777,37449,CERAMIC CAKE STAND + HANGING CAKES,-1,2010-07-14 15:14:00,9.95,14679.0,United Kingdom
C515777,21232,STRAWBERRY CERAMIC TRINKET BOX,-2,2010-07-14 15:14:00,1.25,14679.0,United Kingdom
C515778,22180,RETRO SPOT LAMP,-1,2010-07-14 15:23:00,9.95,18260.0,United Kingdom
C515779,22220,CAKE STAND LOVEBIRD 2 TIER WHITE,-1,2010-07-14 15:24:00,9.95,14952.0,United Kingdom
C515784,37370,RETRO COFFEE MUGS ASSORTED,-4,2010-07-14 15:39:00,1.25,13872.0,United Kingdom
C515785,21746,SMALL RED RETROSPOT WINDMILL,-1,2010-07-14 15:40:00,1.25,14020.0,United Kingdom
C515785,22423,REGENCY CAKESTAND 3 TIER,-1,2010-07-14 15:40:00,12.75,14020.0,United Kingdom
C515785,21217,RED SPOTTY ROUND CAKE TINS,-1,2010-07-14 15:40:00,9.95,14020.0,United Kingdom
C515785,22361,GLASS JAR DAISY FRESH COTTON WOOL,-4,2010-07-14 15:40:00,2.95,14020.0,United Kingdom
C515786,21121,SET/10 RED SPOTTY PARTY CANDLES,-1,2010-07-14 15:41:00,1.25,13814.0,Germany
C515787,21205,MULTICOLOUR 3D BALLS GARLAND,-1,2010-07-14 15:46:00,2.55,14621.0,United Kingdom
C515787,22198,LARGE POPCORN HOLDER,-1,2010-07-14 15:46:00,1.65,14621.0,United Kingdom
C515787,22502,PICNIC BASKET WICKER SMALL,-1,2010-07-14 15:46:00,4.25,14621.0,United Kingdom
C515787,85170B,SET/6 BLACK BIRD T-LIGHT CANDLES,-1,2010-07-14 15:46:00,2.1,14621.0,United Kingdom
C515788,47590B,PINK HAPPY BIRTHDAY BUNTING,-20,2010-07-14 15:50:00,5.45,14543.0,United Kingdom
C515789,21217,RED SPOTTY ROUND CAKE TINS,-2,2010-07-14 15:52:00,9.95,17644.0,United Kingdom
C515790,20828,GLITTER BUTTERFLY CLIPS,-1,2010-07-14 15:53:00,2.55,16180.0,United Kingdom
C515790,37449,CERAMIC CAKE STAND + HANGING CAKES,-2,2010-07-14 15:53:00,9.95,16180.0,United Kingdom
C515790,15036,ASSORTED COLOURS SILK FAN,-1,2010-07-14 15:53:00,0.75,16180.0,United Kingdom
C515790,20914,SET/5 RED SPOTTY LID GLASS BOWLS,-1,2010-07-14 15:53:00,2.95,16180.0,United Kingdom
C515790,21232,STRAWBERRY CERAMIC TRINKET BOX,-8,2010-07-14 15:53:00,1.25,16180.0,United Kingdom
C515790,79323W,WHITE CHERRY LIGHTS,-1,2010-07-14 15:53:00,6.75,16180.0,United Kingdom
C515791,37495,FAIRY CAKE BIRTHDAY CANDLE SET,-1,2010-07-14 15:55:00,1.25,15077.0,United Kingdom
C515793,79342B,BROWN FLOWER LIGHTS,-4,2010-07-14 16:01:00,5.45,15941.0,United Kingdom
C515793,79323P,PINK CHERRY LIGHTS,-10,2010-07-14 16:01:00,5.45,15941.0,United Kingdom
C515793,79323G,GOLD  CHERRY LIGHTS,-10,2010-07-14 16:01:00,5.45,15941.0,United Kingdom
C515793,79323B,BLACK CHERRY LIGHTS,-8,2010-07-14 16:01:00,5.45,15941.0,United Kingdom
C515794,22423,REGENCY CAKESTAND 3 TIER,-2,2010-07-14 16:03:00,12.75,13552.0,United Kingdom
C515794,22055,MINI CAKE STAND  HANGING STRAWBERY,-1,2010-07-14 16:03:00,1.65,13552.0,United Kingdom
C515796,84031A,CHARLIE+LOLA RED HOT WATER BOTTLE,-1,2010-07-14 16:11:00,4.65,16168.0,United Kingdom
C515797,46000S,POLYESTER FILLER PAD 40x40cm,-1,2010-07-14 16:12:00,1.45,16894.0,United Kingdom
C515797,84907,PINK YELLOW PATCH CUSHION COVER,-1,2010-07-14 16:12:00,7.65,16894.0,United Kingdom
C515797,84908A,PINK 5 PATCH FLOWER CUSHION COVER,-1,2010-07-14 16:12:00,6.95,16894.0,United Kingdom
C515797,84919,BLUE CUSHION COVER WITH FLOWER,-1,2010-07-14 16:12:00,6.95,16894.0,United Kingdom
C515797,21467,CHERRY CROCHET FOOD COVER,-1,2010-07-14 16:12:00,3.75,16894.0,United Kingdom
C515798,35004B,SET OF 3 BLACK FLYING DUCKS,-1,2010-07-14 16:15:00,4.65,13078.0,United Kingdom
C515798,22461,SAVOY ART DECO CLOCK,-4,2010-07-14 16:15:00,10.95,13078.0,United Kingdom
C515799,22364,GLASS JAR DIGESTIVE BISCUITS,-3,2010-07-14 16:18:00,2.95,15489.0,United Kingdom
C515799,22360,GLASS JAR ENGLISH CONFECTIONERY,-3,2010-07-14 16:18:00,2.95,15489.0,United Kingdom
C515800,21843,RED RETROSPOT CAKE STAND,-1,2010-07-14 16:19:00,10.95,13468.0,United Kingdom
C515802,84836,ZINC METAL HEART DECORATION,-2,2010-07-14 16:22:00,1.25,14849.0,United Kingdom
C515802,22558,CLOTHES PEGS RETROSPOT PACK 24,-12,2010-07-14 16:22:00,1.25,14849.0,United Kingdom
C515803,22244,"HOOK, 3 HANGER ,MAGIC GARDEN",-12,2010-07-14 16:28:00,1.95,13484.0,United Kingdom
C515805,22634,CHILDS BREAKFAST SET SPACEBOY,-1,2010-07-14 16:46:00,9.95,12468.0,Germany
C515806,22637,PIGGY BANK RETROSPOT,-2,2010-07-14 16:47:00,2.55,16177.0,United Kingdom
C515806,85063,CREAM SWEETHEART MAGAZINE RACK,-2,2010-07-14 16:47:00,16.95,16177.0,United Kingdom
C515806,21535,RED RETROSPOT SMALL MILK JUG,-4,2010-07-14 16:47:00,2.55,16177.0,United Kingdom
C515807,22502,PICNIC BASKET WICKER SMALL,-1,2010-07-14 16:49:00,3.75,13093.0,United Kingdom
C515808,22605,WOODEN CROQUET GARDEN SET,-1,2010-07-14 16:57:00,10.95,13304.0,United Kingdom
515818,20738,GREEN MINI TAPE MEASURE,-120,2010-07-15 09:54:00,0.0,,United Kingdom
515821,22558,CLOTHES PEGS RETROSPOT PACK 24,-60,2010-07-15 09:59:00,0.0,,United Kingdom
515823,21214,SET OF 72 IVORY PAPER DOILIES,-153,2010-07-15 10:05:00,0.0,,United Kingdom
515829,20692,FLORAL ELEPHANT SOFT TOY,-64,2010-07-15 11:08:00,0.0,,United Kingdom
C515839,M,Manual,-1,2010-07-15 11:19:00,15.0,14606.0,United Kingdom
515849,22499,WOODEN UNION JACK BUNTING,-106,2010-07-15 11:23:00,0.0,,United Kingdom
515856,22607,WOODEN ROUNDERS GARDEN SET,-70,2010-07-15 11:25:00,0.0,,United Kingdom
515872,84971S,SMALL HEART FLOWERS HOOK,-504,2010-07-15 11:29:00,0.0,,United Kingdom
515876,21154,RED SPOTTY OVEN GLOVE,-220,2010-07-15 11:30:00,0.0,,United Kingdom
515878,21877,HOME SWEET HOME MUG,-190,2010-07-15 11:32:00,0.0,,United Kingdom
C515882,21498,RED SPOTS  WRAP,-50,2010-07-15 11:59:00,0.42,12891.0,United Kingdom
C515886,M,Manual,-1,2010-07-15 12:04:00,3580.8,18102.0,United Kingdom
C515918,BANK CHARGES,Bank Charges,-1,2010-07-15 13:33:00,453.82,,United Kingdom
C515919,M,Manual,-1,2010-07-15 13:35:00,158.53,,United Kingdom
C515920,M,Manual,-1,2010-07-15 13:41:00,858.59,,United Kingdom
C515921,22668,PINK BABY BUNTING,-5,2010-07-15 13:42:00,2.95,15542.0,United Kingdom
C515921,21880,RED AND WHITE SPOT TAPE,-12,2010-07-15 13:42:00,0.65,15542.0,United Kingdom
C515942,21786,RAIN HAT WITH RED SPOTS,-48,2010-07-15 15:17:00,0.42,17757.0,United Kingdom
C515950,21933,PINK VINTAGE PAISLEY PICNIC BAG,-2,2010-07-15 18:00:00,2.95,16161.0,United Kingdom
C515959,22464,HANGING METAL HEART LANTERN,-2,2010-07-16 07:15:00,1.65,17531.0,United Kingdom
C515960,21877,HOME SWEET HOME MUG,-1,2010-07-16 07:17:00,1.25,13267.0,United Kingdom
C515960,22423,REGENCY CAKESTAND 3 TIER,-2,2010-07-16 07:17:00,12.75,13267.0,United Kingdom
C515962,84676,BATH DUCK WATERING CAN,-2,2010-07-16 07:21:00,2.95,17412.0,United Kingdom
C515962,21524,DOORMAT SPOTTY HOME SWEET HOME,-1,2010-07-16 07:21:00,7.49,17412.0,United Kingdom
C515963,21527,RED RETROSPOT TRADITIONAL TEAPOT,-1,2010-07-16 07:27:00,7.95,13488.0,United Kingdom
C515964,22138,BAKING SET 9 PIECE RETROSPOT,-1,2010-07-16 07:29:00,4.95,13047.0,United Kingdom
C515964,84969,ASSORTED COLOUR SET 6 TEASPOONS,-1,2010-07-16 07:29:00,4.25,13047.0,United Kingdom
C515964,21272,SALLE DE BAIN HOOK,-1,2010-07-16 07:29:00,1.25,13047.0,United Kingdom
C515965,20798,CLEAR MILKSHAKE GLASS,-6,2010-07-16 07:46:00,2.1,16576.0,United Kingdom
C515966,37492B,BLUE YELLOW FLOWER PIGGY BANK,-2,2010-07-16 07:47:00,4.65,13059.0,United Kingdom
C515967,22634,CHILDS BREAKFAST SET SPACEBOY,-2,2010-07-16 07:48:00,9.95,13735.0,United Kingdom
C515968,84723,CHERRY BLOSSOM CANVAS ART PICTURE,-1,2010-07-16 07:49:00,7.95,14640.0,United Kingdom
C515968,84613A,PINK NEW BAROQUE FLOCK CANDLESTICK,-1,2010-07-16 07:49:00,4.65,14640.0,United Kingdom
C515968,84614A,PINK BAROQUE FLOCK CANDLE HOLDER,-2,2010-07-16 07:49:00,5.95,14640.0,United Kingdom
C515968,84946,ANTIQUE SILVER TEA GLASS ETCHED,-1,2010-07-16 07:49:00,1.25,14640.0,United Kingdom
C515968,22457,NATURAL SLATE HEART CHALKBOARD,-1,2010-07-16 07:49:00,2.95,14640.0,United Kingdom
C515970,21198,WHITE HEART CONFETTI IN TUBE,-3,2010-07-16 07:51:00,1.65,14621.0,United Kingdom
C515970,85170B,SET/6 BLACK BIRD T-LIGHT CANDLES,-3,2010-07-16 07:51:00,2.1,14621.0,United Kingdom
C515972,22199,FRYING PAN RED POLKADOT,-264,2010-07-16 07:54:00,3.75,14156.0,EIRE
C515973,21232,STRAWBERRY CERAMIC TRINKET BOX,-3,2010-07-16 07:57:00,1.25,14911.0,EIRE
C515973,22423,REGENCY CAKESTAND 3 TIER,-1,2010-07-16 07:57:00,10.95,14911.0,EIRE
C515974,79323W,WHITE CHERRY LIGHTS,-2,2010-07-16 08:00:00,6.75,13317.0,United Kingdom
C515974,79323P,PINK CHERRY LIGHTS,-2,2010-07-16 08:00:00,6.75,13317.0,United Kingdom
C515974,79323GR,GREEN CHERRY LIGHTS,-3,2010-07-16 08:00:00,6.75,13317.0,United Kingdom
C515974,79323LP,LIGHT PINK CHERRY LIGHTS,-2,2010-07-16 08:00:00,6.75,13317.0,United Kingdom
C515975,21470,FLOWER VINE RAFFIA FOOD COVER,-1,2010-07-16 08:01:00,3.75,17531.0,United Kingdom
C515976,85040A,S/4 PINK FLOWER CANDLES IN BOWL,-4,2010-07-16 08:05:00,1.65,14175.0,United Kingdom
C515976,21462,"NURSERY A,B,C PAINTED LETTERS",-1,2010-07-16 08:05:00,6.75,14175.0,United Kingdom
C515976,37503,TEA TIME CAKE STAND IN GIFT BOX,-1,2010-07-16 08:05:00,10.75,14175.0,United Kingdom
C515976,22442,GROW YOUR OWN FLOWERS SET OF 3,-2,2010-07-16 08:05:00,7.95,14175.0,United Kingdom
C515976,21843,RED RETROSPOT CAKE STAND,-3,2010-07-16 08:05:00,10.95,14175.0,United Kingdom
C515977,21868,POTTING SHED TEA MUG,-6,2010-07-16 08:06:00,1.06,15125.0,United Kingdom
C515978,22442,GROW YOUR OWN FLOWERS SET OF 3,-1,2010-07-16 08:09:00,7.95,12749.0,United Kingdom
C515978,22487,WHITE WOOD GARDEN PLANT LADDER,-1,2010-07-16 08:09:00,9.95,12749.0,United Kingdom
C515978,22485,SET OF 2 WOODEN MARKET CRATES,-3,2010-07-16 08:09:00,12.75,12749.0,United Kingdom
C515978,22429,ENAMEL MEASURING JUG CREAM,-1,2010-07-16 08:09:00,4.25,12749.0,United Kingdom
C515979,21527,RED RETROSPOT TRADITIONAL TEAPOT,-1,2010-07-16 08:10:00,7.95,17581.0,United Kingdom
C515979,40018F,CHERRY DESIGN PAPERLANTERNS,-4,2010-07-16 08:10:00,1.95,17581.0,United Kingdom
C515979,85042,ANTIQUE LILY FAIRY LIGHTS,-1,2010-07-16 08:10:00,4.95,17581.0,United Kingdom
C515980,22442,GROW YOUR OWN FLOWERS SET OF 3,-1,2010-07-16 08:12:00,7.95,12749.0,United Kingdom
C515981,22168,ORGANISER WOOD ANTIQUE WHITE,-1,2010-07-16 08:13:00,8.5,13050.0,United Kingdom
C515981,85047,WHITE BEADED GARLAND STRING 20LIGHT,-2,2010-07-16 08:13:00,6.35,13050.0,United Kingdom
C515981,82494L,WOODEN FRAME ANTIQUE WHITE,-2,2010-07-16 08:13:00,2.95,13050.0,United Kingdom
C515982,20724,RED SPOTTY CHARLOTTE BAG,-4,2010-07-16 08:14:00,0.85,14389.0,United Kingdom
C515982,20728,LUNCH BAG CARS BLUE,-2,2010-07-16 08:14:00,1.65,14389.0,United Kingdom
C515982,22382,LUNCH BAG SPACEBOY DESIGN,-1,2010-07-16 08:14:00,1.65,14389.0,United Kingdom
C515982,20975,12 PENCILS SMALL TUBE RED SPOTTY,-3,2010-07-16 08:14:00,0.65,14389.0,United Kingdom
C515983,85068,CREAM SWEETHEART SHELF + HOOKS,-1,2010-07-16 08:17:00,6.95,16133.0,United Kingdom
C515983,85066,CREAM SWEETHEART MINI CHEST,-16,2010-07-16 08:17:00,10.95,16133.0,United Kingdom
C515985,22453,MEASURING TAPE BABUSHKA BLUE,-1,2010-07-16 08:19:00,2.95,13425.0,United Kingdom
C515990,22427,ENAMEL FLOWER JUG CREAM,-1,2010-07-16 08:23:00,5.95,16554.0,United Kingdom
C515991,22646,CERAMIC STRAWBERRY CAKE MONEY BANK,-1,2010-07-16 08:25:00,1.45,16351.0,United Kingdom
C515992,22635,CHILDS BREAKFAST SET DOLLY GIRL,-1,2010-07-16 08:26:00,9.95,16746.0,United Kingdom
C515993,21843,RED RETROSPOT CAKE STAND,-1,2010-07-16 08:28:00,10.95,15841.0,United Kingdom
C515994,21533,RETRO SPOT LARGE MILK JUG,-1,2010-07-16 08:30:00,4.95,12633.0,Germany
C515994,20724,RED SPOTTY CHARLOTTE BAG,-5,2010-07-16 08:30:00,0.85,12633.0,Germany
C515994,22504,CABIN BAG VINTAGE RETROSPOT,-1,2010-07-16 08:30:00,29.95,12633.0,Germany
C515997,22423,REGENCY CAKESTAND 3 TIER,-5,2010-07-16 08:31:00,10.95,13089.0,United Kingdom
C515999,85066,CREAM SWEETHEART MINI CHEST,-1,2010-07-16 08:33:00,12.75,12975.0,United Kingdom
C515999,22168,ORGANISER WOOD ANTIQUE WHITE,-2,2010-07-16 08:33:00,8.5,12975.0,United Kingdom
C515999,85063,CREAM SWEETHEART MAGAZINE RACK,-1,2010-07-16 08:33:00,16.95,12975.0,United Kingdom
C516013,21760,FRENCH STYLE WALL DRESSER,-1,2010-07-16 09:53:00,125.0,16466.0,United Kingdom
516014,37479P,CUBIC MUG FLOCK PINK ON BROWN,-450,2010-07-16 09:57:00,0.0,,United Kingdom
516017,22719,GUMBALL MONOCHROME COAT RACK,-2,2010-07-16 10:11:00,0.0,,United Kingdom
C516024,21464,DISCO BALL ROTATOR BATTERY OPERATED,-1,2010-07-16 10:34:00,4.25,17965.0,United Kingdom
C516118,20914,SET/5 RED SPOTTY LID GLASS BOWLS,-8,2010-07-16 14:32:00,2.55,13093.0,United Kingdom
C516118,22423,REGENCY CAKESTAND 3 TIER,-16,2010-07-16 14:32:00,10.95,13093.0,United Kingdom
C516128,POST,POSTAGE,-1,2010-07-16 15:04:00,9.58,,United Kingdom
C516128,DOT,DOTCOM POSTAGE,-1,2010-07-16 15:04:00,3.36,,United Kingdom
C516128,17129F,DEEP BLUE GLASS GEMS IN BAG,-6,2010-07-16 15:04:00,1.66,,United Kingdom
C516149,37449,CERAMIC CAKE STAND + HANGING CAKES,-4,2010-07-18 10:52:00,9.95,13798.0,United Kingdom
C516149,22064,PINK DOUGHNUT TRINKET POT,-8,2010-07-18 10:52:00,1.65,13798.0,United Kingdom
C516149,20724,RED SPOTTY CHARLOTTE BAG,-3,2010-07-18 10:52:00,0.85,13798.0,United Kingdom
C516149,20725,LUNCH BAG RED SPOTTY,-5,2010-07-18 10:52:00,1.65,13798.0,United Kingdom
C516149,20723,STRAWBERRY CHARLOTTE BAG,-1,2010-07-18 10:52:00,0.85,13798.0,United Kingdom
C516149,21927,BLUE/CREAM STRIPE CUSHION COVER,-1,2010-07-18 10:52:00,1.25,13798.0,United Kingdom
C516149,85099F,JUMBO BAG STRAWBERRY,-4,2010-07-18 10:52:00,1.95,13798.0,United Kingdom
C516149,21232,STRAWBERRY CERAMIC TRINKET BOX,-3,2010-07-18 10:52:00,1.25,13798.0,United Kingdom
C516149,21231,SWEETHEART CERAMIC TRINKET BOX,-8,2010-07-18 10:52:00,1.25,13798.0,United Kingdom
C516149,21843,RED RETROSPOT CAKE STAND,-5,2010-07-18 10:52:00,10.95,13798.0,United Kingdom
C516149,37446,MINI CAKE STAND WITH HANGING CAKES,-4,2010-07-18 10:52:00,1.45,13798.0,United Kingdom
C516149,37450,CERAMIC CAKE BOWL + HANGING CAKES,-4,2010-07-18 10:52:00,2.95,13798.0,United Kingdom
C516149,21166,COOK WITH WINE METAL SIGN,-1,2010-07-18 10:52:00,1.95,13798.0,United Kingdom
C516149,20903,VINTAGE KEEPSAKE BOX TRAVELOGUE,-1,2010-07-18 10:52:00,6.35,13798.0,United Kingdom
C516149,82578,KITCHEN METAL SIGN,-1,2010-07-18 10:52:00,0.55,13798.0,United Kingdom
C516149,21169,YOU'RE CONFUSING ME METAL SIGN,-1,2010-07-18 10:52:00,1.69,13798.0,United Kingdom
C516149,85123A,WHITE HANGING HEART T-LIGHT HOLDER,-1,2010-07-18 10:52:00,2.95,13798.0,United Kingdom
C516149,21936,RED RETROSPOT PICNIC BAG,-1,2010-07-18 10:52:00,2.95,13798.0,United Kingdom
C516149,20727,LUNCH BAG  BLACK SKULL.,-4,2010-07-18 10:52:00,1.65,13798.0,United Kingdom
C516149,21928,JUMBO BAG SCANDINAVIAN PAISLEY,-1,2010-07-18 10:52:00,1.95,13798.0,United Kingdom
C516149,35924,HANGING FAIRY CAKE DECORATION,-3,2010-07-18 10:52:00,2.1,13798.0,United Kingdom
C516149,21080,SET/20 RED SPOTTY PAPER NAPKINS,-1,2010-07-18 10:52:00,0.85,13798.0,United Kingdom
C516159,M,Manual,-8,2010-07-18 11:53:00,1.0,16950.0,United Kingdom
C516180,22327,ROUND SNACK BOXES SET OF 4 SKULLS,-1,2010-07-18 14:37:00,2.95,14546.0,United Kingdom
C516180,21389,IVORY HANGING DECORATION  BIRD,-1,2010-07-18 14:37:00,0.85,14546.0,United Kingdom
516198,21843,RED RETROSPOT CAKE STAND,-11,2010-07-19 10:33:00,0.0,,United Kingdom
516200,22423,REGENCY CAKESTAND 3 TIER,-31,2010-07-19 10:33:00,0.0,,United Kingdom
C516202,82486,WOOD S/3 CABINET ANT WHITE FINISH,-1,2010-07-19 10:43:00,6.95,15039.0,United Kingdom
C516274,22138,BAKING SET 9 PIECE RETROSPOT,-9,2010-07-19 12:45:00,4.95,16954.0,United Kingdom
C516317,22236,CAKE STAND 3 TIER MAGIC GARDEN,-1,2010-07-19 14:48:00,12.75,12471.0,Germany
C516317,22509,SEWING BOX RETROSPOT DESIGN,-1,2010-07-19 14:48:00,16.95,12471.0,Germany
C516317,22423,REGENCY CAKESTAND 3 TIER,-1,2010-07-19 14:48:00,10.95,12471.0,Germany
C516317,21231,SWEETHEART CERAMIC TRINKET BOX,-2,2010-07-19 14:48:00,1.25,12471.0,Germany
C516317,21210,SET OF 72 RETRO SPOT PAPER  DOILIES,-1,2010-07-19 14:48:00,1.45,12471.0,Germany
C516317,22555,PLASTERS IN TIN STRONGMAN,-1,2010-07-19 14:48:00,1.65,12471.0,Germany
C516318,37449,CERAMIC CAKE STAND + HANGING CAKES,-1,2010-07-19 14:56:00,8.5,14156.0,EIRE
C516320,21218,RED SPOTTY BISCUIT TIN,-3,2010-07-19 14:58:00,3.75,13999.0,United Kingdom
C516320,22429,ENAMEL MEASURING JUG CREAM,-1,2010-07-19 14:58:00,4.25,13999.0,United Kingdom
C516336,22635,CHILDS BREAKFAST SET DOLLY GIRL,-1,2010-07-19 17:31:00,9.95,16746.0,United Kingdom
C516448,79000,MOROCCAN TEA GLASS,-7,2010-07-20 12:51:00,0.85,13107.0,United Kingdom
C516448,71459,HANGING JAM JAR T-LIGHT HOLDER,-1,2010-07-20 12:51:00,0.85,13107.0,United Kingdom
C516448,20754,RETRO RED SPOTTY WASHING UP GLOVES,-18,2010-07-20 12:51:00,2.1,13107.0,United Kingdom
C516448,22186,RED STAR CARD HOLDER,-12,2010-07-20 12:51:00,2.95,13107.0,United Kingdom
C516459,22500,SET OF 2 TINS JARDIN DE PROVENCE,-4,2010-07-20 13:48:00,4.95,14492.0,United Kingdom
C516459,21755,LOVE BUILDING BLOCK WORD,-6,2010-07-20 13:48:00,5.95,14492.0,United Kingdom
C516459,82486,WOOD S/3 CABINET ANT WHITE FINISH,-4,2010-07-20 13:48:00,7.95,14492.0,United Kingdom
C516459,85172,HYACINTH BULB T-LIGHT CANDLES,-32,2010-07-20 13:48:00,0.42,14492.0,United Kingdom
C516459,21612,SET 12 WILDFLOWER BOTANICAL T-LIGHT,-6,2010-07-20 13:48:00,2.95,14492.0,United Kingdom
C516459,71053,WHITE METAL LANTERN,-4,2010-07-20 13:48:00,3.75,14492.0,United Kingdom
C516459,85123A,WHITE HANGING HEART T-LIGHT HOLDER,-32,2010-07-20 13:48:00,2.55,14492.0,United Kingdom
C516459,85152,HAND OVER THE CHOCOLATE   SIGN,-12,2010-07-20 13:48:00,2.1,14492.0,United Kingdom
C516459,48138,DOOR MAT UNION FLAG,-4,2010-07-20 13:48:00,7.49,14492.0,United Kingdom
C516459,22499,WOODEN UNION JACK BUNTING,-3,2010-07-20 13:48:00,5.95,14492.0,United Kingdom
C516460,79323W,WHITE CHERRY LIGHTS,-6,2010-07-20 13:50:00,5.45,17426.0,United Kingdom
C516462,20830,SILVER PHOTO FRAME,-2,2010-07-20 14:18:00,2.1,15101.0,United Kingdom
516472,21323,HANGING MEDINA LANTERN LARGE,-34,2010-07-20 15:55:00,0.0,,United Kingdom
516473,21545,CERAMIC BIRDHOUSE BUTTERFLY SMALL,-30,2010-07-20 15:56:00,0.0,,United Kingdom
516491,21463,MIRRORED DISCO BALL,-27,2010-07-21 10:24:00,0.0,,United Kingdom
C516543,20728,LUNCH BAG CARS BLUE,-1,2010-07-21 12:09:00,1.65,13115.0,United Kingdom
C516553,22221,CAKE STAND LOVEBIRD 2 TIER PINK,-1,2010-07-21 12:12:00,9.95,14952.0,United Kingdom
C516565,21527,RED RETROSPOT TRADITIONAL TEAPOT,-1,2010-07-21 12:27:00,7.95,12523.0,France
C516565,21232,STRAWBERRY CERAMIC TRINKET BOX,-1,2010-07-21 12:27:00,1.25,12523.0,France
C516565,22269,EGG CUP NATURAL CHICKEN,-8,2010-07-21 12:27:00,1.25,12523.0,France
C516571,22533,MAGIC DRAWING SLATE BAKE A CAKE,-48,2010-07-21 12:47:00,0.42,17676.0,United Kingdom
C516574,21754,HOME BUILDING BLOCK WORD,-1,2010-07-21 13:02:00,5.95,13047.0,United Kingdom
C516575,84978,HANGING HEART JAR T-LIGHT HOLDER,-1,2010-07-21 13:10:00,1.25,17739.0,United Kingdom
C516575,22666,RECIPE BOX PANTRY YELLOW DESIGN,-2,2010-07-21 13:10:00,2.95,17739.0,United Kingdom
C516576,20828,GLITTER BUTTERFLY CLIPS,-1,2010-07-21 13:14:00,2.55,14621.0,United Kingdom
C516576,20719,WOODLAND CHARLOTTE BAG,-2,2010-07-21 13:14:00,0.85,14621.0,United Kingdom
C516576,85170B,SET/6 BLACK BIRD T-LIGHT CANDLES,-3,2010-07-21 13:14:00,2.1,14621.0,United Kingdom
C516577,22073,RED RETROSPOT STORAGE JAR,-2,2010-07-21 13:15:00,3.75,15791.0,United Kingdom
C516577,71477,COLOUR GLASS. STAR T-LIGHT HOLDER,-3,2010-07-21 13:15:00,3.25,15791.0,United Kingdom
C516577,21539,RED RETROSPOT BUTTER DISH,-1,2010-07-21 13:15:00,4.95,15791.0,United Kingdom
C516577,22064,PINK DOUGHNUT TRINKET POT,-2,2010-07-21 13:15:00,1.65,15791.0,United Kingdom
C516577,21232,STRAWBERRY CERAMIC TRINKET BOX,-1,2010-07-21 13:15:00,1.25,15791.0,United Kingdom
C516578,21843,RED RETROSPOT CAKE STAND,-1,2010-07-21 13:16:00,10.95,15827.0,United Kingdom
C516578,21231,SWEETHEART CERAMIC TRINKET BOX,-1,2010-07-21 13:16:00,1.25,15827.0,United Kingdom
C516578,22138,BAKING SET 9 PIECE RETROSPOT,-3,2010-07-21 13:16:00,4.95,15827.0,United Kingdom
C516580,21232,STRAWBERRY CERAMIC TRINKET BOX,-7,2010-07-21 13:18:00,1.06,18223.0,United Kingdom
C516580,22198,LARGE POPCORN HOLDER,-2,2010-07-21 13:18:00,1.65,18223.0,United Kingdom
C516581,85099C,JUMBO  BAG BAROQUE BLACK WHITE,-2,2010-07-21 13:19:00,1.95,16168.0,United Kingdom
C516582,22061,LARGE CAKE STAND  HANGING STRAWBERY,-1,2010-07-21 13:21:00,9.95,14915.0,United Kingdom
C516585,22138,BAKING SET 9 PIECE RETROSPOT,-3,2010-07-21 13:24:00,4.95,15732.0,United Kingdom
C516585,22617,BAKING SET SPACEBOY DESIGN,-3,2010-07-21 13:24:00,4.95,15732.0,United Kingdom
C516584,21527,RED RETROSPOT TRADITIONAL TEAPOT,-1,2010-07-21 13:24:00,7.95,15079.0,United Kingdom
C516587,M,Manual,-1,2010-07-21 13:34:00,12.8,,EIRE
C516589,21239,PINK  SPOTTY CUP,-1,2010-07-21 13:40:00,0.85,15005.0,United Kingdom
C516589,21232,STRAWBERRY CERAMIC TRINKET BOX,-1,2010-07-21 13:40:00,1.25,15005.0,United Kingdom
C516589,37450,CERAMIC CAKE BOWL + HANGING CAKES,-2,2010-07-21 13:40:00,2.95,15005.0,United Kingdom
C516589,21843,RED RETROSPOT CAKE STAND,-1,2010-07-21 13:40:00,10.95,15005.0,United Kingdom
C516594,21395,BLUE SPOTTY BEAKER,-10,2010-07-21 14:00:00,1.95,15981.0,United Kingdom
C516596,22487,WHITE WOOD GARDEN PLANT LADDER,-1,2010-07-21 14:02:00,8.5,13078.0,United Kingdom
C516596,85124A,PINK JUICY FRUIT PHOTO FRAME,-1,2010-07-21 14:02:00,2.55,13078.0,United Kingdom
C516597,21540,DAIRY MAID CERAMIC BUTTER DISH,-7,2010-07-21 14:03:00,3.75,16701.0,United Kingdom
C516598,21769,VINTAGE POST OFFICE CABINET,-1,2010-07-21 14:04:00,79.95,13895.0,United Kingdom
C516599,85059,FRENCH ENAMEL WATER BASIN,-1,2010-07-21 14:05:00,3.75,16054.0,United Kingdom
C516600,22341,LOVE GARLAND PAINTED ZINC,-12,2010-07-21 14:07:00,1.65,13012.0,United Kingdom
C516600,21217,RED SPOTTY ROUND CAKE TINS,-1,2010-07-21 14:07:00,9.95,13012.0,United Kingdom
C516600,21918,SET 12 KIDS COLOUR  CHALK STICKS,-4,2010-07-21 14:07:00,0.42,13012.0,United Kingdom
C516602,21784,SHOE SHINE BOX,-1,2010-07-21 14:19:00,9.95,14938.0,Channel Islands
C516602,85170A,SET/6 IVORY BIRD T-LIGHT CANDLES,-4,2010-07-21 14:19:00,2.1,14938.0,Channel Islands
C516602,21145,ANTIQUE GLASS PLACE SETTING,-1,2010-07-21 14:19:00,1.25,14938.0,Channel Islands
C516602,21666,RIDGED GLASS T-LIGHT HOLDER,-1,2010-07-21 14:19:00,0.65,14938.0,Channel Islands
C516603,21877,HOME SWEET HOME MUG,-2,2010-07-21 14:21:00,1.25,16556.0,United Kingdom
C516604,84078A,SET/4 WHITE RETRO STORAGE CUBES,-1,2010-07-21 14:22:00,34.95,17680.0,United Kingdom
C516605,22423,REGENCY CAKESTAND 3 TIER,-2,2010-07-21 14:27:00,10.95,14299.0,United Kingdom
C516606,84625D,WHITE NEWBAROQUE CANDLESTICK CANDLE,-3,2010-07-21 14:30:00,2.95,14766.0,United Kingdom
C516606,21320,GLASS CHALICE GREEN  LARGE,-2,2010-07-21 14:30:00,2.55,14766.0,United Kingdom
C516606,79000,MOROCCAN TEA GLASS,-3,2010-07-21 14:30:00,0.85,14766.0,United Kingdom
C516606,84927D,LA PALMIERA TILE HOOK,-1,2010-07-21 14:30:00,2.1,14766.0,United Kingdom
C516606,21539,RED RETROSPOT BUTTER DISH,-1,2010-07-21 14:30:00,4.95,14766.0,United Kingdom
C516612,BANK CHARGES,Bank Charges,-1,2010-07-21 14:45:00,165.84,,United Kingdom
C516614,S,SAMPLES,-1,2010-07-21 14:49:00,49.98,,United Kingdom
C516614,S,SAMPLES,-1,2010-07-21 14:49:00,54.99,,United Kingdom
C516614,S,SAMPLES,-1,2010-07-21 14:49:00,50.0,,United Kingdom
C516614,S,SAMPLES,-1,2010-07-21 14:49:00,13.98,,United Kingdom
C516614,S,SAMPLES,-1,2010-07-21 14:49:00,8.77,,United Kingdom
C516636,22628,PICNIC BOXES SET OF 3 RETROSPOT,-4,2010-07-22 11:14:00,4.95,12693.0,Germany
C516645,22467,GUMBALL COAT RACK,-2,2010-07-22 11:25:00,2.55,13564.0,United Kingdom
516654,22033,BOTANICAL ROSE GREETING CARD,-80,2010-07-22 11:27:00,0.0,,United Kingdom
C516657,85035A,GARDENIA 3 WICK MORRIS BOXED CANDLE,-24,2010-07-22 11:28:00,3.81,17090.0,United Kingdom
C516712,22504,CABIN BAG VINTAGE RETROSPOT,-4,2010-07-22 12:17:00,29.95,14895.0,United Kingdom
C516722,D,Discount,-1,2010-07-22 12:30:00,15.0,14527.0,United Kingdom
516723,85161,ACRYLIC GEOMETRIC LAMP,-7,2010-07-22 12:38:00,0.0,,United Kingdom
516724,84356,POMPOM CURTAIN,-14,2010-07-22 12:40:00,0.0,,United Kingdom
C516745,21918,SET 12 KIDS COLOUR  CHALK STICKS,-12,2010-07-22 14:51:00,0.42,15563.0,United Kingdom
C516754,79323GR,GREEN CHERRY LIGHTS,-3,2010-07-22 16:32:00,6.75,13889.0,United Kingdom
C516754,79323W,WHITE CHERRY LIGHTS,-4,2010-07-22 16:32:00,6.75,13889.0,United Kingdom
C516754,79323P,PINK CHERRY LIGHTS,-4,2010-07-22 16:32:00,6.75,13889.0,United Kingdom
C516754,79323LP,LIGHT PINK CHERRY LIGHTS,-4,2010-07-22 16:32:00,6.75,13889.0,United Kingdom
C516754,79323B,BLACK CHERRY LIGHTS,-3,2010-07-22 16:32:00,6.75,13889.0,United Kingdom
516755,22165,"DIAMANTE HEART SHAPED WALL MIRROR,",-11,2010-07-22 16:33:00,0.0,,United Kingdom
516756,22167,"WALL MIRROR , DIAMANTE OVAL SHAPE",-13,2010-07-22 16:33:00,0.0,,United Kingdom
516759,45008C,DECORATIVE NET CANOPY CREAM,-15,2010-07-22 16:40:00,0.0,,United Kingdom
C516762,79320,FLAMINGO LIGHTS,-3,2010-07-22 17:00:00,4.95,17113.0,United Kingdom
C516762,79323W,WHITE CHERRY LIGHTS,-2,2010-07-22 17:00:00,6.75,17113.0,United Kingdom
C516762,79323P,PINK CHERRY LIGHTS,-2,2010-07-22 17:00:00,6.75,17113.0,United Kingdom
C516763,79323P,PINK CHERRY LIGHTS,-24,2010-07-22 17:02:00,5.45,13946.0,United Kingdom
C516764,22215,CAKE STAND WHITE TWO TIER LACE,-12,2010-07-22 17:05:00,7.65,14199.0,United Kingdom
C516765,22526,WHEELBARROW FOR CHILDREN,-1,2010-07-22 17:10:00,12.75,17145.0,United Kingdom
C516766,22555,PLASTERS IN TIN STRONGMAN,-3,2010-07-22 17:11:00,1.65,16170.0,United Kingdom
C516766,22551,PLASTERS IN TIN SPACEBOY,-1,2010-07-22 17:11:00,1.65,16170.0,United Kingdom
C516771,84919,BLUE CUSHION COVER WITH FLOWER,-6,2010-07-22 18:30:00,6.95,,United Kingdom
C516784,22083,PAPER CHAIN KIT RETRO SPOT,-24,2010-07-23 09:28:00,2.95,12755.0,Japan
C516784,22085,PAPER CHAIN KIT SKULLS,-24,2010-07-23 09:28:00,2.95,12755.0,Japan
C516784,21202,DOLLY HONEYCOMB GARLAND,-48,2010-07-23 09:28:00,1.45,12755.0,Japan
C516784,21204,DAISIES  HONEYCOMB GARLAND,-48,2010-07-23 09:28:00,1.45,12755.0,Japan
C516784,21207,SKULL AND CROSSBONES  GARLAND,-48,2010-07-23 09:28:00,1.45,12755.0,Japan
C516784,22080,RIBBON REEL SPOTS DESIGN,-30,2010-07-23 09:28:00,1.65,12755.0,Japan
C516784,22079,RIBBON REEL HEARTS DESIGN,-30,2010-07-23 09:28:00,1.65,12755.0,Japan
C516784,22081,RIBBON REEL FLORA + FAUNA,-30,2010-07-23 09:28:00,1.65,12755.0,Japan
C516784,21291,SMALL SPOTTY CHOCOLATE GIFT BAG,-16,2010-07-23 09:28:00,0.85,12755.0,Japan
C516784,21348,PINK SPOTS CHOCOLATE NESTING BOXES,-12,2010-07-23 09:28:00,2.95,12755.0,Japan
C516784,21203,BUTTERFLIES  HONEYCOMB GARLAND,-48,2010-07-23 09:28:00,1.45,12755.0,Japan
C516799,20668,DISCO BALL CHRISTMAS DECORATION,-1,2010-07-23 10:43:00,0.12,14606.0,United Kingdom
C516799,22138,BAKING SET 9 PIECE RETROSPOT,-1,2010-07-23 10:43:00,4.95,14606.0,United Kingdom
C516838,85099F,JUMBO BAG STRAWBERRY,-2,2010-07-23 11:09:00,1.95,14477.0,United Kingdom
C516881,79029,GLASS HONEYPOT WASP CATCHER,-3,2010-07-23 13:45:00,1.65,18097.0,United Kingdom
C516882,22666,RECIPE BOX PANTRY YELLOW DESIGN,-3,2010-07-23 14:10:00,2.95,14739.0,United Kingdom
C516883,22656,VINTAGE BLUE KITCHEN CABINET,-1,2010-07-23 14:11:00,88.5,14895.0,United Kingdom
C516894,85183A,CHARLIE & LOLA WASTEPAPER BIN BLUE,-3,2010-07-23 15:16:00,3.75,12963.0,United Kingdom
C516894,84691,PACK 20 DOLLY PEGS,-1,2010-07-23 15:16:00,0.85,12963.0,United Kingdom
C516894,22326,ROUND SNACK BOXES SET OF4 WOODLAND,-6,2010-07-23 15:16:00,2.95,12963.0,United Kingdom
C516894,22357,KINGS CHOICE BISCUIT TIN,-1,2010-07-23 15:16:00,4.25,12963.0,United Kingdom
C516894,22508,DOORSTOP RETROSPOT HEART,-1,2010-07-23 15:16:00,3.75,12963.0,United Kingdom
C516894,85123A,WHITE HANGING HEART T-LIGHT HOLDER,-12,2010-07-23 15:16:00,2.95,12963.0,United Kingdom
C516912,22625,RED KITCHEN SCALES,-2,2010-07-25 11:06:00,8.5,14156.0,EIRE
C516912,22624,IVORY KITCHEN SCALES,-2,2010-07-25 11:06:00,8.5,14156.0,EIRE
C516912,22626,BLACK KITCHEN SCALES,-2,2010-07-25 11:06:00,8.5,14156.0,EIRE
C516912,22649,STRAWBERRY FAIRY CAKE TEAPOT,-8,2010-07-25 11:06:00,4.95,14156.0,EIRE
C516912,22646,CERAMIC STRAWBERRY CAKE MONEY BANK,-12,2010-07-25 11:06:00,1.45,14156.0,EIRE
C516912,22645,CERAMIC HEART FAIRY CAKE MONEY BANK,-12,2010-07-25 11:06:00,1.45,14156.0,EIRE
C516912,22644,CERAMIC CHERRY CAKE MONEY BANK,-12,2010-07-25 11:06:00,1.45,14156.0,EIRE
C516934,21922,UNION STRIPE WITH FRINGE  HAMMOCK,-1,2010-07-25 13:10:00,7.95,17969.0,United Kingdom
C516947,84782C,GREEN 3 TIER GLASS PLATE STAND,-1,2010-07-25 15:25:00,12.75,13276.0,United Kingdom
C516952,22176,BLUE OWL SOFT TOY,-1,2010-07-25 15:38:00,2.95,13148.0,United Kingdom
C516958,21781,MA CAMPAGNE CUTLERY BOX,-1,2010-07-25 16:00:00,12.75,14938.0,Channel Islands
C516965,84676,BATH DUCK WATERING CAN,-3,2010-07-26 09:29:00,2.95,12451.0,Switzerland
C516965,21746,SMALL RED RETROSPOT WINDMILL,-10,2010-07-26 09:29:00,1.25,12451.0,Switzerland
C516971,84880,WHITE WIRE EGG HOLDER,-1,2010-07-26 10:31:00,5.95,14422.0,United Kingdom
C516971,22461,SAVOY ART DECO CLOCK,-5,2010-07-26 10:31:00,10.95,14422.0,United Kingdom
C516972,22423,REGENCY CAKESTAND 3 TIER,-1,2010-07-26 10:33:00,12.75,14205.0,United Kingdom
C516972,21528,DAIRY MAID TRADITIONAL TEAPOT,-1,2010-07-26 10:33:00,6.95,14205.0,United Kingdom
C516974,85123A,WHITE HANGING HEART T-LIGHT HOLDER,-1,2010-07-26 10:36:00,2.95,17469.0,United Kingdom
C516979,84880,WHITE WIRE EGG HOLDER,-2,2010-07-26 10:56:00,5.95,16150.0,United Kingdom
C516979,84839,SWEETHEART KEY CABINET,-1,2010-07-26 10:56:00,6.75,16150.0,United Kingdom
C516979,22318,FIVE HEART HANGING DECORATION,-1,2010-07-26 10:56:00,2.95,16150.0,United Kingdom
C516979,22457,NATURAL SLATE HEART CHALKBOARD,-1,2010-07-26 10:56:00,2.95,16150.0,United Kingdom
C517013,M,Manual,-1,2010-07-26 11:32:00,626.35,,EIRE
C517054,22630,DOLLY GIRL LUNCH BOX,-1,2010-07-26 12:52:00,1.95,14420.0,United Kingdom
C517056,22312,OFFICE MUG WARMER POLKADOT,-1,2010-07-26 13:06:00,4.95,12590.0,Germany
C517058,22360,GLASS JAR ENGLISH CONFECTIONERY,-1,2010-07-26 13:20:00,2.95,14236.0,United Kingdom
C517063,21506,"FANCY FONT BIRTHDAY CARD,",-24,2010-07-26 13:39:00,0.42,16555.0,United Kingdom
C517063,21212,PACK OF 72 RETRO SPOT CAKE CASES,-72,2010-07-26 13:39:00,0.55,16555.0,United Kingdom
C517063,84991,60 TEATIME FAIRY CAKE CASES,-72,2010-07-26 13:39:00,0.55,16555.0,United Kingdom
C517063,84375,SET OF 20 KIDS COOKIE CUTTERS,-24,2010-07-26 13:39:00,1.95,16555.0,United Kingdom
C517063,21357,TOAST ITS - DINOSAUR,-48,2010-07-26 13:39:00,1.25,16555.0,United Kingdom
C517063,37503,TEA TIME CAKE STAND IN GIFT BOX,-2,2010-07-26 13:39:00,10.75,16555.0,United Kingdom
C517063,21914,BLUE HARMONICA IN BOX,-48,2010-07-26 13:39:00,1.25,16555.0,United Kingdom
C517063,21915,RED  HARMONICA IN BOX,-48,2010-07-26 13:39:00,1.25,16555.0,United Kingdom
C517063,20724,RED SPOTTY CHARLOTTE BAG,-20,2010-07-26 13:39:00,0.85,16555.0,United Kingdom
C517063,20723,STRAWBERRY CHARLOTTE BAG,-20,2010-07-26 13:39:00,0.85,16555.0,United Kingdom
C517063,22035,VINTAGE CARAVAN GREETING CARD,-48,2010-07-26 13:39:00,0.42,16555.0,United Kingdom
C517063,22029,SPACEBOY BIRTHDAY CARD,-48,2010-07-26 13:39:00,0.42,16555.0,United Kingdom
C517063,22036,DINOSAUR BIRTHDAY CARD,-48,2010-07-26 13:39:00,0.42,16555.0,United Kingdom
C517063,22027,TEA PARTY BIRTHDAY CARD,-24,2010-07-26 13:39:00,0.42,16555.0,United Kingdom
C517063,22491,PACK OF 12 COLOURED PENCILS,-24,2010-07-26 13:39:00,0.85,16555.0,United Kingdom
C517064,22528,GARDENERS KNEELING PAD,-36,2010-07-26 13:40:00,1.25,16555.0,United Kingdom
C517064,21868,POTTING SHED TEA MUG,-48,2010-07-26 13:40:00,1.25,16555.0,United Kingdom
C517064,22114,HOT WATER BOTTLE TEA AND SYMPATHY,-48,2010-07-26 13:40:00,3.45,16555.0,United Kingdom
C517067,84987,SET OF 36 TEATIME PAPER DOILIES,-24,2010-07-26 13:42:00,1.45,16555.0,United Kingdom
C517067,37501,TEA TIME TEA SET IN GIFT BOX,-6,2010-07-26 13:42:00,6.95,16555.0,United Kingdom
C517067,37503,TEA TIME CAKE STAND IN GIFT BOX,-2,2010-07-26 13:42:00,10.75,16555.0,United Kingdom
C517067,21661,VINTAGE GLASS TEA CADDY,-3,2010-07-26 13:42:00,5.95,16555.0,United Kingdom
C517067,22308,TEA COSY BLUE STRIPE,-24,2010-07-26 13:42:00,2.55,16555.0,United Kingdom
C517067,22309,TEA COSY RED  STRIPE,-24,2010-07-26 13:42:00,2.55,16555.0,United Kingdom
C517067,22348,TEA BAG PLATE RED SPOTTY,-48,2010-07-26 13:42:00,0.85,16555.0,United Kingdom
C517067,22358,KINGS CHOICE TEA CADDY,-18,2010-07-26 13:42:00,2.95,16555.0,United Kingdom
C517067,22357,KINGS CHOICE BISCUIT TIN,-12,2010-07-26 13:42:00,3.75,16555.0,United Kingdom
C517067,37500,TEA TIME TEAPOT IN GIFT BOX,-4,2010-07-26 13:42:00,9.95,16555.0,United Kingdom
C517068,22328,ROUND SNACK BOXES SET OF 4 FRUITS,-24,2010-07-26 13:46:00,2.95,16555.0,United Kingdom
C517068,22329,ROUND CONTAINER SET OF 5 RETROSPOT,-12,2010-07-26 13:46:00,1.65,16555.0,United Kingdom
C517068,85217,ASSORTED ICE CREAM FRIDGE MAGNETS,-24,2010-07-26 13:46:00,0.65,16555.0,United Kingdom
C517068,20724,RED SPOTTY CHARLOTTE BAG,-30,2010-07-26 13:46:00,0.85,16555.0,United Kingdom
C517068,84270,ASSTD DESIGN BUBBLE GUM RING,-90,2010-07-26 13:46:00,0.21,16555.0,United Kingdom
C517068,20723,STRAWBERRY CHARLOTTE BAG,-30,2010-07-26 13:46:00,0.85,16555.0,United Kingdom
C517068,22489,PACK OF 12 TRADITIONAL CRAYONS,-24,2010-07-26 13:46:00,0.42,16555.0,United Kingdom
C517068,22492,MINI PAINT SET VINTAGE,-36,2010-07-26 13:46:00,0.65,16555.0,United Kingdom
C517068,21889,WOODEN BOX OF DOMINOES,-12,2010-07-26 13:46:00,1.25,16555.0,United Kingdom
C517068,21790,VINTAGE SNAP CARDS,-24,2010-07-26 13:46:00,0.85,16555.0,United Kingdom
C517068,21704,BAG 250g SWIRLY MARBLES,-24,2010-07-26 13:46:00,0.85,16555.0,United Kingdom
C517068,84077,WORLD WAR 2 GLIDERS ASSTD DESIGNS,-192,2010-07-26 13:46:00,0.21,16555.0,United Kingdom
C517068,21829,DINOSAUR KEYRINGS ASSORTED,-108,2010-07-26 13:46:00,0.21,16555.0,United Kingdom
C517068,20914,SET/5 RED SPOTTY LID GLASS BOWLS,-6,2010-07-26 13:46:00,2.95,16555.0,United Kingdom
C517068,15044D,RED PAPER PARASOL,-6,2010-07-26 13:46:00,2.95,16555.0,United Kingdom
C517068,21788,KIDS RAIN MAC BLUE,-24,2010-07-26 13:46:00,0.85,16555.0,United Kingdom
C517068,21789,KIDS RAIN MAC PINK,-24,2010-07-26 13:46:00,0.85,16555.0,United Kingdom
C517068,22444,GROW YOUR OWN PLANT IN A CAN,-24,2010-07-26 13:46:00,1.25,16555.0,United Kingdom
C517068,22524,CHILDRENS GARDEN GLOVES BLUE,-12,2010-07-26 13:46:00,1.25,16555.0,United Kingdom
C517068,22525,CHILDRENS GARDEN GLOVES PINK,-12,2010-07-26 13:46:00,1.25,16555.0,United Kingdom
C517068,84016,FLAG OF ST GEORGE CAR FLAG,-36,2010-07-26 13:46:00,0.42,16555.0,United Kingdom
C517075,84466,TOP SECRET PEN SET,-15,2010-07-26 14:04:00,0.95,16656.0,United Kingdom
C517136,22178,VICTORIAN GLASS HANGING T-LIGHT,-12,2010-07-27 10:34:00,1.25,15051.0,United Kingdom
C517219,21713,CITRONELLA CANDLE FLOWERPOT,-3,2010-07-27 12:31:00,2.1,15788.0,United Kingdom
C517220,22456,NATURAL SLATE CHALKBOARD LARGE,-3,2010-07-27 12:38:00,4.95,,United Kingdom
C517227,20893,HANGING BAUBLE T-LIGHT HOLDER SMALL,-72,2010-07-27 13:16:00,2.1,17408.0,United Kingdom
C517231,D,Discount,-120,2010-07-27 13:34:00,0.27,16422.0,United Kingdom
C517234,21425,SKULLS STORAGE BOX LARGE,-1,2010-07-27 13:47:00,2.95,17841.0,United Kingdom
C517234,22467,GUMBALL COAT RACK,-1,2010-07-27 13:47:00,2.55,17841.0,United Kingdom
C517244,37495,FAIRY CAKE BIRTHDAY CANDLE SET,-1,2010-07-27 14:43:00,3.75,15306.0,United Kingdom
C517245,21232,STRAWBERRY CERAMIC TRINKET BOX,-4,2010-07-27 14:53:00,1.25,12421.0,Spain
C517258,22692,DOORMAT WELCOME TO OUR HOME,-140,2010-07-27 16:54:00,4.58,18102.0,United Kingdom
C517258,22691,DOORMAT WELCOME SUNRISE,-140,2010-07-27 16:54:00,4.58,18102.0,United Kingdom
C517261,22630,DOLLY GIRL LUNCH BOX,-2,2010-07-27 17:17:00,1.95,13178.0,United Kingdom
C517261,22138,BAKING SET 9 PIECE RETROSPOT,-2,2010-07-27 17:17:00,4.95,13178.0,United Kingdom
C517261,22502,PICNIC BASKET WICKER SMALL,-1,2010-07-27 17:17:00,4.25,13178.0,United Kingdom
C517262,D,Discount,-1,2010-07-27 17:22:00,6.0,16422.0,United Kingdom
C517263,D,Discount,-1,2010-07-27 17:35:00,142.0,16029.0,United Kingdom
517278,22487,WHITE WOOD GARDEN PLANT LADDER,-16,2010-07-28 10:28:00,0.0,,United Kingdom
C517320,22269,EGG CUP NATURAL CHICKEN,-1,2010-07-28 11:56:00,1.25,13982.0,United Kingdom
C517320,85123A,WHITE HANGING HEART T-LIGHT HOLDER,-1,2010-07-28 11:56:00,2.95,13982.0,United Kingdom
C517320,21535,RED RETROSPOT SMALL MILK JUG,-1,2010-07-28 11:56:00,2.55,13982.0,United Kingdom
C517335,D,Discount,-1,2010-07-28 13:17:00,9.38,14527.0,United Kingdom
C517349,20749,ASSORTED COLOUR MINI CASES,-1,2010-07-28 14:28:00,6.35,15694.0,United Kingdom
C517349,22423,REGENCY CAKESTAND 3 TIER,-7,2010-07-28 14:28:00,10.95,15694.0,United Kingdom
C517350,M,Manual,-22,2010-07-28 14:29:00,1.06,15251.0,United Kingdom
C517356,22557,PLASTERS IN TIN VINTAGE PAISLEY,-4,2010-07-28 15:23:00,1.65,16128.0,United Kingdom
C517363,21218,RED SPOTTY BISCUIT TIN,-1,2010-07-28 16:40:00,3.75,14590.0,United Kingdom
C517363,21843,RED RETROSPOT CAKE STAND,-1,2010-07-28 16:40:00,10.95,14590.0,United Kingdom
C517364,21527,RED RETROSPOT TRADITIONAL TEAPOT,-3,2010-07-28 16:43:00,7.95,14898.0,United Kingdom
C517364,22072,RED RETROSPOT TEA CUP AND SAUCER,-1,2010-07-28 16:43:00,3.75,14898.0,United Kingdom
C517367,21527,RED RETROSPOT TRADITIONAL TEAPOT,-1,2010-07-28 16:59:00,7.95,17096.0,United Kingdom
C517368,22635,CHILDS BREAKFAST SET DOLLY GIRL,-2,2010-07-28 17:01:00,9.95,13089.0,United Kingdom
C517368,22634,CHILDS BREAKFAST SET SPACEBOY,-1,2010-07-28 17:01:00,9.95,13089.0,United Kingdom
C517368,22630,DOLLY GIRL LUNCH BOX,-6,2010-07-28 17:01:00,1.95,13089.0,United Kingdom
C517369,82484,WOOD BLACK BOARD ANT WHITE FINISH,-2,2010-07-28 17:02:00,6.45,15283.0,United Kingdom
C517370,22629,SPACEBOY LUNCH BOX,-1,2010-07-28 17:03:00,1.95,17364.0,United Kingdom
C517371,22064,PINK DOUGHNUT TRINKET POT,-1,2010-07-28 17:04:00,1.65,13266.0,United Kingdom
C517373,22423,REGENCY CAKESTAND 3 TIER,-2,2010-07-28 17:06:00,12.75,15394.0,United Kingdom
C517374,21232,STRAWBERRY CERAMIC TRINKET BOX,-1,2010-07-28 17:10:00,1.25,15600.0,United Kingdom
C517374,22465,HANGING METAL STAR LANTERN,-4,2010-07-28 17:10:00,1.65,15600.0,United Kingdom
C517374,21361,LOVE LARGE WOOD LETTERS,-1,2010-07-28 17:10:00,12.75,15600.0,United Kingdom
C517375,85124C,GREEN JUICY FRUIT PHOTO FRAME,-1,2010-07-28 17:10:00,2.55,16558.0,United Kingdom
C517376,22630,DOLLY GIRL LUNCH BOX,-1,2010-07-28 17:11:00,1.95,15521.0,United Kingdom
C517378,21922,UNION STRIPE WITH FRINGE  HAMMOCK,-4,2010-07-28 17:13:00,6.95,14000.0,United Kingdom
C517379,22073,RED RETROSPOT STORAGE JAR,-1,2010-07-28 17:14:00,3.75,17677.0,United Kingdom
C517379,22180,RETRO SPOT LAMP,-2,2010-07-28 17:14:00,9.95,17677.0,United Kingdom
C517380,22591,CARDHOLDER GINGHAM CHRISTMAS TREE,-1,2010-07-28 17:16:00,2.55,15079.0,United Kingdom
C517380,22423,REGENCY CAKESTAND 3 TIER,-3,2010-07-28 17:16:00,12.75,15079.0,United Kingdom
C517383,22460,EMBOSSED GLASS TEALIGHT HOLDER,-2,2010-07-28 17:29:00,1.06,16984.0,United Kingdom
C517458,22646,CERAMIC STRAWBERRY CAKE MONEY BANK,-2,2010-07-29 11:30:00,1.45,17188.0,United Kingdom
C517458,22644,CERAMIC CHERRY CAKE MONEY BANK,-1,2010-07-29 11:30:00,1.45,17188.0,United Kingdom
C517458,22645,CERAMIC HEART FAIRY CAKE MONEY BANK,-1,2010-07-29 11:30:00,1.45,17188.0,United Kingdom
C517458,22423,REGENCY CAKESTAND 3 TIER,-1,2010-07-29 11:30:00,12.75,17188.0,United Kingdom
C517459,22055,MINI CAKE STAND  HANGING STRAWBERY,-1,2010-07-29 11:32:00,1.65,17602.0,United Kingdom
C517459,22068,BLACK PIRATE TREASURE CHEST,-1,2010-07-29 11:32:00,1.65,17602.0,United Kingdom
C517459,21232,STRAWBERRY CERAMIC TRINKET BOX,-1,2010-07-29 11:32:00,1.25,17602.0,United Kingdom
C517461,21763,VINTAGE WOODEN BAR STOOL,-1,2010-07-29 11:35:00,29.95,14911.0,EIRE
C517462,21380,WOODEN HAPPY BIRTHDAY GARLAND,-3,2010-07-29 11:36:00,2.95,16975.0,United Kingdom
C517463,22467,GUMBALL COAT RACK,-2,2010-07-29 11:39:00,2.55,13102.0,United Kingdom
C517463,21473,SWEETHEART CREAM STEEL TABLE RECT,-1,2010-07-29 11:39:00,19.95,13102.0,United Kingdom
C517463,22428,ENAMEL FIRE BUCKET CREAM,-2,2010-07-29 11:39:00,6.95,13102.0,United Kingdom
C517464,21033,JUMBO BAG CHARLIE AND LOLA TOYS,-10,2010-07-29 11:42:00,2.95,16670.0,United Kingdom
C517465,21527,RED RETROSPOT TRADITIONAL TEAPOT,-2,2010-07-29 11:44:00,7.95,17865.0,United Kingdom
C517465,22061,LARGE CAKE STAND  HANGING STRAWBERY,-1,2010-07-29 11:44:00,9.95,17865.0,United Kingdom
C517465,21232,STRAWBERRY CERAMIC TRINKET BOX,-9,2010-07-29 11:44:00,1.06,17865.0,United Kingdom
C517465,21231,SWEETHEART CERAMIC TRINKET BOX,-3,2010-07-29 11:44:00,1.25,17865.0,United Kingdom
C517466,90062,CARNIVAL BRACELET,-2,2010-07-29 11:46:00,12.75,13288.0,United Kingdom
C517466,37449,CERAMIC CAKE STAND + HANGING CAKES,-1,2010-07-29 11:46:00,9.95,13288.0,United Kingdom
C517468,22341,LOVE GARLAND PAINTED ZINC,-12,2010-07-29 11:48:00,1.65,16176.0,United Kingdom
C517468,22342,HOME GARLAND PAINTED ZINC,-12,2010-07-29 11:48:00,1.65,16176.0,United Kingdom
C517469,22356,"CHARLOTTE BAG , PINK/WHITE SPOTS",-1,2010-07-29 11:53:00,0.72,14680.0,United Kingdom
C517469,20724,RED SPOTTY CHARLOTTE BAG,-1,2010-07-29 11:53:00,0.72,14680.0,United Kingdom
C517469,20727,LUNCH BAG  BLACK SKULL.,-3,2010-07-29 11:53:00,1.45,14680.0,United Kingdom
C517469,22327,ROUND SNACK BOXES SET OF 4 SKULLS,-1,2010-07-29 11:53:00,2.55,14680.0,United Kingdom
C517469,20726,LUNCH BAG WOODLAND,-1,2010-07-29 11:53:00,1.45,14680.0,United Kingdom
C517469,20728,LUNCH BAG CARS BLUE,-1,2010-07-29 11:53:00,1.45,14680.0,United Kingdom
C517469,22384,LUNCH BAG PINK RETROSPOT,-3,2010-07-29 11:53:00,1.45,14680.0,United Kingdom
C517469,21930,JUMBO STORAGE BAG SKULLS,-1,2010-07-29 11:53:00,1.65,14680.0,United Kingdom
C517469,20712,JUMBO BAG WOODLAND ANIMALS,-1,2010-07-29 11:53:00,1.65,14680.0,United Kingdom
C517469,85099B,JUMBO BAG RED RETROSPOT,-1,2010-07-29 11:53:00,1.65,14680.0,United Kingdom
C517469,20725,LUNCH BAG RED SPOTTY,-9,2010-07-29 11:53:00,1.45,14680.0,United Kingdom
C517469,21937,STRAWBERRY   PICNIC BAG,-3,2010-07-29 11:53:00,2.55,14680.0,United Kingdom
C517470,21206,STRAWBERRY HONEYCOMB  GARLAND,-3,2010-07-29 11:55:00,1.65,12472.0,Germany
C517470,22629,SPACEBOY LUNCH BOX,-1,2010-07-29 11:55:00,1.95,12472.0,Germany
C517470,20719,WOODLAND CHARLOTTE BAG,-3,2010-07-29 11:55:00,0.85,12472.0,Germany
C517470,20724,RED SPOTTY CHARLOTTE BAG,-2,2010-07-29 11:55:00,0.85,12472.0,Germany
C517470,21241,GREEN SPOTTY CUP,-1,2010-07-29 11:55:00,0.85,12472.0,Germany
C517472,85123A,WHITE HANGING HEART T-LIGHT HOLDER,-2,2010-07-29 11:58:00,2.95,14861.0,United Kingdom
C517472,84845C,CARNATION SQUARE HANDY TIN,-3,2010-07-29 11:58:00,1.25,14861.0,United Kingdom
C517472,22419,LIPSTICK PEN RED,-1,2010-07-29 11:58:00,0.42,14861.0,United Kingdom
C517472,22421,LIPSTICK PEN FUSCHIA,-2,2010-07-29 11:58:00,0.42,14861.0,United Kingdom
C517473,20727,LUNCH BAG  BLACK SKULL.,-1,2010-07-29 12:00:00,1.45,16779.0,United Kingdom
C517473,20725,LUNCH BAG RED SPOTTY,-1,2010-07-29 12:00:00,1.45,16779.0,United Kingdom
C517473,21080,SET/20 RED SPOTTY PAPER NAPKINS,-2,2010-07-29 12:00:00,0.64,16779.0,United Kingdom
C517473,85099F,JUMBO BAG STRAWBERRY,-1,2010-07-29 12:00:00,1.95,16779.0,United Kingdom
C517473,21039,RED SPOTTY SHOPPING BAG,-2,2010-07-29 12:00:00,2.55,16779.0,United Kingdom
C517473,47568,ENGLISH ROSE DESIGN PEG BAG,-2,2010-07-29 12:00:00,1.69,16779.0,United Kingdom
C517473,21155,RED SPOTTY PEG BAG,-1,2010-07-29 12:00:00,2.1,16779.0,United Kingdom
C517473,21042,RED SPOTTY APRON,-6,2010-07-29 12:00:00,5.95,16779.0,United Kingdom
C517475,21527,RED RETROSPOT TRADITIONAL TEAPOT,-1,2010-07-29 12:05:00,7.95,13446.0,United Kingdom
C517476,47503J,SET/3 FLORAL GARDEN TOOLS IN BAG,-10,2010-07-29 12:08:00,7.95,14608.0,United Kingdom
C517477,85123A,WHITE HANGING HEART T-LIGHT HOLDER,-1,2010-07-29 12:09:00,2.55,16705.0,United Kingdom
C517480,M,Manual,-1,2010-07-29 12:24:00,3610.5,14028.0,United Kingdom
C517484,21425,SKULLS STORAGE BOX LARGE,-5,2010-07-29 12:31:00,2.95,17612.0,United Kingdom
C517484,21424,WOODLAND STORAGE BOX LARGE,-3,2010-07-29 12:31:00,2.95,17612.0,United Kingdom
C517488,22138,BAKING SET 9 PIECE RETROSPOT,-3,2010-07-29 12:35:00,4.95,13239.0,United Kingdom
C517489,21843,RED RETROSPOT CAKE STAND,-1,2010-07-29 12:40:00,10.95,14870.0,United Kingdom
C517490,22635,CHILDS BREAKFAST SET DOLLY GIRL,-1,2010-07-29 12:44:00,8.5,13371.0,United Kingdom
C517519,22706,WRAP COWBOYS,-25,2010-07-29 13:55:00,0.42,13584.0,United Kingdom
C517519,22045,SPACEBOY GIFT WRAP,-25,2010-07-29 13:55:00,0.42,13584.0,United Kingdom
C517519,16161U,"WRAP,SUKI AND FRIENDS",-25,2010-07-29 13:55:00,0.42,13584.0,United Kingdom
C517519,21219,SET/4 BADGES BALLOON GIRL,-10,2010-07-29 13:55:00,1.25,13584.0,United Kingdom
C517536,72807C,SET/3 VANILLA SCENTED CANDLE IN BOX,-1,2010-07-29 15:36:00,4.25,16933.0,United Kingdom
C517536,22478,BIRDHOUSE GARDEN MARKER,-1,2010-07-29 15:36:00,1.25,16933.0,United Kingdom
C517544,POST,POSTAGE,-1,2010-07-29 17:00:00,24.0,14543.0,United Kingdom
C517556,21659,GLASS CAKE STAND,-1,2010-07-29 19:20:00,14.95,15998.0,United Kingdom
C517559,22469,HEART OF WICKER SMALL,-1,2010-07-30 07:33:00,1.65,17714.0,United Kingdom
C517560,22061,LARGE CAKE STAND  HANGING STRAWBERY,-1,2010-07-30 07:41:00,9.95,16278.0,United Kingdom
C517562,22060,LARGE CAKE STAND HANGING HEARTS,-1,2010-07-30 07:47:00,9.95,15827.0,United Kingdom
C517562,22215,CAKE STAND WHITE TWO TIER LACE,-2,2010-07-30 07:47:00,8.5,15827.0,United Kingdom
C517562,22423,REGENCY CAKESTAND 3 TIER,-1,2010-07-30 07:47:00,12.75,15827.0,United Kingdom
C517563,20725,LUNCH BAG RED SPOTTY,-50,2010-07-30 07:49:00,1.45,13881.0,United Kingdom
C517564,20914,SET/5 RED SPOTTY LID GLASS BOWLS,-2,2010-07-30 07:51:00,2.55,12471.0,Germany
C517565,21323,HANGING MEDINA LANTERN LARGE,-3,2010-07-30 07:55:00,4.25,13455.0,United Kingdom
C517565,21540,DAIRY MAID CERAMIC BUTTER DISH,-1,2010-07-30 07:55:00,4.25,13455.0,United Kingdom
C517565,21532,DAIRY MAID SUGAR JAM BOWL,-3,2010-07-30 07:55:00,2.1,13455.0,United Kingdom
C517565,22059,CERAMIC STRWBERRY DESIGN MUG,-1,2010-07-30 07:55:00,1.49,13455.0,United Kingdom
C517565,37448,CERAMIC CAKE DESIGN SPOTTED MUG,-2,2010-07-30 07:55:00,1.49,13455.0,United Kingdom
C517570,37495,FAIRY CAKE BIRTHDAY CANDLE SET,-4,2010-07-30 09:08:00,3.75,14861.0,United Kingdom
C517570,84945,MULTI COLOUR SILVER T-LIGHT HOLDER,-3,2010-07-30 09:08:00,0.85,14861.0,United Kingdom
C517571,22469,HEART OF WICKER SMALL,-4,2010-07-30 09:24:00,1.65,17714.0,United Kingdom
C517572,22059,CERAMIC STRWBERRY DESIGN MUG,-7,2010-07-30 09:37:00,1.49,15298.0,United Kingdom
C517572,37448,CERAMIC CAKE DESIGN SPOTTED MUG,-4,2010-07-30 09:37:00,1.49,15298.0,United Kingdom
C517574,22629,SPACEBOY LUNCH BOX,-1,2010-07-30 09:44:00,1.95,13093.0,United Kingdom
C517619,21212,PACK OF 72 RETRO SPOT CAKE CASES,-240,2010-07-30 11:33:00,0.42,17404.0,Sweden
C517621,22168,ORGANISER WOOD ANTIQUE WHITE,-1,2010-07-30 11:36:00,8.5,13656.0,United Kingdom
C517624,20798,CLEAR MILKSHAKE GLASS,-4,2010-07-30 11:55:00,2.1,13082.0,United Kingdom
C517637,22061,LARGE CAKE STAND  HANGING STRAWBERY,-2,2010-07-30 12:50:00,9.95,13004.0,United Kingdom
C517637,37449,CERAMIC CAKE STAND + HANGING CAKES,-4,2010-07-30 12:50:00,9.95,13004.0,United Kingdom
C517647,15036,ASSORTED COLOURS SILK FAN,-48,2010-07-30 13:42:00,0.75,14828.0,United Kingdom
C517672,21527,RED RETROSPOT TRADITIONAL TEAPOT,-3,2010-07-30 16:40:00,7.95,12733.0,USA
C517701,35004B,SET OF 3 BLACK FLYING DUCKS,-4,2010-07-30 17:08:00,4.65,14031.0,United Kingdom
C517706,20731,POSY CANDY BAG,-55,2010-08-01 10:04:00,1.06,12843.0,United Kingdom
C517715,M,Manual,-1,2010-08-01 11:22:00,95.0,12748.0,United Kingdom
C517716,21313,GLASS HEART T-LIGHT HOLDER,-96,2010-08-01 11:23:00,0.64,15039.0,United Kingdom
C517730,21527,RED RETROSPOT TRADITIONAL TEAPOT,-1,2010-08-01 13:27:00,7.95,17618.0,United Kingdom
C517730,22626,BLACK KITCHEN SCALES,-1,2010-08-01 13:27:00,8.5,17618.0,United Kingdom
C517733,85067,CREAM SWEETHEART WALL CABINET,-1,2010-08-01 14:17:00,18.95,18207.0,United Kingdom
C517733,21389,IVORY HANGING DECORATION  BIRD,-12,2010-08-01 14:17:00,0.85,18207.0,United Kingdom
C517735,85123A,WHITE HANGING HEART T-LIGHT HOLDER,-2,2010-08-01 14:20:00,2.95,13715.0,United Kingdom
C517735,21231,SWEETHEART CERAMIC TRINKET BOX,-3,2010-08-01 14:20:00,1.25,13715.0,United Kingdom
C517735,22649,STRAWBERRY FAIRY CAKE TEAPOT,-2,2010-08-01 14:20:00,4.95,13715.0,United Kingdom
C517736,22634,CHILDS BREAKFAST SET SPACEBOY,-2,2010-08-01 14:23:00,9.95,13089.0,United Kingdom
C517763,22303,COFFEE MUG APPLES DESIGN,-6,2010-08-02 11:12:00,2.55,12748.0,United Kingdom
C517818,20804,GLASS CHICKEN BUTTER DISH,-48,2010-08-02 12:18:00,1.45,13694.0,United Kingdom
C517821,85066,CREAM SWEETHEART MINI CHEST,-1,2010-08-02 12:30:00,10.95,13113.0,United Kingdom
C517821,22423,REGENCY CAKESTAND 3 TIER,-1,2010-08-02 12:30:00,10.95,13113.0,United Kingdom
C517821,22057,CERAMIC PLATE STRAWBERRY DESIGN,-1,2010-08-02 12:30:00,1.49,13113.0,United Kingdom
C517821,22501,PICNIC BASKET WICKER LARGE,-4,2010-08-02 12:30:00,8.5,13113.0,United Kingdom
C517846,22606,WOODEN SKITTLES GARDEN SET,-1,2010-08-02 12:59:00,15.95,,United Kingdom
C517846,79321,CHILLI LIGHTS,-1,2010-08-02 12:59:00,4.95,,United Kingdom
C517850,M,Manual,-1,2010-08-02 13:30:00,14.63,,United Kingdom
C517873,79323W,WHITE CHERRY LIGHTS,-2,2010-08-02 15:27:00,6.75,,United Kingdom
C517876,20728,LUNCH BAG CARS BLUE,-1,2010-08-02 15:40:00,1.65,,United Kingdom
C517884,22163,HEART STRING MEMO HOLDER HANGING,-24,2010-08-03 08:36:00,2.95,15704.0,United Kingdom
C517885,POST,POSTAGE,-1,2010-08-03 08:37:00,2.98,15704.0,United Kingdom
C517886,79191B,RETRO PLASTIC POLKA TRAY,-5,2010-08-03 08:53:00,0.85,14388.0,United Kingdom
C517886,21843,RED RETROSPOT CAKE STAND,-1,2010-08-03 08:53:00,10.95,14388.0,United Kingdom
C517886,21535,RED RETROSPOT SMALL MILK JUG,-2,2010-08-03 08:53:00,2.55,14388.0,United Kingdom
C517886,21527,RED RETROSPOT TRADITIONAL TEAPOT,-1,2010-08-03 08:53:00,7.95,14388.0,United Kingdom
C517887,22423,REGENCY CAKESTAND 3 TIER,-1,2010-08-03 08:55:00,12.75,16094.0,United Kingdom
C517887,21531,RED RETROSPOT SUGAR JAM BOWL,-1,2010-08-03 08:55:00,2.55,16094.0,United Kingdom
C517887,21535,RED RETROSPOT SMALL MILK JUG,-1,2010-08-03 08:55:00,2.55,16094.0,United Kingdom
C517888,22652,TRAVEL SEWING KIT,-12,2010-08-03 08:56:00,1.65,17442.0,United Kingdom
C517890,21389,IVORY HANGING DECORATION  BIRD,-12,2010-08-03 08:58:00,0.85,18207.0,United Kingdom
C517892,21658,GLASS  BEURRE DISH,-1,2010-08-03 09:00:00,3.95,14911.0,EIRE
C517892,84978,HANGING HEART JAR T-LIGHT HOLDER,-3,2010-08-03 09:00:00,1.06,14911.0,EIRE
C517894,21713,CITRONELLA CANDLE FLOWERPOT,-7,2010-08-03 09:01:00,2.1,15253.0,United Kingdom
C517895,22198,LARGE POPCORN HOLDER,-1,2010-08-03 09:02:00,1.65,14961.0,United Kingdom
C517895,22197,SMALL POPCORN HOLDER,-1,2010-08-03 09:02:00,0.85,14961.0,United Kingdom
C517895,22423,REGENCY CAKESTAND 3 TIER,-1,2010-08-03 09:02:00,12.75,14961.0,United Kingdom
C517897,22423,REGENCY CAKESTAND 3 TIER,-1,2010-08-03 09:08:00,12.75,15658.0,United Kingdom
C517897,48187,DOOR MAT NEW ENGLAND,-2,2010-08-03 09:08:00,7.49,15658.0,United Kingdom
C517897,22360,GLASS JAR ENGLISH CONFECTIONERY,-4,2010-08-03 09:08:00,2.95,15658.0,United Kingdom
C517897,22363,GLASS JAR MARMALADE,-3,2010-08-03 09:08:00,2.95,15658.0,United Kingdom
C517897,22364,GLASS JAR DIGESTIVE BISCUITS,-3,2010-08-03 09:08:00,2.95,15658.0,United Kingdom
C517898,22138,BAKING SET 9 PIECE RETROSPOT,-1,2010-08-03 09:11:00,4.95,16054.0,United Kingdom
C517899,71459,HANGING JAM JAR T-LIGHT HOLDER,-2,2010-08-03 09:13:00,0.85,15754.0,United Kingdom
C517899,84978,HANGING HEART JAR T-LIGHT HOLDER,-1,2010-08-03 09:13:00,1.25,15754.0,United Kingdom
C517902,22435,SET OF 9 HEART SHAPED BALLOONS,-3,2010-08-03 09:16:00,1.25,15998.0,United Kingdom
C517903,21361,LOVE LARGE WOOD LETTERS,-1,2010-08-03 09:29:00,12.75,16161.0,United Kingdom
517908,84918,CREAM CUSHION COVER WITH FLOWERS,-23,2010-08-03 10:16:00,0.0,,United Kingdom
C517944,79323G,GOLD  CHERRY LIGHTS,-1,2010-08-03 11:12:00,6.75,,United Kingdom
C517945,22167,"WALL MIRROR , DIAMANTE OVAL SHAPE",-1,2010-08-03 11:23:00,9.95,14606.0,United Kingdom
C517949,84792,ENCHANTED BIRD COATHANGER 5 HOOK,-36,2010-08-03 11:50:00,3.81,14113.0,United Kingdom
C517956,85125,SMALL ROUND CUT GLASS CANDLESTICK,-4,2010-08-03 11:57:00,4.95,15023.0,United Kingdom
C517959,22356,"CHARLOTTE BAG , PINK/WHITE SPOTS",-1,2010-08-03 12:27:00,0.72,17511.0,United Kingdom
C517959,22053,EMPIRE DESIGN ROSETTE,-1,2010-08-03 12:27:00,1.25,17511.0,United Kingdom
C517959,20750,RED/WHITE DOT MINI CASES,-1,2010-08-03 12:27:00,6.35,17511.0,United Kingdom
C517959,22136,LOVE HEART SOCK HANGER,-1,2010-08-03 12:27:00,1.45,17511.0,United Kingdom
C517959,22063,CERAMIC BOWL WITH STRAWBERRY DESIGN,-1,2010-08-03 12:27:00,2.55,17511.0,United Kingdom
C517959,84279P,CHERRY BLOSSOM  DECORATIVE FLASK,-1,2010-08-03 12:27:00,3.75,17511.0,United Kingdom
C517959,22197,SMALL POPCORN HOLDER,-1,2010-08-03 12:27:00,0.72,17511.0,United Kingdom
C517959,85123A,WHITE HANGING HEART T-LIGHT HOLDER,-1,2010-08-03 12:27:00,2.55,17511.0,United Kingdom
C517959,85099B,JUMBO BAG RED RETROSPOT,-1,2010-08-03 12:27:00,1.65,17511.0,United Kingdom
C517961,20684,STRAWBERRY DREAM CHILDS UMBRELLA,-1,2010-08-03 12:33:00,3.25,12770.0,Japan
C517966,21400,RED PUDDING SPOON,-12,2010-08-03 12:57:00,0.42,17298.0,United Kingdom
C517968,22656,VINTAGE BLUE KITCHEN CABINET,-1,2010-08-03 13:06:00,295.0,16556.0,United Kingdom
C517993,85042,ANTIQUE LILY FAIRY LIGHTS,-2,2010-08-03 16:07:00,4.95,13468.0,United Kingdom
C518044,D,Discount,-1,2010-08-04 11:33:00,47.97,18277.0,United Kingdom
C518053,POST,POSTAGE,-1,2010-08-04 11:39:00,334.88,12748.0,United Kingdom
C518057,85111,SILVER GLITTER FLOWER VOTIVE HOLDER,-144,2010-08-04 11:51:00,0.29,15873.0,United Kingdom
C518057,85110,BLACK SILVER FLOWER T-LIGHT HOLDER,-288,2010-08-04 11:51:00,0.19,15873.0,United Kingdom
C518057,84755,COLOUR GLASS T-LIGHT HOLDER HANGING,-144,2010-08-04 11:51:00,0.55,15873.0,United Kingdom
C518066,21934,SKULL SHOULDER BAG,-51,2010-08-04 12:45:00,1.65,17841.0,United Kingdom
C518066,20723,STRAWBERRY CHARLOTTE BAG,-49,2010-08-04 12:45:00,0.85,17841.0,United Kingdom
C518066,22502,PICNIC BASKET WICKER SMALL,-2,2010-08-04 12:45:00,4.25,17841.0,United Kingdom
C518068,21539,RED RETROSPOT BUTTER DISH,-1,2010-08-04 13:09:00,4.95,17841.0,United Kingdom
C518070,15036,ASSORTED COLOURS SILK FAN,-36,2010-08-04 13:18:00,0.75,16227.0,United Kingdom
C518074,84755,COLOUR GLASS T-LIGHT HOLDER HANGING,-8,2010-08-04 13:38:00,0.65,15325.0,United Kingdom
C518075,POST,POSTAGE,-1,2010-08-04 13:39:00,2.75,14455.0,United Kingdom
C518075,21642,ASSORTED TUTTI FRUTTI PEN,-24,2010-08-04 13:39:00,0.85,14455.0,United Kingdom
C518075,21942,SKULLS DESIGN FLANNEL,-12,2010-08-04 13:39:00,0.85,14455.0,United Kingdom
C518078,37492B,BLUE YELLOW FLOWER PIGGY BANK,-12,2010-08-04 13:52:00,1.65,17714.0,United Kingdom
C518137,22297,HEART IVORY TRELLIS SMALL,-5,2010-08-04 15:36:00,1.25,17589.0,United Kingdom
C518137,22296,HEART IVORY TRELLIS LARGE,-6,2010-08-04 15:36:00,1.65,17589.0,United Kingdom
C518149,20726,LUNCH BAG WOODLAND,-1,2010-08-04 16:47:00,1.65,13384.0,United Kingdom
518223,84691,PACK 20 DOLLY PEGS,-79,2010-08-05 13:54:00,0.0,,United Kingdom
C518254,22073,RED RETROSPOT STORAGE JAR,-1,2010-08-05 18:09:00,3.75,12525.0,France
C518254,22180,RETRO SPOT LAMP,-1,2010-08-05 18:09:00,9.95,12525.0,France
C518254,85008,SET OF 3 CONEY ISLAND OVAL BOXES,-1,2010-08-05 18:09:00,4.95,12525.0,France
C518254,21539,RED RETROSPOT BUTTER DISH,-1,2010-08-05 18:09:00,4.95,12525.0,France
C518254,21527,RED RETROSPOT TRADITIONAL TEAPOT,-1,2010-08-05 18:09:00,7.95,12525.0,France
C518255,22297,HEART IVORY TRELLIS SMALL,-24,2010-08-05 18:11:00,1.25,16045.0,United Kingdom
C518255,85039B,S/4 IVORY MINI ROSE CANDLE IN BOWL,-12,2010-08-05 18:11:00,1.65,16045.0,United Kingdom
C518255,22639,SET OF 4 NAPKIN CHARMS HEARTS,-6,2010-08-05 18:11:00,2.55,16045.0,United Kingdom
C518255,22604,SET OF 4 NAPKIN CHARMS CUTLERY,-6,2010-08-05 18:11:00,2.55,16045.0,United Kingdom
C518255,22310,IVORY KNITTED MUG COSY,-12,2010-08-05 18:11:00,1.65,16045.0,United Kingdom
C518255,22348,TEA BAG PLATE RED SPOTTY,-24,2010-08-05 18:11:00,0.85,16045.0,United Kingdom
C518255,20971,PINK BLUE FELT CRAFT TRINKET BOX,-24,2010-08-05 18:11:00,1.25,16045.0,United Kingdom
C518255,21121,SET/10 RED SPOTTY PARTY CANDLES,-24,2010-08-05 18:11:00,1.25,16045.0,United Kingdom
C518255,20724,RED SPOTTY CHARLOTTE BAG,-10,2010-08-05 18:11:00,0.85,16045.0,United Kingdom
C518255,22224,WHITE LOVEBIRD LANTERN,-12,2010-08-05 18:11:00,2.95,16045.0,United Kingdom
C518255,21652,GLASS ETCHED T-LIGHT HOLDER MEDIUM,-12,2010-08-05 18:11:00,1.95,16045.0,United Kingdom
C518256,22138,BAKING SET 9 PIECE RETROSPOT,-6,2010-08-05 18:12:00,4.95,13047.0,United Kingdom
C518256,22427,ENAMEL FLOWER JUG CREAM,-1,2010-08-05 18:12:00,5.95,13047.0,United Kingdom
C518257,21843,RED RETROSPOT CAKE STAND,-1,2010-08-05 18:15:00,10.95,16782.0,United Kingdom
C518258,22169,FAMILY ALBUM WHITE PICTURE FRAME,-4,2010-08-05 18:17:00,8.5,17049.0,United Kingdom
C518262,22382,LUNCH BAG SPACEBOY DESIGN,-30,2010-08-05 18:57:00,1.65,12910.0,United Kingdom
C518263,22467,GUMBALL COAT RACK,-46,2010-08-05 18:59:00,2.1,12678.0,France
C518263,22617,BAKING SET SPACEBOY DESIGN,-36,2010-08-05 18:59:00,4.25,12678.0,France
C518263,22138,BAKING SET 9 PIECE RETROSPOT,-33,2010-08-05 18:59:00,4.25,12678.0,France
C518264,85063,CREAM SWEETHEART MAGAZINE RACK,-1,2010-08-05 19:01:00,16.95,18075.0,United Kingdom
C518264,22138,BAKING SET 9 PIECE RETROSPOT,-2,2010-08-05 19:01:00,4.95,18075.0,United Kingdom
C518264,84279P,CHERRY BLOSSOM  DECORATIVE FLASK,-2,2010-08-05 19:01:00,3.75,18075.0,United Kingdom
C518265,22423,REGENCY CAKESTAND 3 TIER,-1,2010-08-05 19:02:00,12.75,14211.0,United Kingdom
C518265,21843,RED RETROSPOT CAKE STAND,-1,2010-08-05 19:02:00,10.95,14211.0,United Kingdom
C518265,21931,JUMBO STORAGE BAG SUKI,-2,2010-08-05 19:02:00,1.95,14211.0,United Kingdom
C518267,37492B,BLUE YELLOW FLOWER PIGGY BANK,-1,2010-08-05 19:05:00,4.65,17422.0,United Kingdom
C518284,20914,SET/5 RED SPOTTY LID GLASS BOWLS,-192,2010-08-06 11:06:00,2.55,14045.0,United Kingdom
C518284,37449,CERAMIC CAKE STAND + HANGING CAKES,-100,2010-08-06 11:06:00,8.5,14045.0,United Kingdom
C518340,22457,NATURAL SLATE HEART CHALKBOARD,-1,2010-08-06 13:49:00,2.95,12853.0,United Kingdom
C518341,40018F,CHERRY DESIGN PAPERLANTERNS,-4,2010-08-06 13:50:00,1.95,17663.0,United Kingdom
C518342,85099B,JUMBO BAG RED RETROSPOT,-1,2010-08-06 13:53:00,1.95,16168.0,United Kingdom
C518342,22567,20 DOLLY PEGS RETROSPOT,-1,2010-08-06 13:53:00,1.25,16168.0,United Kingdom
C518343,85042,ANTIQUE LILY FAIRY LIGHTS,-1,2010-08-06 13:54:00,4.25,13468.0,United Kingdom
C518345,71038,WHITE HANGING BEADS CANDLE HOLDER,-1,2010-08-06 14:04:00,5.45,18257.0,United Kingdom
C518345,22654,DELUXE SEWING KIT,-1,2010-08-06 14:04:00,5.95,18257.0,United Kingdom
C518345,22360,GLASS JAR ENGLISH CONFECTIONERY,-2,2010-08-06 14:04:00,2.95,18257.0,United Kingdom
C518347,22138,BAKING SET 9 PIECE RETROSPOT,-24,2010-08-06 14:12:00,4.25,16767.0,United Kingdom
C518352,22470,HEART OF WICKER LARGE,-1,2010-08-06 14:33:00,2.95,18219.0,United Kingdom
C518352,22301,COFFEE MUG CAT + BIRD DESIGN,-1,2010-08-06 14:33:00,2.55,18219.0,United Kingdom
C518362,22423,REGENCY CAKESTAND 3 TIER,-2,2010-08-06 16:33:00,12.75,13552.0,United Kingdom
C518363,35400,WOODEN BOX ADVENT CALENDAR,-2,2010-08-06 16:36:00,8.95,14644.0,United Kingdom
C518363,22424,ENAMEL BREAD BIN CREAM,-1,2010-08-06 16:36:00,12.75,14644.0,United Kingdom
C518363,22423,REGENCY CAKESTAND 3 TIER,-2,2010-08-06 16:36:00,12.75,14644.0,United Kingdom
C518364,84817,DANISH ROSE DECORATIVE PLATE,-6,2010-08-06 16:37:00,1.69,17651.0,United Kingdom
C518372,21716,BOYS VINTAGE TIN SEASIDE BUCKET,-2,2010-08-08 10:40:00,2.55,15580.0,United Kingdom
C518372,21718,RED METAL BEACH SPADE,-1,2010-08-08 10:40:00,1.25,15580.0,United Kingdom
C518372,22523,CHILDS GARDEN FORK PINK,-1,2010-08-08 10:40:00,0.85,15580.0,United Kingdom
C518372,21889,WOODEN BOX OF DOMINOES,-2,2010-08-08 10:40:00,1.25,15580.0,United Kingdom
C518372,21912,VINTAGE SNAKES & LADDERS,-3,2010-08-08 10:40:00,3.75,15580.0,United Kingdom
C518372,84676,BATH DUCK WATERING CAN,-1,2010-08-08 10:40:00,2.95,15580.0,United Kingdom
C518372,22325,MOBILE VINTAGE HEARTS,-1,2010-08-08 10:40:00,4.95,15580.0,United Kingdom
C518372,37447,CERAMIC CAKE DESIGN SPOTTED PLATE,-1,2010-08-08 10:40:00,1.49,15580.0,United Kingdom
C518372,37450,CERAMIC CAKE BOWL + HANGING CAKES,-1,2010-08-08 10:40:00,2.95,15580.0,United Kingdom
C518372,20703,BLUE PADDED SOFT MOBILE,-1,2010-08-08 10:40:00,4.25,15580.0,United Kingdom
C518374,21164,HOME SWEET HOME METAL SIGN,-1,2010-08-08 10:46:00,2.95,16525.0,United Kingdom
C518374,84978,HANGING HEART JAR T-LIGHT HOLDER,-24,2010-08-08 10:46:00,1.08,16525.0,United Kingdom
C518390,22283,6 EGG HOUSE PAINTED WOOD,-1,2010-08-08 12:23:00,7.95,14606.0,United Kingdom
C518478,21927,BLUE/CREAM STRIPE CUSHION COVER,-1,2010-08-09 12:12:00,1.25,17841.0,United Kingdom
C518479,82483,WOOD 2 DRAWER CABINET WHITE FINISH,-1,2010-08-09 12:18:00,5.95,14911.0,EIRE
C518498,22189,CREAM HEART CARD HOLDER,-4,2010-08-09 12:38:00,3.95,14217.0,United Kingdom
C518499,84507C,BLUE CIRCLES DESIGN MONKEY DOLL,-3,2010-08-09 12:40:00,0.85,13084.0,United Kingdom
C518499,84507B,STRIPES DESIGN MONKEY DOLL,-4,2010-08-09 12:40:00,0.85,13084.0,United Kingdom
C518503,22667,RECIPE BOX RETROSPOT,-6,2010-08-09 13:00:00,2.95,16835.0,United Kingdom
C518534,D,Discount,-1,2010-08-09 16:25:00,8.92,14527.0,United Kingdom
C518537,84006,MAGIC TREE -PAPER FLOWERS,-4,2010-08-09 17:33:00,0.85,12621.0,Germany
C518537,20794,BLUE  TILE HOOK,-4,2010-08-09 17:33:00,2.55,12621.0,Germany
C518538,M,Manual,-6,2010-08-09 17:34:00,0.41,17651.0,United Kingdom
C518539,M,Manual,-1,2010-08-09 17:42:00,301.66,17774.0,United Kingdom
C518540,M,Manual,-1,2010-08-09 17:45:00,67.25,17774.0,United Kingdom
C518541,21232,STRAWBERRY CERAMIC TRINKET BOX,-4,2010-08-09 17:47:00,1.25,18220.0,United Kingdom
C518542,22667,RECIPE BOX RETROSPOT,-2,2010-08-09 17:48:00,2.95,15674.0,United Kingdom
C518544,22151,PLACE SETTING WHITE HEART,-24,2010-08-09 18:20:00,0.42,17314.0,United Kingdom
C518544,22535,MAGIC DRAWING SLATE BUNNIES,-48,2010-08-09 18:20:00,0.42,17314.0,United Kingdom
C518544,22534,MAGIC DRAWING SLATE SPACEBOY,-48,2010-08-09 18:20:00,0.42,17314.0,United Kingdom
C518544,22139,RETRO SPOT TEA SET CERAMIC 11 PC,-3,2010-08-09 18:20:00,4.95,17314.0,United Kingdom
C518544,10002,INFLATABLE POLITICAL GLOBE,-12,2010-08-09 18:20:00,0.85,17314.0,United Kingdom
C518544,84077,WORLD WAR 2 GLIDERS ASSTD DESIGNS,-48,2010-08-09 18:20:00,0.21,17314.0,United Kingdom
C518544,22616,PACK OF 12 LONDON TISSUES,-48,2010-08-09 18:20:00,0.29,17314.0,United Kingdom
C518544,21531,RED RETROSPOT SUGAR JAM BOWL,-6,2010-08-09 18:20:00,2.55,17314.0,United Kingdom
C518544,22604,SET OF 4 NAPKIN CHARMS CUTLERY,-6,2010-08-09 18:20:00,2.55,17314.0,United Kingdom
C518544,22169,FAMILY ALBUM WHITE PICTURE FRAME,-8,2010-08-09 18:20:00,7.65,17314.0,United Kingdom
C518544,22665,RECIPE BOX BLUE SKETCHBOOK DESIGN,-6,2010-08-09 18:20:00,2.95,17314.0,United Kingdom
C518544,22654,DELUXE SEWING KIT,-2,2010-08-09 18:20:00,5.95,17314.0,United Kingdom
C518544,22645,CERAMIC HEART FAIRY CAKE MONEY BANK,-12,2010-08-09 18:20:00,1.45,17314.0,United Kingdom
C518544,22585,PACK OF 6 BIRDY GIFT TAGS,-12,2010-08-09 18:20:00,1.25,17314.0,United Kingdom
C518544,21916,SET 12 RETRO WHITE CHALK STICKS,-24,2010-08-09 18:20:00,0.42,17314.0,United Kingdom
C518544,22713,CARD I LOVE LONDON,-12,2010-08-09 18:20:00,0.42,17314.0,United Kingdom
C518544,22710,WRAP I LOVE LONDON,-25,2010-08-09 18:20:00,0.42,17314.0,United Kingdom
C518544,21051,RIBBONS PURSE,-6,2010-08-09 18:20:00,2.1,17314.0,United Kingdom
C518544,84270,ASSTD DESIGN BUBBLE GUM RING,-30,2010-08-09 18:20:00,0.21,17314.0,United Kingdom
C518544,22456,NATURAL SLATE CHALKBOARD LARGE,-3,2010-08-09 18:20:00,4.95,17314.0,United Kingdom
C518544,22457,NATURAL SLATE HEART CHALKBOARD,-6,2010-08-09 18:20:00,2.95,17314.0,United Kingdom
C518544,21891,TRADITIONAL WOODEN SKIPPING ROPE,-12,2010-08-09 18:20:00,1.25,17314.0,United Kingdom
C518544,21914,BLUE HARMONICA IN BOX,-12,2010-08-09 18:20:00,1.25,17314.0,United Kingdom
C518544,21915,RED  HARMONICA IN BOX,-12,2010-08-09 18:20:00,1.25,17314.0,United Kingdom
C518563,22617,BAKING SET SPACEBOY DESIGN,-2,2010-08-10 10:33:00,4.95,16225.0,United Kingdom
C518563,22138,BAKING SET 9 PIECE RETROSPOT,-1,2010-08-10 10:33:00,4.95,16225.0,United Kingdom
C518580,84199,GLOW IN DARK DOLPHINS,-12,2010-08-10 12:09:00,0.21,14631.0,United Kingdom
C518598,21924,BLUE/CREAM STRIPE FRINGE HAMMOCK,-8,2010-08-10 12:30:00,7.95,16565.0,United Kingdom
C518598,15036,ASSORTED COLOURS SILK FAN,-12,2010-08-10 12:30:00,0.75,16565.0,United Kingdom
C518651,79000,MOROCCAN TEA GLASS,-2,2010-08-10 13:04:00,0.85,13313.0,United Kingdom
C518651,71053,WHITE METAL LANTERN,-2,2010-08-10 13:04:00,3.75,13313.0,United Kingdom
C518657,72131,COLUMBIAN CANDLE RECTANGLE,-16,2010-08-10 13:51:00,1.95,17754.0,United Kingdom
C518668,48185,DOOR MAT FAIRY CAKE,-10,2010-08-10 14:58:00,6.35,13798.0,United Kingdom
C518668,47556B,TEA TIME TEA TOWELS,-144,2010-08-10 14:58:00,2.55,13798.0,United Kingdom
C518669,22061,LARGE CAKE STAND  HANGING STRAWBERY,-2,2010-08-10 15:16:00,9.95,13004.0,United Kingdom
C518669,22718,CARD CAT AND TREE,-12,2010-08-10 15:16:00,0.42,13004.0,United Kingdom
C518669,22717,CARD DOG AND BALL,-12,2010-08-10 15:16:00,0.42,13004.0,United Kingdom
C518669,22716,CARD CIRCUS PARADE,-12,2010-08-10 15:16:00,0.42,13004.0,United Kingdom
C518669,22714,CARD BIRTHDAY COWBOY,-12,2010-08-10 15:16:00,0.42,13004.0,United Kingdom
C518669,22024,RAINY LADIES BIRTHDAY CARD,-12,2010-08-10 15:16:00,0.42,13004.0,United Kingdom
C518669,20719,WOODLAND CHARLOTTE BAG,-10,2010-08-10 15:16:00,0.85,13004.0,United Kingdom
C518669,37447,CERAMIC CAKE DESIGN SPOTTED PLATE,-12,2010-08-10 15:16:00,1.49,13004.0,United Kingdom
C518669,22057,CERAMIC PLATE STRAWBERRY DESIGN,-12,2010-08-10 15:16:00,1.49,13004.0,United Kingdom
C518669,22077,6 RIBBONS RUSTIC CHARM,-12,2010-08-10 15:16:00,1.65,13004.0,United Kingdom
C518669,21790,VINTAGE SNAP CARDS,-12,2010-08-10 15:16:00,0.85,13004.0,United Kingdom
C518669,22417,PACK OF 60 SPACEBOY CAKE CASES,-24,2010-08-10 15:16:00,0.55,13004.0,United Kingdom
C518669,47568,ENGLISH ROSE DESIGN PEG BAG,-6,2010-08-10 15:16:00,2.1,13004.0,United Kingdom
C518669,22367,CHILDRENS APRON SPACEBOY DESIGN,-8,2010-08-10 15:16:00,1.95,13004.0,United Kingdom
C518669,85064,CREAM SWEETHEART LETTER RACK,-2,2010-08-10 15:16:00,5.45,13004.0,United Kingdom
C518669,82483,WOOD 2 DRAWER CABINET WHITE FINISH,-4,2010-08-10 15:16:00,5.95,13004.0,United Kingdom
C518669,22173,METAL 4 HOOK HANGER FRENCH CHATEAU,-8,2010-08-10 15:16:00,2.95,13004.0,United Kingdom
C518669,85123A,WHITE HANGING HEART T-LIGHT HOLDER,-6,2010-08-10 15:16:00,2.95,13004.0,United Kingdom
C518669,84970S,HANGING HEART ZINC T-LIGHT HOLDER,-12,2010-08-10 15:16:00,0.85,13004.0,United Kingdom
C518669,84970L,SINGLE HEART ZINC T-LIGHT HOLDER,-12,2010-08-10 15:16:00,0.95,13004.0,United Kingdom
C518669,84991,60 TEATIME FAIRY CAKE CASES,-24,2010-08-10 15:16:00,0.55,13004.0,United Kingdom
C518669,90167,BEADED LOVE HEART JEWELLERY SET,-12,2010-08-10 15:16:00,0.85,13004.0,United Kingdom
C518669,37449,CERAMIC CAKE STAND + HANGING CAKES,-2,2010-08-10 15:16:00,9.95,13004.0,United Kingdom
C518678,D,Discount,-1,2010-08-10 16:55:00,2.7,,United Kingdom
C518680,22606,WOODEN SKITTLES GARDEN SET,-1,2010-08-10 17:09:00,15.95,17799.0,United Kingdom
C518680,22138,BAKING SET 9 PIECE RETROSPOT,-3,2010-08-10 17:09:00,4.95,17799.0,United Kingdom
C518682,22526,WHEELBARROW FOR CHILDREN,-1,2010-08-10 17:27:00,12.75,17799.0,United Kingdom
C518682,84356,POMPOM CURTAIN,-5,2010-08-10 17:27:00,6.95,17799.0,United Kingdom
C518682,22607,WOODEN ROUNDERS GARDEN SET,-2,2010-08-10 17:27:00,8.5,17799.0,United Kingdom
C518731,21335,LIBRARY LAMP,-1,2010-08-11 11:36:00,21.95,13097.0,United Kingdom
C518750,84997B,RED 3 PIECE MINI DOTS CUTLERY SET,-1,2010-08-11 12:27:00,3.75,14142.0,United Kingdom
C518758,D,Discount,-1,2010-08-11 13:24:00,75.17,14911.0,EIRE
C518763,20798,CLEAR MILKSHAKE GLASS,-4,2010-08-11 14:23:00,2.1,14156.0,EIRE
C518770,85049C,ROMANTIC PINKS RIBBONS,-12,2010-08-11 15:21:00,1.25,16571.0,United Kingdom
C518772,82484,WOOD BLACK BOARD ANT WHITE FINISH,-1,2010-08-11 15:22:00,6.45,17675.0,United Kingdom
C518780,M,Manual,-1,2010-08-11 16:29:00,1883.65,,Hong Kong
C518844,22070,SMALL RED RETROSPOT MUG IN BOX,-3,2010-08-12 11:05:00,3.75,14911.0,EIRE
C518844,22197,SMALL POPCORN HOLDER,-3,2010-08-12 11:05:00,0.85,14911.0,EIRE
C518844,22198,LARGE POPCORN HOLDER,-8,2010-08-12 11:05:00,1.65,14911.0,EIRE
C518844,22636,CHILDS BREAKFAST SET CIRCUS PARADE,-3,2010-08-12 11:05:00,8.5,14911.0,EIRE
C518845,71459,HANGING JAM JAR T-LIGHT HOLDER,-8,2010-08-12 11:19:00,0.85,17730.0,United Kingdom
C518846,22301,COFFEE MUG CAT + BIRD DESIGN,-6,2010-08-12 11:30:00,2.55,16170.0,United Kingdom
C518899,22644,CERAMIC CHERRY CAKE MONEY BANK,-1,2010-08-12 13:53:00,1.45,12471.0,Germany
C518899,22556,PLASTERS IN TIN CIRCUS PARADE,-1,2010-08-12 13:53:00,1.65,12471.0,Germany
C518899,22554,PLASTERS IN TIN WOODLAND ANIMALS,-2,2010-08-12 13:53:00,1.65,12471.0,Germany
C518903,22167,"WALL MIRROR , DIAMANTE OVAL SHAPE",-1,2010-08-12 14:16:00,9.95,17243.0,United Kingdom
C518903,22423,REGENCY CAKESTAND 3 TIER,-1,2010-08-12 14:16:00,12.75,17243.0,United Kingdom
C518904,BANK CHARGES,Bank Charges,-1,2010-08-12 14:25:00,402.69,,United Kingdom
C518905,M,Manual,-1,2010-08-12 14:27:00,148.86,,United Kingdom
C518906,M,Manual,-1,2010-08-12 14:30:00,1016.79,,United Kingdom
C518952,22551,PLASTERS IN TIN SPACEBOY,-12,2010-08-12 15:11:00,1.65,15296.0,United Kingdom
C518953,85098B,BLUE FLYING SINGING CANARY,-2,2010-08-12 15:17:00,3.75,14844.0,United Kingdom
C518954,22171,3 HOOK PHOTO SHELF ANTIQUE WHITE,-1,2010-08-12 15:18:00,7.65,17389.0,United Kingdom
C518955,20682,RED SPOTTY CHILDS UMBRELLA,-1,2010-08-12 15:20:00,3.25,16221.0,United Kingdom
C518955,20681,PINK SPOTTY CHILDS UMBRELLA,-1,2010-08-12 15:20:00,3.25,16221.0,United Kingdom
C518956,22170,PICTURE FRAME WOOD TRIPLE PORTRAIT,-4,2010-08-12 15:22:00,6.75,14370.0,United Kingdom
C518956,22171,3 HOOK PHOTO SHELF ANTIQUE WHITE,-2,2010-08-12 15:22:00,8.5,14370.0,United Kingdom
C518961,37495,FAIRY CAKE BIRTHDAY CANDLE SET,-2,2010-08-12 15:37:00,3.75,14625.0,United Kingdom
C518962,37503,TEA TIME CAKE STAND IN GIFT BOX,-1,2010-08-12 15:38:00,9.95,13324.0,United Kingdom
C518964,22423,REGENCY CAKESTAND 3 TIER,-1,2010-08-12 15:40:00,12.75,13059.0,United Kingdom
C518964,72807B,SET/3 OCEAN SCENT CANDLE JEWEL BOX,-2,2010-08-12 15:40:00,4.25,13059.0,United Kingdom
C518966,22383,LUNCH BAG SUKI  DESIGN,-1,2010-08-12 15:46:00,1.65,18226.0,United Kingdom
C518966,21936,RED RETROSPOT PICNIC BAG,-1,2010-08-12 15:46:00,2.95,18226.0,United Kingdom
C518968,22424,ENAMEL BREAD BIN CREAM,-3,2010-08-12 15:48:00,12.75,13659.0,United Kingdom
C518968,84611B,BLACK NEW BAROQUE FLOCK BOX,-2,2010-08-12 15:48:00,5.95,13659.0,United Kingdom
C518969,22719,GUMBALL MONOCHROME COAT RACK,-7,2010-08-12 15:51:00,1.06,17696.0,United Kingdom
C518971,84949,SILVER HANGING T-LIGHT HOLDER,-3,2010-08-12 15:53:00,1.65,17156.0,United Kingdom
C518971,22138,BAKING SET 9 PIECE RETROSPOT,-3,2010-08-12 15:53:00,4.95,17156.0,United Kingdom
C518973,84974,S/2 ZINC HEART DESIGN PLANTERS,-1,2010-08-12 16:05:00,9.95,16525.0,United Kingdom
C518974,22138,BAKING SET 9 PIECE RETROSPOT,-2,2010-08-12 16:07:00,4.95,13615.0,United Kingdom
C518974,22617,BAKING SET SPACEBOY DESIGN,-1,2010-08-12 16:07:00,4.95,13615.0,United Kingdom
C518976,POST,POSTAGE,-1,2010-08-12 16:23:00,2.24,,United Kingdom
C518976,DOT,DOTCOM POSTAGE,-1,2010-08-12 16:23:00,3.36,,United Kingdom
C518976,20847,ZINC HEART LATTICE CHARGER LARGE,-1,2010-08-12 16:23:00,7.62,,United Kingdom
C518978,21642,ASSORTED TUTTI FRUTTI PEN,-9,2010-08-12 16:31:00,0.85,15141.0,United Kingdom
C518979,85006,SET 4 NURSERY DES ROUND BOXES,-6,2010-08-12 16:38:00,2.95,17059.0,United Kingdom
518984,85150,LADIES & GENTLEMEN METAL SIGN,-160,2010-08-12 17:01:00,0.0,,United Kingdom
518986,82597,BOMBS AWAY METAL SIGN,-410,2010-08-12 17:02:00,0.0,,United Kingdom
C518988,21421,PORCELAIN ROSE LARGE,-6,2010-08-12 17:17:00,1.25,15786.0,United Kingdom
C518988,22614,PACK OF 12 SPACEBOY TISSUES,-48,2010-08-12 17:17:00,0.29,15786.0,United Kingdom
C518992,21713,CITRONELLA CANDLE FLOWERPOT,-4,2010-08-12 17:43:00,2.1,16103.0,United Kingdom
C518992,21312,LARGE CHUNKY GLASS ROMAN BOWL,-3,2010-08-12 17:43:00,1.95,16103.0,United Kingdom
C518993,22138,BAKING SET 9 PIECE RETROSPOT,-1,2010-08-12 17:44:00,4.95,16549.0,United Kingdom
C518994,84997C,BLUE 3 PIECE MINI DOTS CUTLERY SET,-2,2010-08-12 17:45:00,3.75,14040.0,United Kingdom
C518994,79067,CORONA MEXICAN TRAY,-1,2010-08-12 17:45:00,3.75,14040.0,United Kingdom
C518995,21539,RED RETROSPOT BUTTER DISH,-1,2010-08-12 17:47:00,4.95,14194.0,United Kingdom
C518996,22630,DOLLY GIRL LUNCH BOX,-2,2010-08-12 17:48:00,1.95,15521.0,United Kingdom
C518997,21950,SET OF 6 DOTS CHOPSTICKS,-180,2010-08-12 17:49:00,1.06,17949.0,United Kingdom
C518998,22423,REGENCY CAKESTAND 3 TIER,-1,2010-08-12 17:50:00,12.75,13319.0,United Kingdom
C518999,22364,GLASS JAR DIGESTIVE BISCUITS,-2,2010-08-12 17:52:00,2.95,13319.0,United Kingdom
C518999,85047,WHITE BEADED GARLAND STRING 20LIGHT,-2,2010-08-12 17:52:00,6.35,13319.0,United Kingdom
C519002,21833,CAMOUFLAGE LED TORCH,-118,2010-08-12 18:43:00,1.49,15838.0,United Kingdom
C519003,22636,CHILDS BREAKFAST SET CIRCUS PARADE,-3,2010-08-12 18:49:00,8.5,18053.0,United Kingdom
C519032,84946,ANTIQUE SILVER TEA GLASS ETCHED,-6,2010-08-13 11:07:00,1.25,17615.0,United Kingdom
C519034,22667,RECIPE BOX RETROSPOT,-5,2010-08-13 11:10:00,2.95,15222.0,United Kingdom
C519035,22561,WOODEN SCHOOL COLOURING SET,-12,2010-08-13 11:13:00,1.65,16156.0,United Kingdom
C519035,22644,CERAMIC CHERRY CAKE MONEY BANK,-24,2010-08-13 11:13:00,1.45,16156.0,United Kingdom
C519035,22418,10 COLOUR SPACEBOY PEN,-24,2010-08-13 11:13:00,0.85,16156.0,United Kingdom
C519035,22551,PLASTERS IN TIN SPACEBOY,-24,2010-08-13 11:13:00,1.65,16156.0,United Kingdom
C519035,22614,PACK OF 12 SPACEBOY TISSUES,-48,2010-08-13 11:13:00,0.29,16156.0,United Kingdom
C519035,22400,MAGNETS PACK OF 4 HOME SWEET HOME,-24,2010-08-13 11:13:00,1.25,16156.0,United Kingdom
C519035,22561,WOODEN SCHOOL COLOURING SET,-12,2010-08-13 11:13:00,1.65,16156.0,United Kingdom
C519036,22667,RECIPE BOX RETROSPOT,-6,2010-08-13 11:14:00,2.95,15596.0,United Kingdom
C519038,21922,UNION STRIPE WITH FRINGE  HAMMOCK,-20,2010-08-13 11:17:00,6.95,14000.0,United Kingdom
C519039,22426,ENAMEL WASH BOWL CREAM,-8,2010-08-13 11:23:00,3.75,14025.0,United Kingdom
C519040,79323B,BLACK CHERRY LIGHTS,-2,2010-08-13 11:25:00,5.45,17428.0,United Kingdom
C519040,79323LP,LIGHT PINK CHERRY LIGHTS,-24,2010-08-13 11:25:00,5.45,17428.0,United Kingdom
C519040,79323W,WHITE CHERRY LIGHTS,-24,2010-08-13 11:25:00,5.45,17428.0,United Kingdom
C519040,79323P,PINK CHERRY LIGHTS,-24,2010-08-13 11:25:00,5.45,17428.0,United Kingdom
C519041,21794,CLASSIC FRENCH STYLE BASKET NATURAL,-7,2010-08-13 11:27:00,6.75,13650.0,United Kingdom
C519043,79323W,WHITE CHERRY LIGHTS,-7,2010-08-13 11:29:00,5.45,13511.0,United Kingdom
C519136,20718,RED SPOTTY SHOPPER BAG,-10,2010-08-13 12:36:00,1.25,12633.0,Germany
C519136,21527,RED RETROSPOT TRADITIONAL TEAPOT,-1,2010-08-13 12:36:00,7.95,12633.0,Germany
C519139,21713,CITRONELLA CANDLE FLOWERPOT,-9,2010-08-13 12:39:00,1.85,16656.0,United Kingdom
C519139,21790,VINTAGE SNAP CARDS,-2,2010-08-13 12:39:00,0.72,16656.0,United Kingdom
C519168,POST,POSTAGE,-2,2010-08-13 13:34:00,35.0,12676.0,Sweden
519185,85099B,JUMBO BAG RED RETROSPOT,-1400,2010-08-13 15:24:00,0.0,,United Kingdom
C519206,M,Manual,-1,2010-08-15 11:04:00,95.0,16326.0,United Kingdom
C519220,37449,CERAMIC CAKE STAND + HANGING CAKES,-3,2010-08-15 12:10:00,8.5,15311.0,United Kingdom
C519221,M,Manual,-1,2010-08-15 12:17:00,109.61,,EIRE
C519225,37449,CERAMIC CAKE STAND + HANGING CAKES,-2,2010-08-15 12:35:00,8.5,15311.0,United Kingdom
C519225,40003,WHITE BAMBOO RIBS LAMPSHADE,-2,2010-08-15 12:35:00,0.95,15311.0,United Kingdom
C519225,40001,WHITE BAMBOO RIBS LAMPSHADE,-5,2010-08-15 12:35:00,0.64,15311.0,United Kingdom
C519225,85047,WHITE BEADED GARLAND STRING 20LIGHT,-1,2010-08-15 12:35:00,5.55,15311.0,United Kingdom
C519225,85042,ANTIQUE LILY FAIRY LIGHTS,-2,2010-08-15 12:35:00,4.25,15311.0,United Kingdom
C519250,20725,LUNCH BAG RED SPOTTY,-1,2010-08-15 15:18:00,1.65,17107.0,United Kingdom
C519250,85099B,JUMBO BAG RED RETROSPOT,-1,2010-08-15 15:18:00,1.95,17107.0,United Kingdom
C519250,21232,STRAWBERRY CERAMIC TRINKET BOX,-1,2010-08-15 15:18:00,1.25,17107.0,United Kingdom
C519250,75049L,LARGE CIRCULAR MIRROR MOBILE,-4,2010-08-15 15:18:00,0.85,17107.0,United Kingdom
C519250,84508A,CAMOFLAGE DESIGN TEDDY,-1,2010-08-15 15:18:00,2.55,17107.0,United Kingdom
C519250,21527,RED RETROSPOT TRADITIONAL TEAPOT,-1,2010-08-15 15:18:00,7.95,17107.0,United Kingdom
C519250,21232,STRAWBERRY CERAMIC TRINKET BOX,-1,2010-08-15 15:18:00,1.25,17107.0,United Kingdom
C519250,79029,GLASS HONEYPOT WASP CATCHER,-1,2010-08-15 15:18:00,1.65,17107.0,United Kingdom
C519259,21293,MIRRORED DOVE WALL DECORATION,-2,2010-08-15 15:50:00,2.1,17340.0,United Kingdom
C519259,84627,CANDY STRIPE ROSE C/COVER,-8,2010-08-15 15:50:00,5.95,17340.0,United Kingdom
C519265,22667,RECIPE BOX RETROSPOT,-6,2010-08-16 09:19:00,2.95,18145.0,United Kingdom
C519277,22168,ORGANISER WOOD ANTIQUE WHITE,-1,2010-08-16 10:28:00,8.5,13656.0,United Kingdom
C519278,21829,DINOSAUR KEYRINGS ASSORTED,-36,2010-08-16 10:36:00,0.21,16701.0,United Kingdom
C519280,22504,CABIN BAG VINTAGE RETROSPOT,-1,2010-08-16 10:40:00,10.0,,United Kingdom
C519281,72225C,LAVENDER SCENT CAKE CANDLE,-48,2010-08-16 10:44:00,0.29,14872.0,United Kingdom
C519340,85040B,SET/4 BLUE FLOWER CANDLES IN BOWL,-48,2010-08-16 11:54:00,1.45,15061.0,United Kingdom
519359,85124A,PINK JUICY FRUIT PHOTO FRAME,-26,2010-08-16 12:47:00,0.0,,United Kingdom
519374,21900,"KEY FOB , SHED",-1520,2010-08-16 13:28:00,0.0,,United Kingdom
519377,47568,ENGLISH ROSE DESIGN PEG BAG,-300,2010-08-16 13:30:00,0.0,,United Kingdom
C519378,84406B,CREAM CUPID HEARTS COAT HANGER,-2,2010-08-16 13:31:00,3.25,14844.0,United Kingdom
C519383,84406B,CREAM CUPID HEARTS COAT HANGER,-1,2010-08-16 14:10:00,3.25,18109.0,United Kingdom
C519383,22528,GARDENERS KNEELING PAD,-2,2010-08-16 14:10:00,1.25,18109.0,United Kingdom
C519387,POST,POSTAGE,-1,2010-08-16 14:37:00,6.6,,United Kingdom
C519387,21333,CLASSIC WHITE FRAME,-2,2010-08-16 14:37:00,5.91,,United Kingdom
C519387,20830,SILVER PHOTO FRAME,-2,2010-08-16 14:37:00,4.21,,United Kingdom
C519397,21931,JUMBO STORAGE BAG SUKI,-1,2010-08-16 16:12:00,1.95,13564.0,United Kingdom
C519397,22241,GARLAND WOODEN HAPPY EASTER,-2,2010-08-16 16:12:00,1.25,13564.0,United Kingdom
C519397,85099F,JUMBO BAG STRAWBERRY,-1,2010-08-16 16:12:00,1.95,13564.0,United Kingdom
C519400,22130,PARTY CONE CHRISTMAS DECORATION,-12,2010-08-16 16:52:00,0.85,13001.0,United Kingdom
C519459,22635,CHILDS BREAKFAST SET DOLLY GIRL,-1,2010-08-17 11:03:00,9.95,17340.0,United Kingdom
C519459,22423,REGENCY CAKESTAND 3 TIER,-2,2010-08-17 11:03:00,10.95,17340.0,United Kingdom
C519459,84949,SILVER HANGING T-LIGHT HOLDER,-4,2010-08-17 11:03:00,1.65,17340.0,United Kingdom
C519459,82483,WOOD 2 DRAWER CABINET WHITE FINISH,-2,2010-08-17 11:03:00,5.95,17340.0,United Kingdom
C519461,22384,LUNCH BAG PINK RETROSPOT,-1,2010-08-17 11:10:00,1.65,14276.0,United Kingdom
C519461,21531,RED RETROSPOT SUGAR JAM BOWL,-1,2010-08-17 11:10:00,2.55,14276.0,United Kingdom
C519461,21535,RED RETROSPOT SMALL MILK JUG,-2,2010-08-17 11:10:00,2.55,14276.0,United Kingdom
C519463,M,Manual,-3,2010-08-17 11:28:00,2.55,13278.0,United Kingdom
C519466,22198,LARGE POPCORN HOLDER,-2,2010-08-17 11:46:00,1.65,12412.0,Denmark
C519466,21563,RED HEART SHAPE LOVE BUCKET,-1,2010-08-17 11:46:00,2.95,12412.0,Denmark
C519466,79067,CORONA MEXICAN TRAY,-1,2010-08-17 11:46:00,3.75,12412.0,Denmark
C519467,85091,CANDY SPOT BREAD BASKETS,-17,2010-08-17 11:49:00,4.1,16841.0,United Kingdom
C519472,22515,CHILDS GARDEN SPADE PINK,-1,2010-08-17 11:57:00,2.1,15264.0,United Kingdom
C519472,22514,CHILDS GARDEN SPADE BLUE,-1,2010-08-17 11:57:00,2.1,15264.0,United Kingdom
C519479,21713,CITRONELLA CANDLE FLOWERPOT,-2,2010-08-17 12:52:00,2.1,13405.0,United Kingdom
519478,21652,GLASS ETCHED T-LIGHT HOLDER MEDIUM,-58,2010-08-17 12:52:00,0.0,,United Kingdom
519480,21529,RETRO SPOT CERAMIC TOASTRACK,-62,2010-08-17 12:53:00,0.0,,United Kingdom
C519481,22361,GLASS JAR DAISY FRESH COTTON WOOL,-6,2010-08-17 12:55:00,2.95,16227.0,United Kingdom
C519481,22360,GLASS JAR ENGLISH CONFECTIONERY,-4,2010-08-17 12:55:00,2.95,16227.0,United Kingdom
C519481,22364,GLASS JAR DIGESTIVE BISCUITS,-3,2010-08-17 12:55:00,2.95,16227.0,United Kingdom
C519481,37370,RETRO COFFEE MUGS ASSORTED,-1,2010-08-17 12:55:00,1.25,16227.0,United Kingdom
C519481,20914,SET/5 RED SPOTTY LID GLASS BOWLS,-2,2010-08-17 12:55:00,2.95,16227.0,United Kingdom
C519482,85123A,WHITE HANGING HEART T-LIGHT HOLDER,-1,2010-08-17 13:06:00,2.55,13081.0,United Kingdom
C519482,20829,GLITTER HANGING BUTTERFLY STRING,-2,2010-08-17 13:06:00,2.1,13081.0,United Kingdom
C519482,20723,STRAWBERRY CHARLOTTE BAG,-1,2010-08-17 13:06:00,0.85,13081.0,United Kingdom
C519482,15044C,PURPLE PAPER PARASOL,-1,2010-08-17 13:06:00,2.95,13081.0,United Kingdom
C519482,22179,SET 10 LIGHTS NIGHT OWL,-1,2010-08-17 13:06:00,5.95,13081.0,United Kingdom
C519482,15034,PAPER POCKET TRAVELING FAN,-48,2010-08-17 13:06:00,0.14,13081.0,United Kingdom
C519482,85060,WOOD FAN WITH FLOWER DESIGN,-1,2010-08-17 13:06:00,1.25,13081.0,United Kingdom
C519482,85042,ANTIQUE LILY FAIRY LIGHTS,-1,2010-08-17 13:06:00,4.25,13081.0,United Kingdom
C519482,70006,LOVE HEART POCKET WARMER,-1,2010-08-17 13:06:00,0.79,13081.0,United Kingdom
C519487,90214L,"LETTER ""L"" BLING KEY RING",-2,2010-08-17 13:44:00,1.25,17753.0,United Kingdom
C519491,21068,VINTAGE BILLBOARD LOVE/HATE MUG,-12,2010-08-17 13:56:00,1.06,17850.0,United Kingdom
C519491,84664,CHERRY BLOSSOM BATHROOM CABINET,-1,2010-08-17 13:56:00,4.95,17850.0,United Kingdom
C519491,21165,BEWARE OF THE CAT METAL SIGN,-12,2010-08-17 13:56:00,1.45,17850.0,United Kingdom
C519491,82483,WOOD 2 DRAWER CABINET WHITE FINISH,-4,2010-08-17 13:56:00,4.95,17850.0,United Kingdom
C519491,82486,WOOD S/3 CABINET ANT WHITE FINISH,-1,2010-08-17 13:56:00,6.95,17850.0,United Kingdom
C519491,82483,WOOD 2 DRAWER CABINET WHITE FINISH,-2,2010-08-17 13:56:00,4.95,17850.0,United Kingdom
C519491,15056P,EDWARDIAN PARASOL PINK,-1,2010-08-17 13:56:00,4.95,17850.0,United Kingdom
C519491,22247,BUNNY DECORATION MAGIC GARDEN,-1,2010-08-17 13:56:00,0.75,17850.0,United Kingdom
C519492,21156,RETROSPOT CHILDRENS APRON,-2,2010-08-17 13:59:00,1.95,17063.0,United Kingdom
C519493,37501,TEA TIME TEA SET IN GIFT BOX,-1,2010-08-17 14:01:00,6.95,13534.0,United Kingdom
C519495,22194,BLACK DINER WALL CLOCK,-1,2010-08-17 14:02:00,8.5,17612.0,United Kingdom
C519495,20703,BLUE PADDED SOFT MOBILE,-1,2010-08-17 14:02:00,4.25,17612.0,United Kingdom
C519496,22073,RED RETROSPOT STORAGE JAR,-2,2010-08-17 14:03:00,3.75,14590.0,United Kingdom
C519503,22067,CHOC TRUFFLE GOLD TRINKET POT,-1,2010-08-17 15:09:00,1.65,13799.0,United Kingdom
C519503,22649,STRAWBERRY FAIRY CAKE TEAPOT,-1,2010-08-17 15:09:00,4.95,13799.0,United Kingdom
C519503,22059,CERAMIC STRWBERRY DESIGN MUG,-1,2010-08-17 15:09:00,1.49,13799.0,United Kingdom
C519504,22356,"CHARLOTTE BAG , PINK/WHITE SPOTS",-1,2010-08-17 15:11:00,0.85,15981.0,United Kingdom
C519505,21067,VINTAGE RED TEATIME MUG,-8,2010-08-17 15:12:00,1.25,13078.0,United Kingdom
C519506,22526,WHEELBARROW FOR CHILDREN,-1,2010-08-17 15:13:00,12.75,15251.0,United Kingdom
C519510,85065,CREAM SWEETHEART TRAYS,-1,2010-08-17 16:25:00,12.75,17663.0,United Kingdom
C519510,22427,ENAMEL FLOWER JUG CREAM,-2,2010-08-17 16:25:00,5.95,17663.0,United Kingdom
C519510,22665,RECIPE BOX BLUE SKETCHBOOK DESIGN,-3,2010-08-17 16:25:00,2.95,17663.0,United Kingdom
C519581,21463,MIRRORED DISCO BALL,-2,2010-08-18 13:29:00,5.95,16316.0,United Kingdom
C519588,22649,STRAWBERRY FAIRY CAKE TEAPOT,-1,2010-08-18 14:20:00,4.25,14680.0,United Kingdom
C519588,21937,STRAWBERRY   PICNIC BAG,-1,2010-08-18 14:20:00,2.55,14680.0,United Kingdom
C519588,22384,LUNCH BAG PINK RETROSPOT,-3,2010-08-18 14:20:00,1.45,14680.0,United Kingdom
C519588,20725,LUNCH BAG RED SPOTTY,-6,2010-08-18 14:20:00,1.45,14680.0,United Kingdom
C519588,85099B,JUMBO BAG RED RETROSPOT,-1,2010-08-18 14:20:00,1.65,14680.0,United Kingdom
C519661,84078A,SET/4 WHITE RETRO STORAGE CUBES,-1,2010-08-19 12:04:00,39.95,12801.0,Sweden
C519662,22236,CAKE STAND 3 TIER MAGIC GARDEN,-1,2010-08-19 12:08:00,12.75,12484.0,Spain
C519662,22198,LARGE POPCORN HOLDER,-1,2010-08-19 12:08:00,1.65,12484.0,Spain
C519662,21713,CITRONELLA CANDLE FLOWERPOT,-1,2010-08-19 12:08:00,2.1,12484.0,Spain
C519675,82483,WOOD 2 DRAWER CABINET WHITE FINISH,-2,2010-08-19 12:28:00,5.95,16756.0,United Kingdom
C519677,22061,LARGE CAKE STAND  HANGING STRAWBERY,-1,2010-08-19 12:34:00,9.95,14210.0,United Kingdom
C519679,20676,RED SPOTTY BOWL,-8,2010-08-19 12:37:00,1.25,16278.0,United Kingdom
C519679,22236,CAKE STAND 3 TIER MAGIC GARDEN,-1,2010-08-19 12:37:00,12.75,16278.0,United Kingdom
C519683,22655,VINTAGE RED KITCHEN CABINET,-1,2010-08-19 12:50:00,295.0,18227.0,United Kingdom
C519685,21714,CITRONELLA CANDLE GARDEN POT,-1,2010-08-19 13:04:00,1.25,14521.0,United Kingdom
C519685,15039,SANDALWOOD FAN,-1,2010-08-19 13:04:00,0.85,14521.0,United Kingdom
C519685,22138,BAKING SET 9 PIECE RETROSPOT,-6,2010-08-19 13:04:00,4.95,14521.0,United Kingdom
C519736,22295,HEART FILIGREE DOVE LARGE,-12,2010-08-20 09:25:00,1.65,14064.0,United Kingdom
C519736,21390,FILIGRIS HEART WITH BUTTERFLY,-24,2010-08-20 09:25:00,1.25,14064.0,United Kingdom
C519736,22294,HEART FILIGREE DOVE  SMALL,-24,2010-08-20 09:25:00,1.25,14064.0,United Kingdom
C519737,M,Manual,-1,2010-08-20 09:26:00,152.4,12433.0,Norway
C519742,22618,COOKING SET RETROSPOT,-1,2010-08-20 10:50:00,9.95,12720.0,Germany
C519742,22381,TOY TIDY PINK RETROSPOT,-1,2010-08-20 10:50:00,2.1,12720.0,Germany
C519742,85006,SET 4 NURSERY DES ROUND BOXES,-1,2010-08-20 10:50:00,2.95,12720.0,Germany
C519807,D,Discount,-192,2010-08-20 12:48:00,1.0,16422.0,United Kingdom
C519809,D,Discount,-192,2010-08-20 12:51:00,0.01,16422.0,United Kingdom
C519845,22275,WEEKEND BAG VINTAGE ROSE PAISLEY,-1,2010-08-20 15:23:00,8.5,16401.0,United Kingdom
C519866,85232A,SET/3 POLKA DOT STACKING TINS,-1,2010-08-20 15:59:00,4.95,14854.0,United Kingdom
C519872,22427,ENAMEL FLOWER JUG CREAM,-1,2010-08-22 10:04:00,5.95,13037.0,United Kingdom
C519873,21558,SKULL LUNCH BOX WITH CUTLERY,-1,2010-08-22 10:06:00,2.55,13037.0,United Kingdom
C519873,84913B,MINT GREEN ROSE TOWEL,-1,2010-08-22 10:06:00,4.65,13037.0,United Kingdom
C519873,84682,CLASSICAL ROSE DISH,-3,2010-08-22 10:06:00,2.95,13037.0,United Kingdom
C519874,85132A,CHARLIE + LOLA BISCUITS TINS,-1,2010-08-22 10:08:00,9.95,15240.0,United Kingdom
C519874,22358,KINGS CHOICE TEA CADDY,-1,2010-08-22 10:08:00,2.95,15240.0,United Kingdom
C519874,22488,NATURAL SLATE RECTANGLE CHALKBOARD,-1,2010-08-22 10:08:00,1.65,15240.0,United Kingdom
C519874,22441,GROW YOUR OWN BASIL IN ENAMEL MUG,-1,2010-08-22 10:08:00,2.1,15240.0,United Kingdom
C519874,21868,POTTING SHED TEA MUG,-1,2010-08-22 10:08:00,1.25,15240.0,United Kingdom
C519893,37448,CERAMIC CAKE DESIGN SPOTTED MUG,-1,2010-08-22 12:58:00,1.25,15311.0,United Kingdom
C519893,37446,MINI CAKE STAND WITH HANGING CAKES,-1,2010-08-22 12:58:00,1.25,15311.0,United Kingdom
C519893,82494L,WOODEN FRAME ANTIQUE WHITE,-3,2010-08-22 12:58:00,2.55,15311.0,United Kingdom
C519893,20798,CLEAR MILKSHAKE GLASS,-4,2010-08-22 12:58:00,1.65,15311.0,United Kingdom
C519893,21319,GLASS CHALICE GREEN  SMALL,-1,2010-08-22 12:58:00,1.45,15311.0,United Kingdom
C519893,21320,GLASS CHALICE GREEN  LARGE,-1,2010-08-22 12:58:00,2.55,15311.0,United Kingdom
C519893,20798,CLEAR MILKSHAKE GLASS,-1,2010-08-22 12:58:00,2.1,15311.0,United Kingdom
C519893,22355,CHARLOTTE BAG SUKI DESIGN,-1,2010-08-22 12:58:00,0.85,15311.0,United Kingdom
C519940,17033,"BROCADE PURSE,SMALL ARCH BUTTON",-36,2010-08-23 09:56:00,0.29,16332.0,United Kingdom
C519942,21713,CITRONELLA CANDLE FLOWERPOT,-2,2010-08-23 10:11:00,2.1,13405.0,United Kingdom
C519949,84761,IVORY HANGING BIRD PLANTER,-8,2010-08-23 10:45:00,2.55,16234.0,United Kingdom
C519950,85048,15CM CHRISTMAS GLASS BALL 20 LIGHTS,-2,2010-08-23 10:57:00,6.95,18226.0,United Kingdom
C519953,85170A,SET/6 IVORY BIRD T-LIGHT CANDLES,-5,2010-08-23 11:00:00,0.85,13089.0,United Kingdom
C520036,84078A,SET/4 WHITE RETRO STORAGE CUBES,-2,2010-08-23 13:23:00,39.95,14527.0,United Kingdom
C520038,D,Discount,-1,2010-08-23 13:32:00,12.35,14527.0,United Kingdom
C520045,21657,MILK BOTTLE WITH GLASS STOPPER,-1,2010-08-23 14:36:00,6.95,14606.0,United Kingdom
C520045,37370,RETRO COFFEE MUGS ASSORTED,-1,2010-08-23 14:36:00,1.25,14606.0,United Kingdom
C520048,20726,LUNCH BAG WOODLAND,-4,2010-08-23 14:49:00,1.65,16401.0,United Kingdom
C520049,84789,ENCHANTED BIRD PLANT CAGE,-1,2010-08-23 14:52:00,3.75,17231.0,United Kingdom
C520051,71459,HANGING JAM JAR T-LIGHT HOLDER,-2,2010-08-23 14:56:00,0.72,15372.0,United Kingdom
C520051,75049L,LARGE CIRCULAR MIRROR MOBILE,-8,2010-08-23 14:56:00,0.85,15372.0,United Kingdom
C520053,85099C,JUMBO  BAG BAROQUE BLACK WHITE,-1,2010-08-23 14:58:00,1.65,13798.0,United Kingdom
C520053,20728,LUNCH BAG CARS BLUE,-1,2010-08-23 14:58:00,1.45,13798.0,United Kingdom
C520053,20723,STRAWBERRY CHARLOTTE BAG,-1,2010-08-23 14:58:00,0.72,13798.0,United Kingdom
C520053,82580,BATHROOM METAL SIGN,-1,2010-08-23 14:58:00,0.42,13798.0,United Kingdom
C520053,20725,LUNCH BAG RED SPOTTY,-2,2010-08-23 14:58:00,1.45,13798.0,United Kingdom
C520053,21232,STRAWBERRY CERAMIC TRINKET BOX,-7,2010-08-23 14:58:00,1.06,13798.0,United Kingdom
C520053,82599,FANNY'S REST STOPMETAL SIGN,-2,2010-08-23 14:58:00,1.69,13798.0,United Kingdom
C520053,35924,HANGING FAIRY CAKE DECORATION,-5,2010-08-23 14:58:00,1.69,13798.0,United Kingdom
C520053,22064,PINK DOUGHNUT TRINKET POT,-2,2010-08-23 14:58:00,1.45,13798.0,United Kingdom
C520053,21231,SWEETHEART CERAMIC TRINKET BOX,-6,2010-08-23 14:58:00,1.06,13798.0,United Kingdom
C520053,20914,SET/5 RED SPOTTY LID GLASS BOWLS,-1,2010-08-23 14:58:00,2.55,13798.0,United Kingdom
C520057,21312,LARGE CHUNKY GLASS ROMAN BOWL,-5,2010-08-23 15:26:00,1.95,16396.0,United Kingdom
C520057,21383,PACK OF 12 STICKY BUNNIES,-12,2010-08-23 15:26:00,0.65,16396.0,United Kingdom
C520060,21312,LARGE CHUNKY GLASS ROMAN BOWL,-5,2010-08-23 15:51:00,1.95,16396.0,United Kingdom
C520060,21383,PACK OF 12 STICKY BUNNIES,-12,2010-08-23 15:51:00,0.65,16396.0,United Kingdom
C520070,21473,SWEETHEART CREAM STEEL TABLE RECT,-1,2010-08-23 17:08:00,19.95,14329.0,United Kingdom
C520086,72741,GRAND CHOCOLATECANDLE,-5,2010-08-24 10:52:00,1.45,13911.0,United Kingdom
C520086,22501,PICNIC BASKET WICKER LARGE,-2,2010-08-24 10:52:00,9.95,13911.0,United Kingdom
C520087,71053,WHITE METAL LANTERN,-4,2010-08-24 11:02:00,3.75,16299.0,United Kingdom
C520088,21535,RED RETROSPOT SMALL MILK JUG,-1,2010-08-24 11:03:00,2.55,15079.0,United Kingdom
C520089,79320,FLAMINGO LIGHTS,-4,2010-08-24 11:07:00,4.95,14156.0,EIRE
C520089,21527,RED RETROSPOT TRADITIONAL TEAPOT,-1,2010-08-24 11:07:00,7.95,14156.0,EIRE
C520090,22649,STRAWBERRY FAIRY CAKE TEAPOT,-1,2010-08-24 11:09:00,4.95,17865.0,United Kingdom
C520090,22423,REGENCY CAKESTAND 3 TIER,-1,2010-08-24 11:09:00,12.75,17865.0,United Kingdom
C520167,22467,GUMBALL COAT RACK,-2,2010-08-24 12:56:00,2.55,13567.0,United Kingdom
C520177,D,Discount,-1,2010-08-24 13:34:00,18.0,13693.0,United Kingdom
C520180,21159,MOODY BOY  DOOR HANGER,-72,2010-08-24 13:47:00,0.38,17873.0,United Kingdom
C520180,21162,TOXIC AREA  DOOR HANGER,-72,2010-08-24 13:47:00,0.38,17873.0,United Kingdom
C520180,21161,KEEP OUT BOYS DOOR HANGER,-72,2010-08-24 13:47:00,0.38,17873.0,United Kingdom
C520180,21160,KEEP OUT GIRLS DOOR HANGER,-72,2010-08-24 13:47:00,0.38,17873.0,United Kingdom
C520180,21158,MOODY GIRL DOOR HANGER,-72,2010-08-24 13:47:00,0.38,17873.0,United Kingdom
C520180,21163,DO NOT TOUCH MY STUFF DOOR HANGER,-72,2010-08-24 13:47:00,0.38,17873.0,United Kingdom
C520180,21248,DOOR HANGER  MUM + DADS ROOM,-72,2010-08-24 13:47:00,0.38,17873.0,United Kingdom
C520199,85123A,WHITE HANGING HEART T-LIGHT HOLDER,-4,2010-08-24 15:35:00,2.55,17675.0,United Kingdom
C520199,71477,COLOUR GLASS. STAR T-LIGHT HOLDER,-6,2010-08-24 15:35:00,3.25,17675.0,United Kingdom
C520201,22302,COFFEE MUG PEARS  DESIGN,-3,2010-08-24 15:47:00,2.55,15764.0,United Kingdom
C520202,22381,TOY TIDY PINK RETROSPOT,-1,2010-08-24 16:01:00,2.1,12720.0,Germany
C520202,85006,SET 4 NURSERY DES ROUND BOXES,-4,2010-08-24 16:01:00,2.95,12720.0,Germany
C520202,22618,COOKING SET RETROSPOT,-1,2010-08-24 16:01:00,9.95,12720.0,Germany
C520205,22469,HEART OF WICKER SMALL,-120,2010-08-24 16:11:00,1.45,17133.0,United Kingdom
C520205,84755,COLOUR GLASS T-LIGHT HOLDER HANGING,-288,2010-08-24 16:11:00,0.55,17133.0,United Kingdom
C520205,85123A,WHITE HANGING HEART T-LIGHT HOLDER,-320,2010-08-24 16:11:00,2.55,17133.0,United Kingdom
C520205,22464,HANGING METAL HEART LANTERN,-96,2010-08-24 16:11:00,1.45,17133.0,United Kingdom
C520205,22465,HANGING METAL STAR LANTERN,-96,2010-08-24 16:11:00,1.45,17133.0,United Kingdom
C520205,22673,FRENCH GARDEN SIGN BLUE METAL,-96,2010-08-24 16:11:00,1.06,17133.0,United Kingdom
C520205,82582,AREA PATROLLED METAL SIGN,-72,2010-08-24 16:11:00,1.69,17133.0,United Kingdom
C520224,85132A,CHARLIE + LOLA BISCUITS TINS,-1,2010-08-25 10:02:00,9.95,12826.0,United Kingdom
C520298,20786,BLACK RETRO BAR STOOL,-1,2010-08-25 11:35:00,39.95,16985.0,United Kingdom
C520298,22656,VINTAGE BLUE KITCHEN CABINET,-1,2010-08-25 11:35:00,295.0,16985.0,United Kingdom
520321,21312,LARGE CHUNKY GLASS ROMAN BOWL,-45,2010-08-25 12:13:00,0.0,,United Kingdom
520328,85217,ASSORTED ICE CREAM FRIDGE MAGNETS,-170,2010-08-25 12:25:00,0.0,,United Kingdom
C520329,85123A,WHITE HANGING HEART T-LIGHT HOLDER,-1,2010-08-25 12:25:00,2.55,16779.0,United Kingdom
C520329,71477,COLOUR GLASS. STAR T-LIGHT HOLDER,-3,2010-08-25 12:25:00,2.75,16779.0,United Kingdom
C520338,22554,PLASTERS IN TIN WOODLAND ANIMALS,-24,2010-08-25 12:43:00,1.65,13520.0,Switzerland
C520338,22556,PLASTERS IN TIN CIRCUS PARADE,-12,2010-08-25 12:43:00,1.65,13520.0,Switzerland
C520341,22177,5 HOOK BLACKBOARD ORGANISER,-12,2010-08-25 12:58:00,8.5,16019.0,United Kingdom
C520348,47502,POLKADOT CUTLERY 24 PCS IN TRAY,-20,2010-08-25 13:19:00,9.95,16029.0,United Kingdom
C520355,21642,ASSORTED TUTTI FRUTTI PEN,-1,2010-08-25 13:32:00,0.85,15625.0,United Kingdom
C520355,21650,ASSORTED TUTTI FRUTTI BRACELET,-4,2010-08-25 13:32:00,0.65,15625.0,United Kingdom
C520358,35004C,SET OF 3 COLOURED  FLYING DUCKS,-7,2010-08-25 13:35:00,4.65,13777.0,United Kingdom
C520358,15056N,EDWARDIAN PARASOL NATURAL,-2,2010-08-25 13:35:00,4.95,13777.0,United Kingdom
C520358,21232,STRAWBERRY CERAMIC TRINKET BOX,-8,2010-08-25 13:35:00,1.06,13777.0,United Kingdom
C520358,79301,FEATHER HEART LIGHTS,-1,2010-08-25 13:35:00,2.55,13777.0,United Kingdom
C520360,22323,PINK POLKADOT KIDS BAG,-1,2010-08-25 13:40:00,1.95,13154.0,United Kingdom
C520360,22230,JIGSAW TREE WITH WATERING CAN,-1,2010-08-25 13:40:00,0.85,13154.0,United Kingdom
C520360,22236,CAKE STAND 3 TIER MAGIC GARDEN,-1,2010-08-25 13:40:00,12.75,13154.0,United Kingdom
C520385,22138,BAKING SET 9 PIECE RETROSPOT,-4,2010-08-25 15:07:00,4.95,18062.0,United Kingdom
C520386,21231,SWEETHEART CERAMIC TRINKET BOX,-5,2010-08-25 15:12:00,1.25,16186.0,United Kingdom
C520386,21232,STRAWBERRY CERAMIC TRINKET BOX,-3,2010-08-25 15:12:00,1.25,16186.0,United Kingdom
C520386,20711,JUMBO BAG TOYS,-5,2010-08-25 15:12:00,1.95,16186.0,United Kingdom
C520389,21527,RED RETROSPOT TRADITIONAL TEAPOT,-1,2010-08-25 15:25:00,7.95,15091.0,United Kingdom
C520391,22423,REGENCY CAKESTAND 3 TIER,-1,2010-08-25 15:39:00,10.95,15093.0,United Kingdom
C520393,M,Manual,-1,2010-08-25 15:44:00,677.5,16456.0,United Kingdom
C520394,22158,3 HEARTS HANGING DECORATION RUSTIC,-1,2010-08-25 15:51:00,2.95,13479.0,United Kingdom
C520394,22591,CARDHOLDER GINGHAM CHRISTMAS TREE,-1,2010-08-25 15:51:00,2.55,13479.0,United Kingdom
C520394,21807,WHITE CHRISTMAS STAR DECORATION,-1,2010-08-25 15:51:00,0.42,13479.0,United Kingdom
520399,21130,COLOURFUL STANDING GNOME,-17,2010-08-25 16:14:00,0.0,,United Kingdom
C520413,D,Discount,-1,2010-08-26 09:38:00,591.43,15498.0,United Kingdom
C520415,21937,STRAWBERRY   PICNIC BAG,-20,2010-08-26 09:41:00,2.95,17339.0,United Kingdom
C520422,21667,GLASS CAKE COVER AND PLATE,-1,2010-08-26 10:15:00,14.95,13150.0,United Kingdom
520501,84367,LA STREGA CANVAS PICTURE,-24,2010-08-26 12:36:00,0.0,,United Kingdom
C520531,22635,CHILDS BREAKFAST SET DOLLY GIRL,-1,2010-08-26 15:10:00,9.95,12836.0,United Kingdom
C520531,22423,REGENCY CAKESTAND 3 TIER,-1,2010-08-26 15:10:00,12.75,12836.0,United Kingdom
C520531,82486,WOOD S/3 CABINET ANT WHITE FINISH,-1,2010-08-26 15:10:00,7.95,12836.0,United Kingdom
C520541,20675,BLUE SPOTTY BOWL,-8,2010-08-26 16:06:00,1.25,12720.0,Germany
C520541,85006,SET 4 NURSERY DES ROUND BOXES,-2,2010-08-26 16:06:00,2.95,12720.0,Germany
C520542,22423,REGENCY CAKESTAND 3 TIER,-1,2010-08-26 16:08:00,12.75,13485.0,United Kingdom
C520543,20692,FLORAL ELEPHANT SOFT TOY,-1,2010-08-26 16:11:00,4.25,17402.0,United Kingdom
C520556,22325,MOBILE VINTAGE HEARTS,-3,2010-08-26 16:38:00,4.95,14342.0,United Kingdom
C520557,22354,RETROSPOT PADDED SEAT CUSHION,-1,2010-08-26 16:41:00,3.75,17599.0,United Kingdom
C520563,15036,ASSORTED COLOURS SILK FAN,-12,2010-08-26 16:53:00,0.75,,United Kingdom
520573,85070,ANT WHITE SWEETHEART TABLE W 3 DRAW,-1,2010-08-27 09:54:00,0.0,,United Kingdom
C520576,22138,BAKING SET 9 PIECE RETROSPOT,-3,2010-08-27 10:22:00,4.95,17649.0,United Kingdom
C520576,22139,RETRO SPOT TEA SET CERAMIC 11 PC,-3,2010-08-27 10:22:00,4.95,17649.0,United Kingdom
520583,22621,TRADITIONAL KNITTING NANCY,-190,2010-08-27 10:39:00,0.0,,United Kingdom
C520667,BANK CHARGES,Bank Charges,-1,2010-08-27 13:42:00,18910.69,,United Kingdom
C520668,M,Manual,-1,2010-08-27 13:49:00,598.31,,United Kingdom
C520684,S,SAMPLES,-1,2010-08-27 15:48:00,317.94,,United Kingdom
C520725,22371,AIRLINE BAG VINTAGE TOKYO 78,-1,2010-08-29 15:40:00,6.35,16755.0,United Kingdom
C520735,84792,ENCHANTED BIRD COATHANGER 5 HOOK,-1,2010-08-31 09:30:00,4.65,,United Kingdom
520739,21007,ETCHED GLASS DROPLET DECORATION,-121,2010-08-31 10:10:00,0.0,,United Kingdom
C520743,22457,NATURAL SLATE HEART CHALKBOARD,-1,2010-08-31 10:36:00,2.95,13889.0,United Kingdom
C520743,79403,FROSTED WHITE BASE,-13,2010-08-31 10:36:00,0.85,13889.0,United Kingdom
C520749,M,Manual,-1,2010-08-31 11:04:00,1868.56,15480.0,Malta
C520752,21784,SHOE SHINE BOX,-1,2010-08-31 11:13:00,9.95,13884.0,United Kingdom
C520839,22589,CARDHOLDER GINGHAM STAR,-18,2010-08-31 12:43:00,2.55,14646.0,Netherlands
C520839,21156,RETROSPOT CHILDRENS APRON,-22,2010-08-31 12:43:00,1.95,14646.0,Netherlands
C520839,22583,PACK OF 6 HANDBAG GIFT BOXES,-18,2010-08-31 12:43:00,2.55,14646.0,Netherlands
C520839,22582,PACK OF 6 SWEETIE GIFT BOXES,-30,2010-08-31 12:43:00,2.55,14646.0,Netherlands
C520839,22585,PACK OF 6 BIRDY GIFT TAGS,-12,2010-08-31 12:43:00,1.25,14646.0,Netherlands
C520851,POST,POSTAGE,-2,2010-08-31 13:00:00,18.0,12623.0,Germany
520852,22469,HEART OF WICKER SMALL,-198,2010-08-31 13:04:00,0.0,,United Kingdom
C520853,22467,GUMBALL COAT RACK,-1,2010-08-31 13:13:00,2.1,12709.0,Germany
C520853,22242,"HOOK, 5 HANGER , MAGIC TOADSTOOL",-1,2010-08-31 13:13:00,1.65,12709.0,Germany
C520853,20681,PINK SPOTTY CHILDS UMBRELLA,-1,2010-08-31 13:13:00,3.25,12709.0,Germany
C520853,22423,REGENCY CAKESTAND 3 TIER,-3,2010-08-31 13:13:00,10.95,12709.0,Germany
C520888,84033,FLAG OF ST GEORGE,-10,2010-08-31 16:53:00,1.65,17145.0,United Kingdom
C520888,84016,FLAG OF ST GEORGE CAR FLAG,-6,2010-08-31 16:53:00,0.42,17145.0,United Kingdom
C520888,84029G,KNITTED UNION FLAG HOT WATER BOTTLE,-4,2010-08-31 16:53:00,3.75,17145.0,United Kingdom
C520888,21621,VINTAGE UNION JACK BUNTING,-6,2010-08-31 16:53:00,8.5,17145.0,United Kingdom
C520897,85054,FRENCH ENAMEL POT W LID,-3,2010-08-31 17:44:00,2.95,16658.0,United Kingdom
C520897,21773,DECORATIVE ROSE BATHROOM BOTTLE,-12,2010-08-31 17:44:00,1.25,16658.0,United Kingdom
C520897,84279P,CHERRY BLOSSOM  DECORATIVE FLASK,-1,2010-08-31 17:44:00,3.75,16658.0,United Kingdom
C520897,21324,HANGING MEDINA LANTERN SMALL,-5,2010-08-31 17:44:00,2.95,16658.0,United Kingdom
C520897,21232,STRAWBERRY CERAMIC TRINKET BOX,-4,2010-08-31 17:44:00,1.25,16658.0,United Kingdom
C520897,22424,ENAMEL BREAD BIN CREAM,-1,2010-08-31 17:44:00,12.75,16658.0,United Kingdom
C520897,37501,TEA TIME TEA SET IN GIFT BOX,-1,2010-08-31 17:44:00,6.95,16658.0,United Kingdom
C520897,22220,CAKE STAND LOVEBIRD 2 TIER WHITE,-1,2010-08-31 17:44:00,9.95,16658.0,United Kingdom
C520951,90160D,PINK BOUDICCA LARGE BRACELET,-1,2010-09-01 11:33:00,6.95,18009.0,United Kingdom
C520956,21430,SET/3 RED GINGHAM ROSE STORAGE BOX,-3,2010-09-01 12:02:00,3.75,16592.0,United Kingdom
C520957,22423,REGENCY CAKESTAND 3 TIER,-2,2010-09-01 12:03:00,10.95,16700.0,United Kingdom
C520958,22360,GLASS JAR ENGLISH CONFECTIONERY,-1,2010-09-01 12:04:00,2.95,13089.0,United Kingdom
C520958,84949,SILVER HANGING T-LIGHT HOLDER,-4,2010-09-01 12:04:00,1.65,13089.0,United Kingdom
C520959,85099B,JUMBO BAG RED RETROSPOT,-2,2010-09-01 12:06:00,1.95,16168.0,United Kingdom
C520959,20727,LUNCH BAG  BLACK SKULL.,-1,2010-09-01 12:06:00,1.65,16168.0,United Kingdom
C520961,21232,STRAWBERRY CERAMIC TRINKET BOX,-1,2010-09-01 12:12:00,1.25,13650.0,United Kingdom
C520961,22591,CARDHOLDER GINGHAM CHRISTMAS TREE,-5,2010-09-01 12:12:00,2.55,13650.0,United Kingdom
C520962,22435,SET OF 9 HEART SHAPED BALLOONS,-24,2010-09-01 12:15:00,1.25,15980.0,United Kingdom
C520963,22354,RETROSPOT PADDED SEAT CUSHION,-1,2010-09-01 12:17:00,3.75,17599.0,United Kingdom
C520964,22618,COOKING SET RETROSPOT,-1,2010-09-01 12:17:00,9.95,12721.0,France
C520964,22550,HOLIDAY FUN LUDO,-2,2010-09-01 12:17:00,3.75,12721.0,France
C520964,21915,RED  HARMONICA IN BOX,-1,2010-09-01 12:17:00,1.25,12721.0,France
C520964,21156,RETROSPOT CHILDRENS APRON,-3,2010-09-01 12:17:00,1.95,12721.0,France
C520964,22318,FIVE HEART HANGING DECORATION,-3,2010-09-01 12:17:00,2.95,12721.0,France
C520964,22197,SMALL POPCORN HOLDER,-1,2010-09-01 12:17:00,0.85,12721.0,France
C520964,22634,CHILDS BREAKFAST SET SPACEBOY,-1,2010-09-01 12:17:00,9.95,12721.0,France
C520964,21563,RED HEART SHAPE LOVE BUCKET,-1,2010-09-01 12:17:00,2.95,12721.0,France
C520964,22617,BAKING SET SPACEBOY DESIGN,-1,2010-09-01 12:17:00,4.95,12721.0,France
C520965,79301,FEATHER HEART LIGHTS,-1,2010-09-01 12:19:00,2.55,13777.0,United Kingdom
C520965,21232,STRAWBERRY CERAMIC TRINKET BOX,-8,2010-09-01 12:19:00,1.06,13777.0,United Kingdom
C520965,15044A,PINK PAPER PARASOL,-2,2010-09-01 12:19:00,2.55,13777.0,United Kingdom
C520965,35001G,HAND OPEN SHAPE GOLD,-7,2010-09-01 12:19:00,3.39,13777.0,United Kingdom
C520967,85099B,JUMBO BAG RED RETROSPOT,-1,2010-09-01 12:21:00,1.95,18223.0,United Kingdom
C520967,22197,SMALL POPCORN HOLDER,-1,2010-09-01 12:21:00,0.85,18223.0,United Kingdom
C520969,22698,PINK REGENCY TEACUP AND SAUCER,-1,2010-09-01 12:22:00,2.95,16170.0,United Kingdom
C520969,22697,GREEN REGENCY TEACUP AND SAUCER,-1,2010-09-01 12:22:00,2.95,16170.0,United Kingdom
C520969,22301,COFFEE MUG CAT + BIRD DESIGN,-4,2010-09-01 12:22:00,2.55,16170.0,United Kingdom
C520969,22349,"DOG BOWL , CHASING BALL DESIGN",-2,2010-09-01 12:22:00,3.75,16170.0,United Kingdom
C520970,22752,SET 7 BABUSHKA NESTING BOXES,-2,2010-09-01 12:23:00,8.5,12621.0,Germany
C520971,22138,BAKING SET 9 PIECE RETROSPOT,-4,2010-09-01 12:34:00,4.95,12771.0,Portugal
C520975,20728,LUNCH BAG CARS BLUE,-50,2010-09-01 12:52:00,1.45,14156.0,EIRE
C520976,85099F,JUMBO BAG STRAWBERRY,-4,2010-09-01 12:55:00,1.95,15615.0,United Kingdom
C520976,84978,HANGING HEART JAR T-LIGHT HOLDER,-6,2010-09-01 12:55:00,1.25,15615.0,United Kingdom
C520977,22461,SAVOY ART DECO CLOCK,-2,2010-09-01 12:56:00,10.95,13078.0,United Kingdom
C520977,21463,MIRRORED DISCO BALL,-2,2010-09-01 12:56:00,4.95,13078.0,United Kingdom
C520988,85042,ANTIQUE LILY FAIRY LIGHTS,-1,2010-09-01 13:11:00,4.25,17677.0,United Kingdom
C520991,POST,POSTAGE,-1,2010-09-01 13:28:00,1.0,18226.0,United Kingdom
C520991,85092,CANDY SPOT TEA COSY,-24,2010-09-01 13:28:00,1.25,18226.0,United Kingdom
C520993,84782C,GREEN 3 TIER GLASS PLATE STAND,-3,2010-09-01 13:30:00,3.95,13980.0,United Kingdom
C520994,79323B,BLACK CHERRY LIGHTS,-5,2010-09-01 13:32:00,6.75,16670.0,United Kingdom
C520995,20725,LUNCH BAG RED SPOTTY,-1,2010-09-01 13:35:00,1.65,13093.0,United Kingdom
C520995,20914,SET/5 RED SPOTTY LID GLASS BOWLS,-8,2010-09-01 13:35:00,2.55,13093.0,United Kingdom
C520996,21843,RED RETROSPOT CAKE STAND,-2,2010-09-01 13:37:00,10.95,13329.0,United Kingdom
C520997,21843,RED RETROSPOT CAKE STAND,-1,2010-09-01 13:38:00,10.95,15296.0,United Kingdom
C521000,85042,ANTIQUE LILY FAIRY LIGHTS,-12,2010-09-01 13:43:00,4.95,16103.0,United Kingdom
C521005,22138,BAKING SET 9 PIECE RETROSPOT,-3,2010-09-01 14:19:00,4.95,12915.0,United Kingdom
C521005,22423,REGENCY CAKESTAND 3 TIER,-1,2010-09-01 14:19:00,12.75,12915.0,United Kingdom
C521005,21218,RED SPOTTY BISCUIT TIN,-2,2010-09-01 14:19:00,3.75,12915.0,United Kingdom
C521005,85132A,CHARLIE + LOLA BISCUITS TINS,-1,2010-09-01 14:19:00,9.95,12915.0,United Kingdom
C521007,84078A,SET/4 WHITE RETRO STORAGE CUBES,-1,2010-09-01 14:22:00,39.95,17602.0,United Kingdom
C521007,22752,SET 7 BABUSHKA NESTING BOXES,-2,2010-09-01 14:22:00,8.5,17602.0,United Kingdom
C521008,22646,CERAMIC STRAWBERRY CAKE MONEY BANK,-1,2010-09-01 14:23:00,1.45,13534.0,United Kingdom
C521008,22645,CERAMIC HEART FAIRY CAKE MONEY BANK,-2,2010-09-01 14:23:00,1.45,13534.0,United Kingdom
C521009,21231,SWEETHEART CERAMIC TRINKET BOX,-2,2010-09-01 14:35:00,1.25,12997.0,United Kingdom
C521011,22138,BAKING SET 9 PIECE RETROSPOT,-6,2010-09-01 14:40:00,4.95,12519.0,Germany
C521011,22055,MINI CAKE STAND  HANGING STRAWBERY,-1,2010-09-01 14:40:00,1.65,12519.0,Germany
C521013,37495,FAIRY CAKE BIRTHDAY CANDLE SET,-4,2010-09-01 14:55:00,3.75,13024.0,United Kingdom
C521013,22644,CERAMIC CHERRY CAKE MONEY BANK,-2,2010-09-01 14:55:00,1.45,13024.0,United Kingdom
C521013,22637,PIGGY BANK RETROSPOT,-1,2010-09-01 14:55:00,2.55,13024.0,United Kingdom
C521015,22596,CHRISTMAS STAR WISH LIST CHALKBOARD,-2,2010-09-01 14:56:00,0.85,13877.0,United Kingdom
C521016,22488,NATURAL SLATE RECTANGLE CHALKBOARD,-3,2010-09-01 14:58:00,1.65,15240.0,United Kingdom
C521017,22752,SET 7 BABUSHKA NESTING BOXES,-4,2010-09-01 15:04:00,8.5,16133.0,United Kingdom
C521018,22752,SET 7 BABUSHKA NESTING BOXES,-6,2010-09-01 15:06:00,8.5,12802.0,Netherlands
C521020,84534B,FAIRY CAKE NOTEBOOK A5 SIZE,-12,2010-09-01 15:08:00,0.85,16320.0,Unspecified
C521021,22487,WHITE WOOD GARDEN PLANT LADDER,-4,2010-09-01 15:09:00,8.5,16103.0,United Kingdom
C521022,22556,PLASTERS IN TIN CIRCUS PARADE,-3,2010-09-01 15:12:00,1.65,12720.0,Germany
C521022,22555,PLASTERS IN TIN STRONGMAN,-3,2010-09-01 15:12:00,1.65,12720.0,Germany
C521022,22540,MINI JIGSAW CIRCUS PARADE,-2,2010-09-01 15:12:00,0.42,12720.0,Germany
C521022,22551,PLASTERS IN TIN SPACEBOY,-1,2010-09-01 15:12:00,1.65,12720.0,Germany
C521022,22652,TRAVEL SEWING KIT,-6,2010-09-01 15:12:00,1.65,12720.0,Germany
C521022,22654,DELUXE SEWING KIT,-3,2010-09-01 15:12:00,5.95,12720.0,Germany
C521023,35400,WOODEN BOX ADVENT CALENDAR,-1,2010-09-01 15:20:00,8.95,15247.0,United Kingdom
C521039,21843,RED RETROSPOT CAKE STAND,-1,2010-09-02 09:17:00,10.95,15142.0,United Kingdom
C521041,M,Manual,-1,2010-09-02 09:31:00,1055.75,12589.0,France
521042,46000U,POLYESTER FILLER PAD 30CMx30CM,-40,2010-09-02 09:34:00,0.0,,United Kingdom
C521113,22457,NATURAL SLATE HEART CHALKBOARD,-6,2010-09-02 10:56:00,2.95,13648.0,United Kingdom
C521113,85066,CREAM SWEETHEART MINI CHEST,-1,2010-09-02 10:56:00,12.75,13648.0,United Kingdom
C521131,20725,LUNCH BAG RED SPOTTY,-1,2010-09-02 12:49:00,1.65,13564.0,United Kingdom
C521131,22423,REGENCY CAKESTAND 3 TIER,-1,2010-09-02 12:49:00,12.75,13564.0,United Kingdom
C521131,22172,METAL SHELF WITH RAIL,-1,2010-09-02 12:49:00,8.5,13564.0,United Kingdom
C521131,22169,FAMILY ALBUM WHITE PICTURE FRAME,-1,2010-09-02 12:49:00,7.65,13564.0,United Kingdom
C521131,21539,RED RETROSPOT BUTTER DISH,-1,2010-09-02 12:49:00,4.95,13564.0,United Kingdom
C521131,22456,NATURAL SLATE CHALKBOARD LARGE,-1,2010-09-02 12:49:00,4.95,13564.0,United Kingdom
C521155,M,Manual,-1,2010-09-02 13:43:00,130.0,12414.0,Austria
C521158,POST,POSTAGE,-1,2010-09-02 13:53:00,40.0,12414.0,Austria
C521158,17003,BROCADE RING PURSE,-36,2010-09-02 13:53:00,0.21,12414.0,Austria
C521158,85226A,WHITE/BLUE PULL BACK RACING CAR,-24,2010-09-02 13:53:00,0.55,12414.0,Austria
C521158,22421,LIPSTICK PEN FUSCHIA,-24,2010-09-02 13:53:00,0.42,12414.0,Austria
C521158,21829,DINOSAUR KEYRINGS ASSORTED,-36,2010-09-02 13:53:00,0.21,12414.0,Austria
C521158,20974,12 PENCILS SMALL TUBE SKULL,-24,2010-09-02 13:53:00,0.65,12414.0,Austria
C521158,20975,12 PENCILS SMALL TUBE RED SPOTTY,-24,2010-09-02 13:53:00,0.65,12414.0,Austria
C521158,85227,SET OF 6 3D KIT CARDS FOR KIDS,-24,2010-09-02 13:53:00,0.85,12414.0,Austria
C521164,21681,GIANT MEDINA STAMPED METAL BOWL,-1,2010-09-02 14:33:00,9.95,17867.0,United Kingdom
C521164,21684,SMALL MEDINA STAMPED METAL BOWL,-1,2010-09-02 14:33:00,0.85,17867.0,United Kingdom
C521164,22166,"WALL MIRROR , RECT DIAMANTE, PINK/",-1,2010-09-02 14:33:00,7.95,17867.0,United Kingdom
C521164,22102,MIRROR MOSAIC T-LIGHT HOLDER,-1,2010-09-02 14:33:00,1.65,17867.0,United Kingdom
C521164,84766,SILVER ROCOCO CANDLE STICK,-1,2010-09-02 14:33:00,5.95,17867.0,United Kingdom
C521164,22220,CAKE STAND LOVEBIRD 2 TIER WHITE,-1,2010-09-02 14:33:00,9.95,17867.0,United Kingdom
C521164,84945,MULTI COLOUR SILVER T-LIGHT HOLDER,-12,2010-09-02 14:33:00,0.85,17867.0,United Kingdom
C521164,21326,AGED GLASS SILVER T-LIGHT HOLDER,-1,2010-09-02 14:33:00,0.65,17867.0,United Kingdom
C521164,79532,MOSAIC GLASS BALL CANDLEHOLDER,-1,2010-09-02 14:33:00,1.25,17867.0,United Kingdom
C521164,21682,LARGE MEDINA STAMPED METAL BOWL,-1,2010-09-02 14:33:00,4.95,17867.0,United Kingdom
C521164,21331,MOROCCAN BEATEN METAL DISH LARGE,-1,2010-09-02 14:33:00,12.75,17867.0,United Kingdom
C521164,21687,SILVER PLATE CANDLE BOWL LARGE,-1,2010-09-02 14:33:00,3.75,17867.0,United Kingdom
C521164,21695,SMALL SILVER FLOWER CANDLE POT,-1,2010-09-02 14:33:00,2.95,17867.0,United Kingdom
C521164,22101,MIRROR MOSAIC VOTIVE HOLDER,-1,2010-09-02 14:33:00,2.1,17867.0,United Kingdom
C521164,22103,MIRROR MOSAIC T-LIGHT HOLDER ROUND,-1,2010-09-02 14:33:00,1.65,17867.0,United Kingdom
C521164,22105,MIRROR MOSAIC GOBLET CANDLE HOLDER,-1,2010-09-02 14:33:00,4.25,17867.0,United Kingdom
521171,84405A,S/3 PINK COL METAL BASKET W HANDLE,-13,2010-09-02 15:13:00,0.0,,United Kingdom
521198,79000,MOROCCAN TEA GLASS,-700,2010-09-02 17:31:00,0.0,,United Kingdom
C521201,84968A,S/16 VINTAGE ROSE CUTLERY,-24,2010-09-02 17:45:00,10.95,16993.0,United Kingdom
C521218,37503,TEA TIME CAKE STAND IN GIFT BOX,-2,2010-09-03 10:00:00,10.75,16553.0,United Kingdom
C521218,22036,DINOSAUR BIRTHDAY CARD,-17,2010-09-03 10:00:00,0.42,16553.0,United Kingdom
C521228,22457,NATURAL SLATE HEART CHALKBOARD,-1,2010-09-03 10:57:00,2.95,13995.0,United Kingdom
C521228,71459,HANGING JAM JAR T-LIGHT HOLDER,-4,2010-09-03 10:57:00,0.85,13995.0,United Kingdom
C521231,90022,EDWARDIAN DROP EARRINGS JET BLACK,-1,2010-09-03 11:11:00,3.75,,United Kingdom
C521231,90180A,BLACK+WHITE NECKLACE W TASSEL,-1,2010-09-03 11:11:00,9.95,,United Kingdom
C521231,90199A,5 STRAND GLASS NECKLACE BLACK,-1,2010-09-03 11:11:00,6.35,,United Kingdom
C521231,90179C,BLACK FINE BEAD NECKLACE W TASSEL,-1,2010-09-03 11:11:00,5.95,,United Kingdom
C521231,90000B,MIDNIGHT BLUE COPPER FLOWER NECKLAC,-1,2010-09-03 11:11:00,5.95,,United Kingdom
C521231,90166,PINK & WHITE ROSEBUD RING,-1,2010-09-03 11:11:00,4.25,,United Kingdom
C521231,90013C,GREEN VINTAGE EARRINGS,-1,2010-09-03 11:11:00,3.75,,United Kingdom
C521231,90022,EDWARDIAN DROP EARRINGS JET BLACK,-1,2010-09-03 11:11:00,3.75,,United Kingdom
C521231,90001B,ANTIQUE MID BLUE FLOWER EARRINGS,-1,2010-09-03 11:11:00,4.25,,United Kingdom
C521231,90173,PAIR BUTTERFLY HAIR CLIPS,-1,2010-09-03 11:11:00,3.75,,United Kingdom
C521232,22423,REGENCY CAKESTAND 3 TIER,-3,2010-09-03 11:13:00,12.75,16292.0,United Kingdom
C521233,22236,CAKE STAND 3 TIER MAGIC GARDEN,-1,2010-09-03 11:17:00,12.75,13093.0,United Kingdom
C521233,84050,PINK HEART SHAPE EGG FRYING PAN,-1,2010-09-03 11:17:00,1.65,13093.0,United Kingdom
C521233,22501,PICNIC BASKET WICKER LARGE,-3,2010-09-03 11:17:00,9.95,13093.0,United Kingdom
C521233,85123A,WHITE HANGING HEART T-LIGHT HOLDER,-1,2010-09-03 11:17:00,2.95,13093.0,United Kingdom
C521233,22423,REGENCY CAKESTAND 3 TIER,-1,2010-09-03 11:17:00,10.95,13093.0,United Kingdom
C521265,22646,CERAMIC STRAWBERRY CAKE MONEY BANK,-1,2010-09-03 11:30:00,1.45,17049.0,United Kingdom
C521265,21232,STRAWBERRY CERAMIC TRINKET BOX,-2,2010-09-03 11:30:00,1.25,17049.0,United Kingdom
C521265,21231,SWEETHEART CERAMIC TRINKET BOX,-9,2010-09-03 11:30:00,1.25,17049.0,United Kingdom
C521265,37495,FAIRY CAKE BIRTHDAY CANDLE SET,-1,2010-09-03 11:30:00,3.75,17049.0,United Kingdom
C521265,85066,CREAM SWEETHEART MINI CHEST,-1,2010-09-03 11:30:00,12.75,17049.0,United Kingdom
C521303,22170,PICTURE FRAME WOOD TRIPLE PORTRAIT,-1,2010-09-03 11:47:00,6.75,16235.0,United Kingdom
C521303,22430,ENAMEL WATERING CAN CREAM,-1,2010-09-03 11:47:00,4.95,16235.0,United Kingdom
C521303,22169,FAMILY ALBUM WHITE PICTURE FRAME,-2,2010-09-03 11:47:00,8.5,16235.0,United Kingdom
C521303,22424,ENAMEL BREAD BIN CREAM,-1,2010-09-03 11:47:00,12.75,16235.0,United Kingdom
C521303,21361,LOVE LARGE WOOD LETTERS,-1,2010-09-03 11:47:00,12.75,16235.0,United Kingdom
C521309,85027L,FRENCH CHATEAU LARGE PLATTER,-5,2010-09-03 11:49:00,1.95,13468.0,United Kingdom
C521309,22649,STRAWBERRY FAIRY CAKE TEAPOT,-2,2010-09-03 11:49:00,4.95,13468.0,United Kingdom
C521311,22138,BAKING SET 9 PIECE RETROSPOT,-3,2010-09-03 11:52:00,4.95,12450.0,Spain
C521320,21218,RED SPOTTY BISCUIT TIN,-2,2010-09-03 12:14:00,3.75,16094.0,United Kingdom
C521321,22550,HOLIDAY FUN LUDO,-3,2010-09-03 12:15:00,3.75,15759.0,United Kingdom
C521322,21658,GLASS  BEURRE DISH,-1,2010-09-03 12:18:00,3.95,17442.0,United Kingdom
C521323,20914,SET/5 RED SPOTTY LID GLASS BOWLS,-16,2010-09-03 12:20:00,2.55,14045.0,United Kingdom
C521346,72789,BASKET/8 SCENTED LOVE TOKEN CANDLES,-10,2010-09-03 14:07:00,3.75,16289.0,United Kingdom
C521382,85161,ACRYLIC GEOMETRIC LAMP,-1,2010-09-05 12:43:00,18.95,15751.0,United Kingdom
C521468,85097B,BLUE ROCKING SINGING CANARY,-1,2010-09-06 11:52:00,3.75,17841.0,United Kingdom
C521472,21937,STRAWBERRY   PICNIC BAG,-1,2010-09-06 12:12:00,2.95,14680.0,United Kingdom
C521472,22355,CHARLOTTE BAG SUKI DESIGN,-2,2010-09-06 12:12:00,0.85,14680.0,United Kingdom
C521472,20725,LUNCH BAG RED SPOTTY,-4,2010-09-06 12:12:00,1.65,14680.0,United Kingdom
C521474,21232,STRAWBERRY CERAMIC TRINKET BOX,-3,2010-09-06 12:16:00,1.25,14949.0,United Kingdom
C521481,85030,FRENCH CHATEAU OVAL PLATTER,-24,2010-09-06 13:15:00,1.95,12779.0,Poland
C521481,85028L,FRENCH CHATEAU LARGE FRUIT BOWL,-24,2010-09-06 13:15:00,1.25,12779.0,Poland
C521481,21318,GLASS CHALICE BLUE SMALL,-1,2010-09-06 13:15:00,1.65,12779.0,Poland
C521481,21426,WOODLAND STORAGE BOX SMALL,-19,2010-09-06 13:15:00,0.85,12779.0,Poland
C521481,85028S,FRENCH CHATEAU SMALL FRUITBOWL,-36,2010-09-06 13:15:00,1.25,12779.0,Poland
C521481,85027L,FRENCH CHATEAU LARGE PLATTER,-24,2010-09-06 13:15:00,1.95,12779.0,Poland
C521485,22360,GLASS JAR ENGLISH CONFECTIONERY,-6,2010-09-06 13:30:00,2.55,16325.0,United Kingdom
C521487,20990,SPRING FLOWER CHOPSTICKS SET/5,-1,2010-09-06 13:40:00,1.95,13736.0,United Kingdom
521492,35001G,HAND OPEN SHAPE GOLD,-43,2010-09-06 13:46:00,0.0,,United Kingdom
521491,35001W,HAND OPEN SHAPE DECO.WHITE,-39,2010-09-06 13:46:00,0.0,,United Kingdom
C521543,84839,SWEETHEART KEY CABINET,-1,2010-09-06 15:08:00,6.75,13650.0,United Kingdom
521551,84966A,PINK KASHMIRI BOXED MIRROR,-16,2010-09-06 15:56:00,0.0,,United Kingdom
C521552,20803,SMALL PINK GLASS SUNDAE DISH,-6,2010-09-06 16:12:00,1.65,17685.0,United Kingdom
C521573,22269,EGG CUP NATURAL CHICKEN,-1,2010-09-07 12:03:00,1.25,13717.0,United Kingdom
C521644,85170D,SET/6 PINK BIRD T-LIGHT CANDLES,-1,2010-09-07 13:09:00,2.1,14606.0,United Kingdom
C521655,22138,BAKING SET 9 PIECE RETROSPOT,-1,2010-09-07 14:01:00,4.95,12889.0,United Kingdom
C521659,22168,ORGANISER WOOD ANTIQUE WHITE,-1,2010-09-07 14:08:00,8.5,13656.0,United Kingdom
521694,85162A,SILVER RETRODISC LAMPSHADE,-242,2010-09-08 09:56:00,0.0,,United Kingdom
521778,82552,WASHROOM METAL SIGN,-364,2010-09-08 12:40:00,0.0,,United Kingdom
C521789,84946,ANTIQUE SILVER TEA GLASS ETCHED,-72,2010-09-08 13:01:00,1.06,16027.0,United Kingdom
C521802,84907,PINK YELLOW PATCH CUSHION COVER,-1,2010-09-08 14:24:00,7.65,15555.0,United Kingdom
C521802,84919,BLUE CUSHION COVER WITH FLOWER,-1,2010-09-08 14:24:00,6.95,15555.0,United Kingdom
C521814,46000M,POLYESTER FILLER PAD 45x45cm,-20,2010-09-08 15:10:00,1.55,15555.0,United Kingdom
C521818,22352,LUNCH BOX WITH CUTLERY RETROSPOT,-12,2010-09-08 15:57:00,2.55,12440.0,Austria
C521818,20750,RED/WHITE DOT MINI CASES,-2,2010-09-08 15:57:00,7.95,12440.0,Austria
C521818,22138,BAKING SET 9 PIECE RETROSPOT,-9,2010-09-08 15:57:00,4.95,12440.0,Austria
C521842,22138,BAKING SET 9 PIECE RETROSPOT,-36,2010-09-09 10:50:00,4.25,17324.0,United Kingdom
521859,82607A,GLASS BONBON JAR PARFUME AUX FLEURE,-42,2010-09-09 11:00:00,0.0,,United Kingdom
521867,35015,JACOBS LADDER SMALL,-4354,2010-09-09 11:03:00,0.0,,United Kingdom
C521870,M,Manual,-1,2010-09-09 11:19:00,363.71,,United Kingdom
C521872,BANK CHARGES,Bank Charges,-1,2010-09-09 11:21:00,376.81,,United Kingdom
C521885,M,Manual,-1,2010-09-09 11:31:00,168.03,,United Kingdom
C521887,M,Manual,-1,2010-09-09 11:40:00,170.81,,United Kingdom
C521894,47594A,CAROUSEL DESIGN WASHBAG,-6,2010-09-09 12:15:00,1.95,14152.0,United Kingdom
C521918,21843,RED RETROSPOT CAKE STAND,-1,2010-09-09 14:11:00,10.95,16926.0,United Kingdom
C521919,22752,SET 7 BABUSHKA NESTING BOXES,-4,2010-09-09 14:16:00,8.5,12621.0,Germany
521934,21760,FRENCH STYLE WALL DRESSER,-3,2010-09-09 15:56:00,0.0,,United Kingdom
521939,21431,GREEN GINGHAM FLOWER JEWELLERY BOX,-110,2010-09-09 16:33:00,0.0,,United Kingdom
521940,47567B,TEA TIME KITCHEN APRON,-198,2010-09-09 16:35:00,0.0,,United Kingdom
C521943,M,Manual,-1,2010-09-09 16:43:00,445.05,14328.0,United Kingdom
C521956,21527,RED RETROSPOT TRADITIONAL TEAPOT,-1,2010-09-09 18:08:00,7.95,16177.0,United Kingdom
C521956,21232,STRAWBERRY CERAMIC TRINKET BOX,-3,2010-09-09 18:08:00,1.25,16177.0,United Kingdom
C521956,21754,HOME BUILDING BLOCK WORD,-1,2010-09-09 18:08:00,5.95,16177.0,United Kingdom
C521957,22198,LARGE POPCORN HOLDER,-4,2010-09-09 18:13:00,1.45,14156.0,EIRE
C521957,22197,SMALL POPCORN HOLDER,-8,2010-09-09 18:13:00,0.72,14156.0,EIRE
C521959,21658,GLASS  BEURRE DISH,-4,2010-09-09 18:14:00,3.95,16570.0,United Kingdom
C521960,21425,SKULLS STORAGE BOX LARGE,-6,2010-09-09 18:16:00,2.95,14112.0,United Kingdom
C521960,21427,SKULLS STORAGE BOX SMALL,-6,2010-09-09 18:16:00,2.1,14112.0,United Kingdom
C521961,21463,MIRRORED DISCO BALL,-1,2010-09-09 18:17:00,5.95,13078.0,United Kingdom
C521962,21843,RED RETROSPOT CAKE STAND,-1,2010-09-09 18:18:00,10.95,16134.0,United Kingdom
C521963,15044C,PURPLE PAPER PARASOL,-1,2010-09-09 18:20:00,2.95,15077.0,United Kingdom
C521964,21316,SMALL CHUNKY GLASS ROMAN  BOWL,-1,2010-09-09 18:22:00,2.95,13093.0,United Kingdom
C521965,22617,BAKING SET SPACEBOY DESIGN,-1,2010-09-09 18:25:00,4.95,15981.0,United Kingdom
C521965,21791,VINTAGE HEADS AND TAILS CARD GAME,-12,2010-09-09 18:25:00,1.25,15981.0,United Kingdom
C521966,21350,GINGHAM HEART WREATH,-2,2010-09-09 18:31:00,2.95,13787.0,United Kingdom
C521966,21210,SET OF 72 RETRO SPOT PAPER  DOILIES,-2,2010-09-09 18:31:00,1.45,13787.0,United Kingdom
C521966,21352,EUCALYPTUS & PINECONE  WREATH,-1,2010-09-09 18:31:00,6.75,13787.0,United Kingdom
C521966,21732,RED HANGING METAL STAR TLIGHT HLDR,-1,2010-09-09 18:31:00,3.75,13787.0,United Kingdom
C521967,35004C,SET OF 3 COLOURED  FLYING DUCKS,-3,2010-09-09 18:32:00,5.45,16316.0,United Kingdom
C521971,79191C,RETRO PLASTIC ELEPHANT TRAY,-8,2010-09-09 19:31:00,0.85,15861.0,United Kingdom
C521976,21532,DAIRY MAID SUGAR JAM BOWL,-1,2010-09-09 20:02:00,2.1,17884.0,United Kingdom
C521976,22073,RED RETROSPOT STORAGE JAR,-1,2010-09-09 20:02:00,3.75,17884.0,United Kingdom
C521976,21845,DAIRY MAID STRIPE MUG,-2,2010-09-09 20:02:00,2.95,17884.0,United Kingdom
C521981,22606,WOODEN SKITTLES GARDEN SET,-4,2010-09-10 09:46:00,12.75,12615.0,France
C521981,22634,CHILDS BREAKFAST SET SPACEBOY,-2,2010-09-10 09:46:00,9.95,12615.0,France
C521981,22635,CHILDS BREAKFAST SET DOLLY GIRL,-1,2010-09-10 09:46:00,9.95,12615.0,France
C521998,22451,SILK PURSE BABUSHKA RED,-6,2010-09-10 11:07:00,3.35,12921.0,United Kingdom
C521998,22940,FELTCRAFT CHRISTMAS FAIRY,-4,2010-09-10 11:07:00,4.25,12921.0,United Kingdom
C521998,22752,SET 7 BABUSHKA NESTING BOXES,-2,2010-09-10 11:07:00,8.5,12921.0,United Kingdom
C521998,22468,BABUSHKA LIGHTS STRING OF 10,-2,2010-09-10 11:07:00,6.75,12921.0,United Kingdom
C521998,22179,SET 10 LIGHTS NIGHT OWL,-2,2010-09-10 11:07:00,6.75,12921.0,United Kingdom
C521998,22274,FELTCRAFT DOLL EMILY,-6,2010-09-10 11:07:00,2.95,12921.0,United Kingdom
C521998,22750,FELTCRAFT PRINCESS LOLA DOLL,-4,2010-09-10 11:07:00,3.75,12921.0,United Kingdom
C521998,22446,PIN CUSHION RUSSIAN DOLL PINK,-6,2010-09-10 11:07:00,3.35,12921.0,United Kingdom
C521998,22584,PACK OF 6 PANNETONE GIFT BOXES,-12,2010-09-10 11:07:00,2.55,12921.0,United Kingdom
C521998,22271,FELTCRAFT DOLL ROSIE,-6,2010-09-10 11:07:00,2.95,12921.0,United Kingdom
C521998,22453,MEASURING TAPE BABUSHKA BLUE,-6,2010-09-10 11:07:00,2.95,12921.0,United Kingdom
C521998,22557,PLASTERS IN TIN VINTAGE PAISLEY,-12,2010-09-10 11:07:00,1.65,12921.0,United Kingdom
C521998,20971,PINK BLUE FELT CRAFT TRINKET BOX,-12,2010-09-10 11:07:00,1.25,12921.0,United Kingdom
C521998,22450,SILK PURSE RUSSIAN DOLL BLUE,-6,2010-09-10 11:07:00,3.35,12921.0,United Kingdom
C521998,21588,RETRO SPOT GIANT  TUBE MATCHES,-12,2010-09-10 11:07:00,2.55,12921.0,United Kingdom
C521998,21731,RED TOADSTOOL LED NIGHT LIGHT,-12,2010-09-10 11:07:00,1.65,12921.0,United Kingdom
C521998,20972,PINK CREAM FELT CRAFT TRINKET BOX,-12,2010-09-10 11:07:00,1.25,12921.0,United Kingdom
C521998,22466,FAIRY TALE COTTAGE NIGHTLIGHT,-12,2010-09-10 11:07:00,1.95,12921.0,United Kingdom
C521998,22318,FIVE HEART HANGING DECORATION,-6,2010-09-10 11:07:00,2.95,12921.0,United Kingdom
C521998,22449,SILK PURSE RUSSIAN DOLL PINK,-6,2010-09-10 11:07:00,3.35,12921.0,United Kingdom
C521998,22447,PIN CUSHION RUSSIAN DOLL BLUE,-6,2010-09-10 11:07:00,3.35,12921.0,United Kingdom
C521998,22454,MEASURING TAPE BABUSHKA RED,-6,2010-09-10 11:07:00,2.95,12921.0,United Kingdom
C521998,22492,MINI PAINT SET VINTAGE,-12,2010-09-10 11:07:00,0.65,12921.0,United Kingdom
C521998,22551,PLASTERS IN TIN SPACEBOY,-12,2010-09-10 11:07:00,1.65,12921.0,United Kingdom
C521998,22561,WOODEN SCHOOL COLOURING SET,-12,2010-09-10 11:07:00,1.65,12921.0,United Kingdom
C521998,22585,PACK OF 6 BIRDY GIFT TAGS,-12,2010-09-10 11:07:00,1.25,12921.0,United Kingdom
C521998,22448,PIN CUSHION BABUSHKA RED,-6,2010-09-10 11:07:00,3.35,12921.0,United Kingdom
C521998,22452,MEASURING TAPE BABUSHKA PINK,-6,2010-09-10 11:07:00,2.95,12921.0,United Kingdom
C521998,21587,COSY HOUR GIANT TUBE MATCHES,-6,2010-09-10 11:07:00,2.55,12921.0,United Kingdom
C522044,22656,VINTAGE BLUE KITCHEN CABINET,-1,2010-09-10 13:29:00,295.0,15809.0,United Kingdom
C522067,22423,REGENCY CAKESTAND 3 TIER,-16,2010-09-10 16:46:00,10.95,13965.0,United Kingdom
C522099,21527,RED RETROSPOT TRADITIONAL TEAPOT,-1,2010-09-12 13:54:00,7.95,13148.0,United Kingdom
C522147,22487,WHITE WOOD GARDEN PLANT LADDER,-1,2010-09-13 10:40:00,9.95,15719.0,United Kingdom
C522147,22077,6 RIBBONS RUSTIC CHARM,-1,2010-09-13 10:40:00,1.65,15719.0,United Kingdom
C522147,22487,WHITE WOOD GARDEN PLANT LADDER,-1,2010-09-13 10:40:00,9.95,15719.0,United Kingdom
C522147,22077,6 RIBBONS RUSTIC CHARM,-1,2010-09-13 10:40:00,1.65,15719.0,United Kingdom
C522149,72815,3 WICK CHRISTMAS BRIAR CANDLE,-2,2010-09-13 10:43:00,3.75,13250.0,United Kingdom
C522151,22423,REGENCY CAKESTAND 3 TIER,-1,2010-09-13 10:45:00,12.75,14229.0,United Kingdom
C522151,85054,FRENCH ENAMEL POT W LID,-1,2010-09-13 10:45:00,2.95,14229.0,United Kingdom
C522153,22666,RECIPE BOX PANTRY YELLOW DESIGN,-2,2010-09-13 10:47:00,2.95,14739.0,United Kingdom
C522154,20785,FUSCHIA RETRO BAR STOOL,-1,2010-09-13 10:48:00,39.95,16985.0,United Kingdom
522155,84990,60 GOLD AND SILVER FAIRY CAKE CASES,-575,2010-09-13 10:49:00,0.0,,United Kingdom
C522157,21232,STRAWBERRY CERAMIC TRINKET BOX,-2,2010-09-13 10:52:00,1.25,16159.0,United Kingdom
C522158,21527,RED RETROSPOT TRADITIONAL TEAPOT,-2,2010-09-13 10:58:00,7.95,14147.0,United Kingdom
C522159,22269,EGG CUP NATURAL CHICKEN,-1,2010-09-13 11:01:00,1.25,13717.0,United Kingdom
C522161,22138,BAKING SET 9 PIECE RETROSPOT,-3,2010-09-13 11:02:00,4.95,12889.0,United Kingdom
C522162,85123A,WHITE HANGING HEART T-LIGHT HOLDER,-6,2010-09-13 11:03:00,2.95,13203.0,United Kingdom
C522163,84849A,HELLO SAILOR BLUE SOAP HOLDER,-3,2010-09-13 11:04:00,1.69,17213.0,United Kingdom
C522164,84970S,HANGING HEART ZINC T-LIGHT HOLDER,-2,2010-09-13 11:12:00,0.85,14499.0,United Kingdom
C522165,M,Manual,-1,2010-09-13 11:13:00,19.2,13027.0,United Kingdom
C522167,22198,LARGE POPCORN HOLDER,-2,2010-09-13 11:21:00,1.65,13901.0,United Kingdom
C522167,22697,GREEN REGENCY TEACUP AND SAUCER,-1,2010-09-13 11:21:00,2.95,13901.0,United Kingdom
C522167,22698,PINK REGENCY TEACUP AND SAUCER,-1,2010-09-13 11:21:00,2.95,13901.0,United Kingdom
C522168,47594B,SCOTTIES DESIGN WASHBAG,-2,2010-09-13 11:22:00,1.95,14911.0,EIRE
C522168,79320,FLAMINGO LIGHTS,-1,2010-09-13 11:22:00,4.95,14911.0,EIRE
C522173,22634,CHILDS BREAKFAST SET SPACEBOY,-1,2010-09-13 11:44:00,9.95,12683.0,France
C522173,22423,REGENCY CAKESTAND 3 TIER,-1,2010-09-13 11:44:00,12.75,12683.0,France
522194,21540,DAIRY MAID CERAMIC BUTTER DISH,-28,2010-09-13 11:54:00,0.0,,United Kingdom
C522268,22221,CAKE STAND LOVEBIRD 2 TIER PINK,-1,2010-09-13 12:34:00,9.95,12471.0,Germany
C522280,22138,BAKING SET 9 PIECE RETROSPOT,-1,2010-09-13 12:55:00,4.95,17841.0,United Kingdom
C522303,POST,POSTAGE,-1,2010-09-13 15:04:00,18.0,12530.0,Germany
C522326,82482,WOODEN PICTURE FRAME WHITE FINISH,-6,2010-09-13 15:54:00,2.55,17454.0,United Kingdom
C522420,20681,PINK SPOTTY CHILDS UMBRELLA,-1,2010-09-14 12:44:00,3.25,12474.0,Germany
C522420,20682,RED SPOTTY CHILDS UMBRELLA,-2,2010-09-14 12:44:00,3.25,12474.0,Germany
C522438,D,Discount,-1,2010-09-14 14:10:00,9.9,15901.0,United Kingdom
C522441,D,Discount,-1,2010-09-14 14:17:00,9.09,15901.0,United Kingdom
C522448,37501,TEA TIME TEA SET IN GIFT BOX,-2,2010-09-14 14:47:00,6.95,12733.0,USA
C522448,22423,REGENCY CAKESTAND 3 TIER,-2,2010-09-14 14:47:00,12.75,12733.0,USA
C522448,21843,RED RETROSPOT CAKE STAND,-1,2010-09-14 14:47:00,10.95,12733.0,USA
C522448,21527,RED RETROSPOT TRADITIONAL TEAPOT,-3,2010-09-14 14:47:00,7.95,12733.0,USA
C522473,21713,CITRONELLA CANDLE FLOWERPOT,-48,2010-09-15 10:40:00,1.85,16656.0,United Kingdom
C522475,21713,CITRONELLA CANDLE FLOWERPOT,-9,2010-09-15 10:43:00,0.85,16656.0,United Kingdom
C522510,22375,AIRLINE BAG VINTAGE JET SET BROWN,-1,2010-09-15 11:31:00,4.25,15527.0,United Kingdom
C522510,85099F,JUMBO BAG STRAWBERRY,-1,2010-09-15 11:31:00,1.95,15527.0,United Kingdom
C522512,22377,BOTTLE BAG RETROSPOT,-6,2010-09-15 11:34:00,2.1,16940.0,United Kingdom
522587,85224,ASSORTED COLOUR SILK GLASSES CASE,-500,2010-09-15 12:37:00,0.0,,United Kingdom
C522607,84247E,PACK/12 XMAS FUN CARD,-11,2010-09-15 13:47:00,2.95,16005.0,United Kingdom
C522613,22353,LUNCH BOX WITH CUTLERY FAIRY CAKES,-1,2010-09-15 14:44:00,2.55,17589.0,United Kingdom
C522613,21331,MOROCCAN BEATEN METAL DISH LARGE,-2,2010-09-15 14:44:00,12.75,17589.0,United Kingdom
C522613,22184,CAKE STAND VICTORIAN FILIGREE LARGE,-1,2010-09-15 14:44:00,8.5,17589.0,United Kingdom
C522613,21658,GLASS  BEURRE DISH,-2,2010-09-15 14:44:00,3.95,17589.0,United Kingdom
C522613,22647,CERAMIC LOVE HEART MONEY BANK,-8,2010-09-15 14:44:00,1.45,17589.0,United Kingdom
C522613,22171,3 HOOK PHOTO SHELF ANTIQUE WHITE,-2,2010-09-15 14:44:00,8.5,17589.0,United Kingdom
C522613,21317,GLASS SPHERE CANDLE STAND MEDIUM,-1,2010-09-15 14:44:00,5.45,17589.0,United Kingdom
C522616,22851,SET 20 NAPKINS FAIRY CAKES DESIGN,-64,2010-09-15 14:51:00,0.85,15372.0,United Kingdom
C522632,M,Manual,-24,2010-09-16 09:41:00,0.44,16422.0,United Kingdom
C522633,22754,SMALL RED BABUSHKA NOTEBOOK,-12,2010-09-16 09:42:00,0.85,12748.0,United Kingdom
C522633,22753,SMALL YELLOW BABUSHKA NOTEBOOK,-12,2010-09-16 09:42:00,0.85,12748.0,United Kingdom
C522633,22489,PACK OF 12 TRADITIONAL CRAYONS,-24,2010-09-16 09:42:00,0.42,12748.0,United Kingdom
C522633,22561,WOODEN SCHOOL COLOURING SET,-12,2010-09-16 09:42:00,1.65,12748.0,United Kingdom
C522633,22755,SMALL PURPLE BABUSHKA NOTEBOOK,-12,2010-09-16 09:42:00,0.85,12748.0,United Kingdom
C522633,22758,LARGE PURPLE BABUSHKA NOTEBOOK,-12,2010-09-16 09:42:00,1.25,12748.0,United Kingdom
C522633,22752,SET 7 BABUSHKA NESTING BOXES,-2,2010-09-16 09:42:00,8.5,12748.0,United Kingdom
C522633,22758,LARGE PURPLE BABUSHKA NOTEBOOK,-12,2010-09-16 09:42:00,1.25,12748.0,United Kingdom
C522633,22756,LARGE YELLOW BABUSHKA NOTEBOOK,-12,2010-09-16 09:42:00,1.25,12748.0,United Kingdom
C522643,22423,REGENCY CAKESTAND 3 TIER,-1,2010-09-16 10:32:00,10.95,13113.0,United Kingdom
C522643,22059,CERAMIC STRWBERRY DESIGN MUG,-1,2010-09-16 10:32:00,1.49,13113.0,United Kingdom
C522643,22501,PICNIC BASKET WICKER LARGE,-4,2010-09-16 10:32:00,8.5,13113.0,United Kingdom
C522643,22694,WICKER STAR,-1,2010-09-16 10:32:00,2.1,13113.0,United Kingdom
C522709,79067,CORONA MEXICAN TRAY,-2,2010-09-16 11:33:00,3.75,16133.0,United Kingdom
C522713,22245,"HOOK, 1 HANGER ,MAGIC GARDEN",-7,2010-09-16 11:49:00,0.85,12472.0,Germany
C522713,22242,"HOOK, 5 HANGER , MAGIC TOADSTOOL",-8,2010-09-16 11:49:00,1.65,12472.0,Germany
C522713,21731,RED TOADSTOOL LED NIGHT LIGHT,-6,2010-09-16 11:49:00,1.65,12472.0,Germany
C522713,20723,STRAWBERRY CHARLOTTE BAG,-1,2010-09-16 11:49:00,0.85,12472.0,Germany
C522713,20728,LUNCH BAG CARS BLUE,-2,2010-09-16 11:49:00,1.65,12472.0,Germany
C522713,21559,STRAWBERRY LUNCH BOX WITH CUTLERY,-1,2010-09-16 11:49:00,2.55,12472.0,Germany
C522713,22355,CHARLOTTE BAG SUKI DESIGN,-2,2010-09-16 11:49:00,0.85,12472.0,Germany
C522713,85049F,BABY BOOM RIBBONS,-1,2010-09-16 11:49:00,1.25,12472.0,Germany
C522713,22045,SPACEBOY GIFT WRAP,-5,2010-09-16 11:49:00,0.42,12472.0,Germany
C522713,21668,RED STRIPE CERAMIC DRAWER KNOB,-2,2010-09-16 11:49:00,1.25,12472.0,Germany
C522714,21258,VICTORIAN SEWING BOX LARGE,-1,2010-09-16 11:53:00,12.75,15291.0,United Kingdom
C522714,21671,RED SPOT CERAMIC DRAWER KNOB,-1,2010-09-16 11:53:00,1.25,15291.0,United Kingdom
C522714,22189,CREAM HEART CARD HOLDER,-1,2010-09-16 11:53:00,3.95,15291.0,United Kingdom
C522715,72750B,FLOWER FAIRY SET 3 CANDLES LAVENDER,-8,2010-09-16 11:55:00,1.95,17422.0,United Kingdom
C522716,72802A,ROSE SCENT CANDLE IN JEWELLED BOX,-1,2010-09-16 11:56:00,4.25,15194.0,United Kingdom
C522716,22154,ANGEL DECORATION 3 BUTTONS,-4,2010-09-16 11:56:00,0.42,15194.0,United Kingdom
C522716,22155,STAR DECORATION RUSTIC,-1,2010-09-16 11:56:00,0.42,15194.0,United Kingdom
C522717,21349,IVY HEART WREATH,-4,2010-09-16 12:03:00,6.75,13479.0,United Kingdom
C522718,21314,SMALL GLASS HEART TRINKET POT,-3,2010-09-16 12:04:00,2.1,16218.0,United Kingdom
C522718,82607A,GLASS BONBON JAR PARFUME AUX FLEURE,-4,2010-09-16 12:04:00,1.25,16218.0,United Kingdom
C522722,M,Manual,-1,2010-09-16 12:20:00,75.19,12482.0,Sweden
C522724,22650,CERAMIC PIRATE CHEST MONEY BANK,-12,2010-09-16 12:37:00,1.45,15639.0,United Kingdom
C522732,85183B,CHARLIE & LOLA WASTEPAPER BIN FLORA,-4,2010-09-16 12:44:00,3.75,17612.0,United Kingdom
C522732,85049A,TRADITIONAL CHRISTMAS RIBBONS,-2,2010-09-16 12:44:00,1.25,17612.0,United Kingdom
C522732,22605,WOODEN CROQUET GARDEN SET,-1,2010-09-16 12:44:00,14.95,17612.0,United Kingdom
C522732,21333,CLASSIC WHITE FRAME,-3,2010-09-16 12:44:00,2.95,17612.0,United Kingdom
C522734,20684,STRAWBERRY DREAM CHILDS UMBRELLA,-1,2010-09-16 12:55:00,3.25,12474.0,Germany
C522734,20681,PINK SPOTTY CHILDS UMBRELLA,-1,2010-09-16 12:55:00,3.25,12474.0,Germany
C522735,22675,FRENCH KITCHEN SIGN BLUE METAL,-1,2010-09-16 12:56:00,1.25,14625.0,United Kingdom
C522735,22665,RECIPE BOX BLUE SKETCHBOOK DESIGN,-1,2010-09-16 12:56:00,2.95,14625.0,United Kingdom
C522736,21238,RED SPOTTY CUP,-1,2010-09-16 12:57:00,0.85,15521.0,United Kingdom
C522737,22361,GLASS JAR DAISY FRESH COTTON WOOL,-4,2010-09-16 13:02:00,2.95,16218.0,United Kingdom
C522741,47594B,SCOTTIES DESIGN WASHBAG,-1,2010-09-16 13:07:00,1.95,14963.0,United Kingdom
C522741,47594A,CAROUSEL DESIGN WASHBAG,-2,2010-09-16 13:07:00,1.95,14963.0,United Kingdom
C522743,M,Manual,-1,2010-09-16 13:08:00,10.3,14527.0,United Kingdom
C522746,21923,RED/CREAM STRIPE FRINGE HAMMOCK,-1,2010-09-16 13:14:00,7.95,14527.0,United Kingdom
C522752,22423,REGENCY CAKESTAND 3 TIER,-2,2010-09-16 13:33:00,12.75,16705.0,United Kingdom
C522752,82483,WOOD 2 DRAWER CABINET WHITE FINISH,-3,2010-09-16 13:33:00,5.95,16705.0,United Kingdom
C522755,D,Discount,-324,2010-09-16 13:35:00,0.5,18102.0,United Kingdom
C522757,85123A,WHITE HANGING HEART T-LIGHT HOLDER,-3,2010-09-16 13:38:00,2.55,14852.0,United Kingdom
C522762,84950,ASSORTED COLOUR T-LIGHT HOLDER,-4,2010-09-16 13:51:00,0.65,12921.0,United Kingdom
C522762,84950,ASSORTED COLOUR T-LIGHT HOLDER,-5,2010-09-16 13:51:00,0.65,12921.0,United Kingdom
C522764,22505,MEMO BOARD COTTAGE DESIGN,-4,2010-09-16 13:53:00,4.95,18075.0,United Kingdom
C522765,22349,"DOG BOWL , CHASING BALL DESIGN",-1,2010-09-16 13:56:00,3.75,13615.0,United Kingdom
C522793,M,Manual,-1,2010-09-16 14:53:00,10468.8,14063.0,United Kingdom
C522795,M,Manual,-1,2010-09-16 15:09:00,2769.9,14063.0,United Kingdom
C522800,22360,GLASS JAR ENGLISH CONFECTIONERY,-4,2010-09-16 15:38:00,2.95,16756.0,United Kingdom
C522800,84978,HANGING HEART JAR T-LIGHT HOLDER,-1,2010-09-16 15:38:00,1.25,16756.0,United Kingdom
522804,82582,AREA PATROLLED METAL SIGN,-1200,2010-09-16 16:35:00,0.0,,United Kingdom
C522818,84568,GIRLS ALPHABET IRON ON PATCHES,-288,2010-09-16 19:58:00,0.21,18041.0,United Kingdom
C522827,22698,PINK REGENCY TEACUP AND SAUCER,-1,2010-09-17 10:19:00,2.95,13324.0,United Kingdom
C522827,22697,GREEN REGENCY TEACUP AND SAUCER,-5,2010-09-17 10:19:00,2.95,13324.0,United Kingdom
C522830,22360,GLASS JAR ENGLISH CONFECTIONERY,-4,2010-09-17 10:25:00,2.95,13784.0,United Kingdom
C522830,84978,HANGING HEART JAR T-LIGHT HOLDER,-1,2010-09-17 10:25:00,1.25,13784.0,United Kingdom
C522832,15036,ASSORTED COLOURS SILK FAN,-24,2010-09-17 10:28:00,0.75,16670.0,United Kingdom
C522832,22486,PLASMATRONIC LAMP,-1,2010-09-17 10:28:00,12.75,16670.0,United Kingdom
C522832,82483,WOOD 2 DRAWER CABINET WHITE FINISH,-2,2010-09-17 10:28:00,5.95,16670.0,United Kingdom
C522832,22423,REGENCY CAKESTAND 3 TIER,-1,2010-09-17 10:28:00,12.75,16670.0,United Kingdom
C522834,22423,REGENCY CAKESTAND 3 TIER,-1,2010-09-17 10:32:00,12.75,16652.0,United Kingdom
C522834,21528,DAIRY MAID TRADITIONAL TEAPOT,-1,2010-09-17 10:32:00,6.95,16652.0,United Kingdom
C522836,85129D,BEADED CRYSTAL HEART PINK SMALL,-1,2010-09-17 10:39:00,1.25,13304.0,United Kingdom
C522836,85118,HEART T-LIGHT HOLDER,-3,2010-09-17 10:39:00,1.25,13304.0,United Kingdom
C522836,21291,SMALL SPOTTY CHOCOLATE GIFT BAG,-16,2010-09-17 10:39:00,0.85,13304.0,United Kingdom
C522837,22423,REGENCY CAKESTAND 3 TIER,-1,2010-09-17 10:41:00,12.75,12949.0,United Kingdom
C522838,85034C,3 ROSE MORRIS BOXED CANDLES,-3,2010-09-17 10:42:00,4.25,16735.0,United Kingdom
C522840,22666,RECIPE BOX PANTRY YELLOW DESIGN,-1,2010-09-17 10:47:00,2.95,13863.0,United Kingdom
C522840,22236,CAKE STAND 3 TIER MAGIC GARDEN,-1,2010-09-17 10:47:00,12.75,13863.0,United Kingdom
C522841,22596,CHRISTMAS STAR WISH LIST CHALKBOARD,-2,2010-09-17 10:49:00,0.85,13769.0,United Kingdom
C522842,22617,BAKING SET SPACEBOY DESIGN,-1,2010-09-17 10:53:00,4.95,12598.0,France
C522843,22423,REGENCY CAKESTAND 3 TIER,-1,2010-09-17 10:55:00,12.75,13317.0,United Kingdom
C522843,22628,PICNIC BOXES SET OF 3 RETROSPOT,-1,2010-09-17 10:55:00,4.95,13317.0,United Kingdom
C522843,21210,SET OF 72 RETRO SPOT PAPER  DOILIES,-2,2010-09-17 10:55:00,1.45,13317.0,United Kingdom
C522843,22072,RED RETROSPOT TEA CUP AND SAUCER,-1,2010-09-17 10:55:00,3.75,13317.0,United Kingdom
C522843,85042,ANTIQUE LILY FAIRY LIGHTS,-8,2010-09-17 10:55:00,4.25,13317.0,United Kingdom
C522843,82486,WOOD S/3 CABINET ANT WHITE FINISH,-1,2010-09-17 10:55:00,7.95,13317.0,United Kingdom
C522843,85066,CREAM SWEETHEART MINI CHEST,-1,2010-09-17 10:55:00,12.75,13317.0,United Kingdom
C522844,21705,BAG 500g SWIRLY MARBLES,-1,2010-09-17 10:57:00,1.65,13769.0,United Kingdom
C522845,22236,CAKE STAND 3 TIER MAGIC GARDEN,-1,2010-09-17 11:00:00,12.75,17147.0,United Kingdom
C522845,22211,WOOD STAMP SET FLOWERS,-1,2010-09-17 11:00:00,1.65,17147.0,United Kingdom
C522845,22423,REGENCY CAKESTAND 3 TIER,-1,2010-09-17 11:00:00,12.75,17147.0,United Kingdom
C522846,22487,WHITE WOOD GARDEN PLANT LADDER,-1,2010-09-17 11:02:00,9.95,13050.0,United Kingdom
C522848,22464,HANGING METAL HEART LANTERN,-2,2010-09-17 11:05:00,1.65,15092.0,United Kingdom
C522849,22461,SAVOY ART DECO CLOCK,-1,2010-09-17 11:17:00,12.75,14334.0,United Kingdom
C522850,22550,HOLIDAY FUN LUDO,-1,2010-09-17 11:19:00,3.75,15759.0,United Kingdom
C522851,22198,LARGE POPCORN HOLDER,-8,2010-09-17 11:20:00,1.65,14911.0,EIRE
C522852,22360,GLASS JAR ENGLISH CONFECTIONERY,-5,2010-09-17 11:21:00,2.95,17735.0,United Kingdom
C522853,84880,WHITE WIRE EGG HOLDER,-1,2010-09-17 11:24:00,5.95,16150.0,United Kingdom
C522853,21534,DAIRY MAID LARGE MILK JUG,-2,2010-09-17 11:24:00,4.95,16150.0,United Kingdom
C522853,85123A,WHITE HANGING HEART T-LIGHT HOLDER,-1,2010-09-17 11:24:00,2.55,16150.0,United Kingdom
C522853,21333,CLASSIC WHITE FRAME,-1,2010-09-17 11:24:00,2.95,16150.0,United Kingdom
C522853,71038,WHITE HANGING BEADS CANDLE HOLDER,-2,2010-09-17 11:24:00,5.45,16150.0,United Kingdom
C522853,21777,RECIPE BOX WITH METAL HEART,-1,2010-09-17 11:24:00,7.95,16150.0,United Kingdom
C522853,22073,RED RETROSPOT STORAGE JAR,-1,2010-09-17 11:24:00,3.75,16150.0,United Kingdom
C522854,21917,SET 12 KIDS  WHITE CHALK STICKS,-2,2010-09-17 11:26:00,0.42,13384.0,United Kingdom
C522854,85176,SEWING SUSAN 21 NEEDLE SET,-1,2010-09-17 11:26:00,0.85,13384.0,United Kingdom
C522854,22423,REGENCY CAKESTAND 3 TIER,-1,2010-09-17 11:26:00,12.75,13384.0,United Kingdom
C522857,D,Discount,-1,2010-09-17 11:29:00,90.0,,United Kingdom
C522870,21231,SWEETHEART CERAMIC TRINKET BOX,-3,2010-09-17 11:44:00,1.25,12921.0,United Kingdom
C522905,POST,POSTAGE,-1,2010-09-17 12:49:00,2.75,,United Kingdom
C522915,M,Manual,-1,2010-09-17 13:57:00,280.91,15911.0,United Kingdom
C522928,BANK CHARGES,Bank Charges,-1,2010-09-17 14:37:00,15.0,17032.0,United Kingdom
C522937,22086,PAPER CHAIN KIT 50'S CHRISTMAS,-120,2010-09-17 15:21:00,2.1,,United Kingdom
C522945,22442,GROW YOUR OWN FLOWERS SET OF 3,-1,2010-09-17 16:06:00,7.95,15867.0,United Kingdom
C522951,21659,GLASS CAKE STAND,-1,2010-09-19 11:21:00,14.95,13617.0,United Kingdom
C523031,21871,SAVE THE PLANET MUG,-3,2010-09-20 11:48:00,1.25,12708.0,Germany
C523031,22203,MILK PAN RED RETROSPOT,-1,2010-09-20 11:48:00,3.75,12708.0,Germany
C523037,POST,POSTAGE,-1,2010-09-20 11:50:00,18.0,12437.0,France
C523076,48188,DOOR MAT WELCOME PUPPIES,-2,2010-09-20 12:09:00,7.95,16919.0,United Kingdom
C523076,48185,DOOR MAT FAIRY CAKE,-2,2010-09-20 12:09:00,7.95,16919.0,United Kingdom
C523107,84405A,S/3 PINK COL METAL BASKET W HANDLE,-1,2010-09-20 12:26:00,12.75,16919.0,United Kingdom
C523119,79160,HEART SHAPE WIRELESS DOORBELL,-1,2010-09-20 13:03:00,2.1,17841.0,United Kingdom
C523119,51020B,STRIPY DESIGN SHOWER CAP,-1,2010-09-20 13:03:00,0.29,17841.0,United Kingdom
C523147,22138,BAKING SET 9 PIECE RETROSPOT,-14,2010-09-20 14:43:00,4.25,17457.0,United Kingdom
C523151,21987,PACK OF 6 SKULL PAPER CUPS,-192,2010-09-20 14:56:00,0.35,16754.0,United Kingdom
C523153,20865,PATCHWORK PENCIL CASE BUTTERFLY,-81,2010-09-20 15:00:00,1.77,16754.0,United Kingdom
C523153,47590A,BLUE HAPPY BIRTHDAY BUNTING,-100,2010-09-20 15:00:00,4.65,16754.0,United Kingdom
C523158,22752,SET 7 BABUSHKA NESTING BOXES,-12,2010-09-20 15:17:00,8.5,16133.0,United Kingdom
C523159,M,Manual,-1,2010-09-20 15:19:00,68.44,14906.0,United Kingdom
C523169,21326,AGED GLASS SILVER T-LIGHT HOLDER,-36,2010-09-20 15:39:00,0.65,16947.0,United Kingdom
C523171,M,Manual,-1,2010-09-20 15:54:00,229.46,17284.0,United Kingdom
C523174,84789,ENCHANTED BIRD PLANT CAGE,-1,2010-09-20 15:58:00,3.75,15722.0,United Kingdom
C523174,21257,VICTORIAN SEWING BOX MEDIUM,-1,2010-09-20 15:58:00,7.95,15722.0,United Kingdom
C523174,72807A,SET/3 ROSE CANDLE IN JEWELLED BOX,-1,2010-09-20 15:58:00,4.25,15722.0,United Kingdom
C523177,M,Manual,-1,2010-09-20 16:21:00,224.58,17284.0,United Kingdom
C523178,M,Manual,-1,2010-09-20 16:22:00,229.46,,United Kingdom
C523183,M,Manual,-1,2010-09-20 16:33:00,66.98,14906.0,United Kingdom
C523184,M,Manual,-1,2010-09-20 16:35:00,68.44,,United Kingdom
C523187,M,Manual,-1,2010-09-20 16:48:00,413.28,14156.0,EIRE
C523281,22551,PLASTERS IN TIN SPACEBOY,-12,2010-09-21 11:46:00,1.65,16886.0,United Kingdom
C523281,22557,PLASTERS IN TIN VINTAGE PAISLEY,-12,2010-09-21 11:46:00,1.65,16886.0,United Kingdom
C523281,21428,SET3 BOOK BOX GREEN GINGHAM FLOWER,-4,2010-09-21 11:46:00,4.25,16886.0,United Kingdom
C523281,21430,SET/3 RED GINGHAM ROSE STORAGE BOX,-4,2010-09-21 11:46:00,3.75,16886.0,United Kingdom
C523281,21109,"LARGE CAKE TOWEL, CHOCOLATE SPOTS",-2,2010-09-21 11:46:00,6.75,16886.0,United Kingdom
C523281,21112,"SWISS ROLL TOWEL, PINK  SPOTS",-6,2010-09-21 11:46:00,2.95,16886.0,United Kingdom
C523281,21111,"SWISS ROLL TOWEL, CHOCOLATE  SPOTS",-6,2010-09-21 11:46:00,2.95,16886.0,United Kingdom
C523281,21110,LARGE CAKE TOWEL PINK SPOTS,-2,2010-09-21 11:46:00,6.75,16886.0,United Kingdom
C523299,85014B,RED/WHITE DOTS RUFFLED UMBRELLA,-1,2010-09-21 12:35:00,5.95,12600.0,Germany
C523299,20679,EDWARDIAN PARASOL RED,-2,2010-09-21 12:35:00,5.95,12600.0,Germany
C523352,22423,REGENCY CAKESTAND 3 TIER,-8,2010-09-21 16:39:00,10.95,16684.0,United Kingdom
C523352,22699,ROSES REGENCY TEACUP AND SAUCER,-12,2010-09-21 16:39:00,2.55,16684.0,United Kingdom
C523352,22698,PINK REGENCY TEACUP AND SAUCER,-12,2010-09-21 16:39:00,2.55,16684.0,United Kingdom
C523352,22697,GREEN REGENCY TEACUP AND SAUCER,-12,2010-09-21 16:39:00,2.55,16684.0,United Kingdom
C523378,22423,REGENCY CAKESTAND 3 TIER,-2,2010-09-21 19:37:00,12.75,15766.0,United Kingdom
C523378,22698,PINK REGENCY TEACUP AND SAUCER,-2,2010-09-21 19:37:00,2.95,15766.0,United Kingdom
C523379,22697,GREEN REGENCY TEACUP AND SAUCER,-1,2010-09-21 19:38:00,2.55,13408.0,United Kingdom
C523381,22138,BAKING SET 9 PIECE RETROSPOT,-9,2010-09-21 19:40:00,4.95,16080.0,United Kingdom
C523381,22617,BAKING SET SPACEBOY DESIGN,-9,2010-09-21 19:40:00,4.95,16080.0,United Kingdom
C523380,21238,RED SPOTTY CUP,-1,2010-09-21 19:40:00,0.85,15966.0,United Kingdom
C523380,84997A,GREEN 3 PIECE MINI DOTS CUTLERY SET,-1,2010-09-21 19:40:00,3.75,15966.0,United Kingdom
C523380,84997C,BLUE 3 PIECE MINI DOTS CUTLERY SET,-1,2010-09-21 19:40:00,3.75,15966.0,United Kingdom
C523380,84997D,PINK 3 PIECE MINI DOTS CUTLERY SET,-1,2010-09-21 19:40:00,3.75,15966.0,United Kingdom
C523380,22138,BAKING SET 9 PIECE RETROSPOT,-3,2010-09-21 19:40:00,4.95,15966.0,United Kingdom
C523382,22303,COFFEE MUG APPLES DESIGN,-2,2010-09-21 19:42:00,2.55,14911.0,EIRE
C523382,20777,CHRYSANTHEMUM NOTEBOOK,-1,2010-09-21 19:42:00,1.65,14911.0,EIRE
C523382,22666,RECIPE BOX PANTRY YELLOW DESIGN,-1,2010-09-21 19:42:00,2.95,14911.0,EIRE
C523383,22617,BAKING SET SPACEBOY DESIGN,-3,2010-09-21 19:44:00,4.95,18136.0,United Kingdom
C523383,22138,BAKING SET 9 PIECE RETROSPOT,-3,2010-09-21 19:44:00,4.95,18136.0,United Kingdom
C523383,22060,LARGE CAKE STAND HANGING HEARTS,-1,2010-09-21 19:44:00,9.95,18136.0,United Kingdom
C523384,22138,BAKING SET 9 PIECE RETROSPOT,-3,2010-09-21 19:46:00,4.95,13424.0,United Kingdom
C523385,22138,BAKING SET 9 PIECE RETROSPOT,-1,2010-09-21 19:50:00,4.95,18260.0,United Kingdom
C523385,21527,RED RETROSPOT TRADITIONAL TEAPOT,-1,2010-09-21 19:50:00,7.95,18260.0,United Kingdom
C523385,85042,ANTIQUE LILY FAIRY LIGHTS,-1,2010-09-21 19:50:00,4.95,18260.0,United Kingdom
C523385,79321,CHILLI LIGHTS,-1,2010-09-21 19:50:00,4.95,18260.0,United Kingdom
C523386,22333,RETRO SPORT PARTY BAG + STICKER SET,-1,2010-09-21 19:51:00,1.65,13983.0,United Kingdom
C523386,22631,CIRCUS PARADE LUNCH BOX,-1,2010-09-21 19:51:00,1.95,13983.0,United Kingdom
C523387,22635,CHILDS BREAKFAST SET DOLLY GIRL,-1,2010-09-21 19:54:00,9.95,16042.0,United Kingdom
C523387,22629,SPACEBOY LUNCH BOX,-1,2010-09-21 19:54:00,1.95,16042.0,United Kingdom
C523387,22539,MINI JIGSAW DOLLY GIRL,-1,2010-09-21 19:54:00,0.42,16042.0,United Kingdom
C523388,22156,HEART DECORATION WITH PEARLS,-1,2010-09-21 19:56:00,0.85,13126.0,United Kingdom
C523388,37495,FAIRY CAKE BIRTHDAY CANDLE SET,-2,2010-09-21 19:56:00,3.75,13126.0,United Kingdom
C523389,84378,SET OF 3 HEART COOKIE CUTTERS,-2,2010-09-21 19:57:00,1.25,13440.0,United Kingdom
C523389,22138,BAKING SET 9 PIECE RETROSPOT,-3,2010-09-21 19:57:00,4.95,13440.0,United Kingdom
C523389,22564,ALPHABET STENCIL CRAFT,-1,2010-09-21 19:57:00,1.25,13440.0,United Kingdom
C523389,21314,SMALL GLASS HEART TRINKET POT,-2,2010-09-21 19:57:00,2.1,13440.0,United Kingdom
C523389,85048,15CM CHRISTMAS GLASS BALL 20 LIGHTS,-1,2010-09-21 19:57:00,7.95,13440.0,United Kingdom
C523390,21539,RED RETROSPOT BUTTER DISH,-1,2010-09-21 20:00:00,4.95,16143.0,United Kingdom
C523390,84534B,FAIRY CAKE NOTEBOOK A5 SIZE,-12,2010-09-21 20:00:00,0.85,16143.0,United Kingdom
C523392,22189,CREAM HEART CARD HOLDER,-8,2010-09-21 20:03:00,3.95,15182.0,United Kingdom
C523393,22698,PINK REGENCY TEACUP AND SAUCER,-1,2010-09-21 20:05:00,2.55,13324.0,United Kingdom
C523393,22697,GREEN REGENCY TEACUP AND SAUCER,-5,2010-09-21 20:05:00,2.55,13324.0,United Kingdom
C523394,22671,FRENCH LAUNDRY SIGN BLUE METAL,-2,2010-09-21 20:07:00,1.65,17728.0,United Kingdom
C523394,22673,FRENCH GARDEN SIGN BLUE METAL,-1,2010-09-21 20:07:00,1.25,17728.0,United Kingdom
C523394,22423,REGENCY CAKESTAND 3 TIER,-1,2010-09-21 20:07:00,12.75,17728.0,United Kingdom
C523395,84997B,RED 3 PIECE MINI DOTS CUTLERY SET,-1,2010-09-21 20:07:00,3.75,16646.0,United Kingdom
C523396,22138,BAKING SET 9 PIECE RETROSPOT,-9,2010-09-21 20:13:00,4.95,13555.0,United Kingdom
C523396,84946,ANTIQUE SILVER TEA GLASS ETCHED,-2,2010-09-21 20:13:00,1.25,13555.0,United Kingdom
C523397,21843,RED RETROSPOT CAKE STAND,-1,2010-09-21 20:16:00,10.95,17865.0,United Kingdom
C523397,22061,LARGE CAKE STAND  HANGING STRAWBERY,-1,2010-09-21 20:16:00,9.95,17865.0,United Kingdom
C523398,22138,BAKING SET 9 PIECE RETROSPOT,-1,2010-09-21 20:17:00,4.95,12474.0,Germany
C523398,22618,COOKING SET RETROSPOT,-2,2010-09-21 20:17:00,9.95,12474.0,Germany
C523398,22328,ROUND SNACK BOXES SET OF 4 FRUITS,-6,2010-09-21 20:17:00,2.95,12474.0,Germany
C523399,84950,ASSORTED COLOUR T-LIGHT HOLDER,-3,2010-09-21 20:20:00,0.65,13579.0,United Kingdom
C523399,20956,PORCELAIN T-LIGHT HOLDERS ASSORTED,-1,2010-09-21 20:20:00,1.25,13579.0,United Kingdom
C523400,21430,SET/3 RED GINGHAM ROSE STORAGE BOX,-1,2010-09-21 20:21:00,3.75,16556.0,United Kingdom
C523401,POST,POSTAGE,-1,2010-09-21 20:23:00,4.25,18223.0,United Kingdom
C523401,37500,TEA TIME TEAPOT IN GIFT BOX,-1,2010-09-21 20:23:00,9.95,18223.0,United Kingdom
C523401,85099B,JUMBO BAG RED RETROSPOT,-1,2010-09-21 20:23:00,1.95,18223.0,United Kingdom
C523401,15056N,EDWARDIAN PARASOL NATURAL,-1,2010-09-21 20:23:00,5.95,18223.0,United Kingdom
C523401,22752,SET 7 BABUSHKA NESTING BOXES,-4,2010-09-21 20:23:00,8.5,18223.0,United Kingdom
C523402,84568,GIRLS ALPHABET IRON ON PATCHES,-288,2010-09-21 20:24:00,0.21,15291.0,United Kingdom
C523403,84378,SET OF 3 HEART COOKIE CUTTERS,-12,2010-09-21 20:26:00,1.25,13319.0,United Kingdom
C523404,20971,PINK BLUE FELT CRAFT TRINKET BOX,-1,2010-09-21 20:29:00,1.25,13534.0,United Kingdom
C523404,22650,CERAMIC PIRATE CHEST MONEY BANK,-12,2010-09-21 20:29:00,1.45,13534.0,United Kingdom
C523404,22646,CERAMIC STRAWBERRY CAKE MONEY BANK,-4,2010-09-21 20:29:00,1.45,13534.0,United Kingdom
C523404,22645,CERAMIC HEART FAIRY CAKE MONEY BANK,-8,2010-09-21 20:29:00,1.45,13534.0,United Kingdom
C523404,22644,CERAMIC CHERRY CAKE MONEY BANK,-11,2010-09-21 20:29:00,1.45,13534.0,United Kingdom
C523405,22138,BAKING SET 9 PIECE RETROSPOT,-6,2010-09-21 20:30:00,4.95,13557.0,United Kingdom
C523406,22098,BOUDOIR SQUARE TISSUE BOX,-4,2010-09-21 20:32:00,1.25,14282.0,United Kingdom
C523407,22302,COFFEE MUG PEARS  DESIGN,-3,2010-09-21 20:35:00,2.55,15764.0,United Kingdom
C523408,84378,SET OF 3 HEART COOKIE CUTTERS,-2,2010-09-21 20:36:00,1.25,13440.0,United Kingdom
C523408,22138,BAKING SET 9 PIECE RETROSPOT,-3,2010-09-21 20:36:00,4.95,13440.0,United Kingdom
C523408,22564,ALPHABET STENCIL CRAFT,-1,2010-09-21 20:36:00,1.25,13440.0,United Kingdom
C523408,21314,SMALL GLASS HEART TRINKET POT,-2,2010-09-21 20:36:00,2.1,13440.0,United Kingdom
C523408,85048,15CM CHRISTMAS GLASS BALL 20 LIGHTS,-1,2010-09-21 20:36:00,7.95,13440.0,United Kingdom
C523427,51008,AFGHAN SLIPPER SOCK PAIR,-300,2010-09-22 10:43:00,2.95,14933.0,Channel Islands
C523507,22646,CERAMIC STRAWBERRY CAKE MONEY BANK,-1,2010-09-22 12:02:00,1.45,12450.0,Spain
C523507,20726,LUNCH BAG WOODLAND,-3,2010-09-22 12:02:00,1.65,12450.0,Spain
523520,84925F,PSYCHEDELIC WALL THERMOMETER,-104,2010-09-22 13:03:00,0.0,,United Kingdom
523533,85017C,ENVELOPE 50 CURIOUS IMAGES,-728,2010-09-22 13:16:00,0.0,,United Kingdom
523534,82582,AREA PATROLLED METAL SIGN,-67,2010-09-22 13:23:00,0.0,,United Kingdom
C523574,M,Manual,-1,2010-09-22 16:19:00,127.66,13910.0,United Kingdom
C523602,85232B,SET/3 RUSSIAN DOLL STACKING TINS,-2,2010-09-23 10:30:00,4.95,12437.0,France
C523632,84919,BLUE CUSHION COVER WITH FLOWER,-2,2010-09-23 11:34:00,6.95,16383.0,United Kingdom
C523632,84918,CREAM CUSHION COVER WITH FLOWERS,-2,2010-09-23 11:34:00,6.95,16383.0,United Kingdom
C523632,84907,PINK YELLOW PATCH CUSHION COVER,-2,2010-09-23 11:34:00,7.65,16383.0,United Kingdom
C523632,22606,WOODEN SKITTLES GARDEN SET,-1,2010-09-23 11:34:00,15.95,16383.0,United Kingdom
C523657,82494L,WOODEN FRAME ANTIQUE WHITE,-1,2010-09-23 13:33:00,2.95,15005.0,United Kingdom
C523657,37448,CERAMIC CAKE DESIGN SPOTTED MUG,-1,2010-09-23 13:33:00,1.49,15005.0,United Kingdom
C523657,20727,LUNCH BAG  BLACK SKULL.,-1,2010-09-23 13:33:00,1.65,15005.0,United Kingdom
C523657,37449,CERAMIC CAKE STAND + HANGING CAKES,-1,2010-09-23 13:33:00,9.95,15005.0,United Kingdom
C523657,84508C,BLUE CIRCLES DESIGN TEDDY,-1,2010-09-23 13:33:00,2.55,15005.0,United Kingdom
C523701,72741,GRAND CHOCOLATECANDLE,-12,2010-09-23 15:01:00,1.45,17743.0,United Kingdom
C523701,21563,RED HEART SHAPE LOVE BUCKET,-1,2010-09-23 15:01:00,2.95,17743.0,United Kingdom
C523765,POST,POSTAGE,-1,2010-09-24 10:20:00,744.54,17032.0,United Kingdom
C523772,22356,"CHARLOTTE BAG , PINK/WHITE SPOTS",-1,2010-09-24 11:04:00,0.85,12782.0,Portugal
C523772,20719,WOODLAND CHARLOTTE BAG,-1,2010-09-24 11:04:00,0.85,12782.0,Portugal
C523772,22361,GLASS JAR DAISY FRESH COTTON WOOL,-1,2010-09-24 11:04:00,2.95,12782.0,Portugal
C523772,22364,GLASS JAR DIGESTIVE BISCUITS,-4,2010-09-24 11:04:00,2.95,12782.0,Portugal
C523772,20734,SILVER MINI TAPE MEASURE,-1,2010-09-24 11:04:00,0.85,12782.0,Portugal
C523869,21504,SKULLS GREETING CARD,-12,2010-09-24 12:53:00,0.42,14994.0,United Kingdom
C523869,21509,COWBOYS AND INDIANS BIRTHDAY CARD,-12,2010-09-24 12:53:00,0.42,14994.0,United Kingdom
C523869,84247E,PACK/12 XMAS FUN CARD,-1,2010-09-24 12:53:00,2.95,14994.0,United Kingdom
C523869,22043,CHRISTMAS CARD SCREEN PRINT,-12,2010-09-24 12:53:00,0.42,14994.0,United Kingdom
C523869,22712,CARD DOLLY GIRL,-12,2010-09-24 12:53:00,0.42,14994.0,United Kingdom
C523869,22714,CARD BIRTHDAY COWBOY,-12,2010-09-24 12:53:00,0.42,14994.0,United Kingdom
C523869,22044,CHRISTMAS CARD STACK OF PRESENTS,-12,2010-09-24 12:53:00,0.42,14994.0,United Kingdom
C523869,21506,"FANCY FONT BIRTHDAY CARD,",-12,2010-09-24 12:53:00,0.42,14994.0,United Kingdom
C523873,M,Manual,-1,2010-09-24 13:03:00,98.88,15044.0,United Kingdom
C523876,M,Manual,-1,2010-09-24 13:07:00,84.15,15044.0,United Kingdom
C523880,M,Manual,-1,2010-09-24 13:42:00,1343.44,14802.0,United Kingdom
C523883,M,Manual,-1,2010-09-24 13:52:00,159.54,14802.0,United Kingdom
C523885,M,Manual,-1,2010-09-24 14:06:00,359.71,13448.0,United Kingdom
523913,22902,TOTE BAG I LOVE LONDON,-200,2010-09-24 16:13:00,0.0,,United Kingdom
C523952,21034,REX CASH+CARRY JUMBO SHOPPER,-1,2010-09-26 12:02:00,0.95,14094.0,United Kingdom
C523968,21232,STRAWBERRY CERAMIC TRINKET BOX,-1,2010-09-26 13:37:00,1.25,17406.0,United Kingdom
C523968,22699,ROSES REGENCY TEACUP AND SAUCER,-1,2010-09-26 13:37:00,2.95,17406.0,United Kingdom
C523968,22697,GREEN REGENCY TEACUP AND SAUCER,-1,2010-09-26 13:37:00,2.95,17406.0,United Kingdom
C523968,22698,PINK REGENCY TEACUP AND SAUCER,-2,2010-09-26 13:37:00,2.95,17406.0,United Kingdom
C523974,22456,NATURAL SLATE CHALKBOARD LARGE,-2,2010-09-26 13:59:00,4.25,15513.0,United Kingdom
C523974,21844,RED RETROSPOT MUG,-1,2010-09-26 13:59:00,2.95,15513.0,United Kingdom
C523974,82486,WOOD S/3 CABINET ANT WHITE FINISH,-1,2010-09-26 13:59:00,6.95,15513.0,United Kingdom
C523975,48189,DOOR MAT FRIENDSHIP,-10,2010-09-26 14:00:00,6.75,13093.0,United Kingdom
C523978,21770,OPEN CLOSED METAL SIGN,-36,2010-09-26 14:01:00,4.25,15093.0,United Kingdom
C523980,20724,RED SPOTTY CHARLOTTE BAG,-1,2010-09-26 14:02:00,0.85,12782.0,Portugal
C523980,22356,"CHARLOTTE BAG , PINK/WHITE SPOTS",-1,2010-09-26 14:02:00,0.85,12782.0,Portugal
C523980,20719,WOODLAND CHARLOTTE BAG,-1,2010-09-26 14:02:00,0.85,12782.0,Portugal
C523980,22361,GLASS JAR DAISY FRESH COTTON WOOL,-1,2010-09-26 14:02:00,2.95,12782.0,Portugal
C523980,22364,GLASS JAR DIGESTIVE BISCUITS,-4,2010-09-26 14:02:00,2.95,12782.0,Portugal
C523983,84947,ANTIQUE SILVER TEA GLASS ENGRAVED,-4,2010-09-26 14:04:00,1.25,16053.0,United Kingdom
C523983,21843,RED RETROSPOT CAKE STAND,-1,2010-09-26 14:04:00,10.95,16053.0,United Kingdom
C523987,D,Discount,-250,2010-09-26 14:12:00,0.1,12931.0,United Kingdom
C523987,D,Discount,-156,2010-09-26 14:12:00,0.19,12931.0,United Kingdom
C523987,D,Discount,-128,2010-09-26 14:12:00,0.42,12931.0,United Kingdom
C523987,M,Manual,-100,2010-09-26 14:12:00,0.41,12931.0,United Kingdom
C523988,84078A,SET/4 WHITE RETRO STORAGE CUBES,-1,2010-09-26 14:14:00,34.95,15101.0,United Kingdom
C523991,22423,REGENCY CAKESTAND 3 TIER,-6,2010-09-26 14:26:00,10.95,13089.0,United Kingdom
C524005,22649,STRAWBERRY FAIRY CAKE TEAPOT,-1,2010-09-26 16:07:00,4.95,14611.0,United Kingdom
C524058,M,Manual,-1,2010-09-27 11:30:00,208.63,13290.0,United Kingdom
C524114,22618,COOKING SET RETROSPOT,-2,2010-09-27 13:41:00,9.95,16531.0,United Kingdom
C524114,22617,BAKING SET SPACEBOY DESIGN,-3,2010-09-27 13:41:00,4.95,16531.0,United Kingdom
C524123,85232D,SET/3 DECOUPAGE STACKING TINS,-1,2010-09-27 14:15:00,4.95,12474.0,Germany
C524124,BANK CHARGES,Bank Charges,-1,2010-09-27 14:19:00,15.0,16879.0,United Kingdom
524151,35600D,PINK AND WHITE CHRISTMAS TREE 180CM,-36,2010-09-27 15:42:00,0.0,,United Kingdom
C524154,22487,WHITE WOOD GARDEN PLANT LADDER,-8,2010-09-27 15:58:00,8.5,14911.0,EIRE
C524154,22739,RIBBON REEL CHRISTMAS SOCK BAUBLE,-120,2010-09-27 15:58:00,1.45,14911.0,EIRE
C524154,22909,SET OF 20 VINTAGE CHRISTMAS NAPKINS,-192,2010-09-27 15:58:00,0.64,14911.0,EIRE
C524154,22952,60 CAKE CASES VINTAGE CHRISTMAS,-240,2010-09-27 15:58:00,0.42,14911.0,EIRE
C524154,22950,36 DOILIES VINTAGE CHRISTMAS,-288,2010-09-27 15:58:00,1.25,14911.0,EIRE
C524154,22910,PAPER CHAIN KIT VINTAGE CHRISTMAS,-80,2010-09-27 15:58:00,2.55,14911.0,EIRE
C524154,21790,VINTAGE SNAP CARDS,-72,2010-09-27 15:58:00,0.72,14911.0,EIRE
C524154,21889,WOODEN BOX OF DOMINOES,-72,2010-09-27 15:58:00,1.25,14911.0,EIRE
C524154,22561,WOODEN SCHOOL COLOURING SET,-72,2010-09-27 15:58:00,1.45,14911.0,EIRE
C524154,22489,PACK OF 12 TRADITIONAL CRAYONS,-144,2010-09-27 15:58:00,0.36,14911.0,EIRE
C524154,22560,TRADITIONAL MODELLING CLAY,-144,2010-09-27 15:58:00,1.06,14911.0,EIRE
C524154,22491,PACK OF 12 COLOURED PENCILS,-144,2010-09-27 15:58:00,0.72,14911.0,EIRE
C524154,22606,WOODEN SKITTLES GARDEN SET,-12,2010-09-27 15:58:00,12.75,14911.0,EIRE
C524154,22623,BOX OF VINTAGE JIGSAW BLOCKS,-60,2010-09-27 15:58:00,4.25,14911.0,EIRE
C524154,22622,BOX OF VINTAGE ALPHABET BLOCKS,-48,2010-09-27 15:58:00,8.5,14911.0,EIRE
C524154,21912,VINTAGE SNAKES & LADDERS,-72,2010-09-27 15:58:00,3.75,14911.0,EIRE
C524154,21888,BINGO SET,-72,2010-09-27 15:58:00,3.75,14911.0,EIRE
C524154,22550,HOLIDAY FUN LUDO,-72,2010-09-27 15:58:00,3.75,14911.0,EIRE
C524154,22698,PINK REGENCY TEACUP AND SAUCER,-24,2010-09-27 15:58:00,2.55,14911.0,EIRE
C524154,22699,ROSES REGENCY TEACUP AND SAUCER,-24,2010-09-27 15:58:00,2.55,14911.0,EIRE
C524154,22698,PINK REGENCY TEACUP AND SAUCER,-24,2010-09-27 15:58:00,2.55,14911.0,EIRE
C524154,22423,REGENCY CAKESTAND 3 TIER,-36,2010-09-27 15:58:00,10.95,14911.0,EIRE
C524157,M,Manual,-1,2010-09-27 16:03:00,445.05,,United Kingdom
C524158,22424,ENAMEL BREAD BIN CREAM,-8,2010-09-27 16:05:00,10.95,14911.0,EIRE
C524158,22138,BAKING SET 9 PIECE RETROSPOT,-24,2010-09-27 16:05:00,4.25,14911.0,EIRE
C524158,22744,MAKE YOUR OWN MONSOON CARD KIT,-48,2010-09-27 16:05:00,2.55,14911.0,EIRE
C524158,21718,RED METAL BEACH SPADE,-48,2010-09-27 16:05:00,1.25,14911.0,EIRE
C524158,21715,GIRLS VINTAGE TIN SEASIDE BUCKET,-32,2010-09-27 16:05:00,2.1,14911.0,EIRE
C524158,22430,ENAMEL WATERING CAN CREAM,-16,2010-09-27 16:05:00,4.25,14911.0,EIRE
C524158,22425,ENAMEL COLANDER CREAM,-16,2010-09-27 16:05:00,4.25,14911.0,EIRE
C524158,22426,ENAMEL WASH BOWL CREAM,-16,2010-09-27 16:05:00,2.95,14911.0,EIRE
C524158,22907,PACK OF 20 NAPKINS PANTRY DESIGN,-192,2010-09-27 16:05:00,0.64,14911.0,EIRE
C524158,84380,SET OF 3 BUTTERFLY COOKIE CUTTERS,-144,2010-09-27 16:05:00,1.06,14911.0,EIRE
C524158,22666,RECIPE BOX PANTRY YELLOW DESIGN,-48,2010-09-27 16:05:00,2.55,14911.0,EIRE
C524158,22274,FELTCRAFT DOLL EMILY,-48,2010-09-27 16:05:00,2.55,14911.0,EIRE
C524158,22570,FELTCRAFT CUSHION RABBIT,-32,2010-09-27 16:05:00,3.39,14911.0,EIRE
C524161,M,Manual,-1,2010-09-27 16:16:00,10468.8,,United Kingdom
C524165,M,Manual,-1,2010-09-27 16:21:00,2769.9,,United Kingdom
C524166,85144,JARDIN ETCHED GLASS BUTTER DISH,-1,2010-09-27 16:22:00,7.25,13980.0,United Kingdom
C524168,22818,CARD CHRISTMAS VILLAGE,-36,2010-09-27 16:24:00,0.42,17524.0,United Kingdom
C524168,22816,CARD MOTORBIKE SANTA,-36,2010-09-27 16:24:00,0.42,17524.0,United Kingdom
C524169,M,Manual,-1,2010-09-27 16:25:00,359.71,,United Kingdom
C524173,M,Manual,-1,2010-09-27 16:30:00,208.63,,United Kingdom
C524177,M,Manual,-1,2010-09-27 16:36:00,1343.44,,United Kingdom
C524178,M,Manual,-1,2010-09-27 16:37:00,159.54,,United Kingdom
C524235,16047,POP ART PEN CASE & PENS,-5184,2010-09-28 11:02:00,0.08,14277.0,France
C524235,21280,VINTAGE KITCHEN PRINT VEGETABLES,-1248,2010-09-28 11:02:00,0.25,14277.0,France
C524235,21281,VINTAGE KITCHEN PRINT SEAFOOD,-1536,2010-09-28 11:02:00,0.25,14277.0,France
C524235,21336,GOLD WASHBAG,-864,2010-09-28 11:02:00,0.13,14277.0,France
C524235,21392,RED SPOTTY PUDDING BOWL,-3648,2010-09-28 11:02:00,0.13,14277.0,France
C524235,21393,BLUE  SPOTTY PUDDING BOWL,-2496,2010-09-28 11:02:00,0.13,14277.0,France
C524235,37340,MULTICOLOUR SPRING FLOWER MUG,-4992,2010-09-28 11:02:00,0.1,14277.0,France
C524235,37423,WHITE WITH BLACK CATS PLATE,-2952,2010-09-28 11:02:00,0.1,14277.0,France
C524235,37424,WHITE WITH BLACK CATS MUG,-2112,2010-09-28 11:02:00,0.13,14277.0,France
C524235,37444A,YELLOW BREAKFAST CUP AND SAUCER,-1308,2010-09-28 11:02:00,0.13,14277.0,France
C524235,37444B,BLUE BREAKFAST CUP AND SAUCER,-984,2010-09-28 11:02:00,0.13,14277.0,France
C524235,37444C,PINK BREAKFAST CUP AND SAUCER,-768,2010-09-28 11:02:00,0.13,14277.0,France
C524235,37471,MULTICOLOUR DOTS PLATE,-684,2010-09-28 11:02:00,0.1,14277.0,France
C524235,84493,BLUE/PINK NEST STRIPE BOX,-567,2010-09-28 11:02:00,0.08,14277.0,France
C524235,84842,HELLO SAILOR BATHROOM SET,-720,2010-09-28 11:02:00,0.33,14277.0,France
C524235,84847,FLORAL BATHROOM SET,-1116,2010-09-28 11:02:00,0.33,14277.0,France
C524235,84925D,LA PALMIERA WALL THERMOMETER,-372,2010-09-28 11:02:00,0.25,14277.0,France
C524235,84924F,PSYCHEDELIC METAL SIGN CALENDAR,-480,2010-09-28 11:02:00,0.25,14277.0,France
C524235,84927A,WAKE UP COCKEREL TILE HOOK,-72,2010-09-28 11:02:00,0.08,14277.0,France
C524235,84927D,LA PALMIERA TILE HOOK,-432,2010-09-28 11:02:00,0.08,14277.0,France
C524235,84927E,FLOWERS TILE HOOK,-192,2010-09-28 11:02:00,0.08,14277.0,France
C524235,85006,SET 4 NURSERY DES ROUND BOXES,-1440,2010-09-28 11:02:00,0.31,14277.0,France
C524235,85109,PINK BOUDOIR T-LIGHT HOLDER,-1872,2010-09-28 11:02:00,0.07,14277.0,France
C524235,85110,BLACK SILVER FLOWER T-LIGHT HOLDER,-4752,2010-09-28 11:02:00,0.07,14277.0,France
C524235,85160A,WHITE BIRD GARDEN DESIGN MUG,-4320,2010-09-28 11:02:00,0.13,14277.0,France
C524235,10123C,HEARTS WRAPPING TAPE,-144,2010-09-28 11:02:00,0.06,14277.0,France
C524235,10123G,ARMY CAMO WRAPPING TAPE,-1104,2010-09-28 11:02:00,0.06,14277.0,France
C524235,16043,POP ART PUSH DOWN RUBBER,-960,2010-09-28 11:02:00,0.06,14277.0,France
C524235,16046,TEATIME PEN CASE & PENS,-4608,2010-09-28 11:02:00,0.08,14277.0,France
C524235,16053,POPART COL BALLPOINT PEN ASST,-2000,2010-09-28 11:02:00,0.03,14277.0,France
C524235,16162L,THE KING GIFT BAG,-3744,2010-09-28 11:02:00,0.05,14277.0,France
C524235,16202A,PASTEL PINK PHOTO ALBUM,-300,2010-09-28 11:02:00,0.17,14277.0,France
C524235,16202B,PASTEL BLUE PHOTO ALBUM,-444,2010-09-28 11:02:00,0.17,14277.0,France
C524235,20661,BLUE SPOTTY PURSE,-300,2010-09-28 11:02:00,0.17,14277.0,France
C524235,20662,FIRST CLASS HOLIDAY PURSE,-300,2010-09-28 11:02:00,0.17,14277.0,France
C524235,20663,QUEEN OF THE SKIES HOLIDAY PURSE,-500,2010-09-28 11:02:00,0.17,14277.0,France
C524235,20666,ECONOMY HOLIDAY PURSE,-400,2010-09-28 11:02:00,0.17,14277.0,France
C524235,20670,VIP HOLIDAY PURSE,-300,2010-09-28 11:02:00,0.17,14277.0,France
C524235,21082,SET/20 FRUIT SALAD PAPER NAPKINS,-3072,2010-09-28 11:02:00,0.17,14277.0,France
C524235,21088,SET/6 FRUIT SALAD PAPER CUPS,-7128,2010-09-28 11:02:00,0.08,14277.0,France
C524235,21096,SET/6 FRUIT SALAD  PAPER PLATES,-7008,2010-09-28 11:02:00,0.13,14277.0,France
C524235,21278,VINTAGE KITCHEN PRINT PUDDINGS,-1200,2010-09-28 11:02:00,0.25,14277.0,France
C524235,21279,VINTAGE KITCHEN PRINT FRUITS,-1632,2010-09-28 11:02:00,0.25,14277.0,France
C524235,85160B,BLACK BIRD GARDEN DESIGN MUG,-2976,2010-09-28 11:02:00,0.13,14277.0,France
C524235,85184D,S/4 BLUE ROUND DECOUPAGE BOXES,-3936,2010-09-28 11:02:00,0.42,14277.0,France
C524265,21642,ASSORTED TUTTI FRUTTI PEN,-9,2010-09-28 11:38:00,0.85,13317.0,United Kingdom
C524275,21642,ASSORTED TUTTI FRUTTI PEN,-9,2010-09-28 11:54:00,0.85,16919.0,United Kingdom
C524282,21843,RED RETROSPOT CAKE STAND,-1,2010-09-28 12:18:00,9.95,15311.0,United Kingdom
C524282,85063,CREAM SWEETHEART MAGAZINE RACK,-1,2010-09-28 12:18:00,14.95,15311.0,United Kingdom
C524282,85099B,JUMBO BAG RED RETROSPOT,-1,2010-09-28 12:18:00,1.95,15311.0,United Kingdom
C524309,47594B,SCOTTIES DESIGN WASHBAG,-6,2010-09-28 14:05:00,1.95,17696.0,United Kingdom
C524309,21336,GOLD WASHBAG,-1,2010-09-28 14:05:00,2.95,17696.0,United Kingdom
C524309,20665,RED SPOTTY PURSE,-1,2010-09-28 14:05:00,2.95,17696.0,United Kingdom
C524309,85049C,ROMANTIC PINKS RIBBONS,-1,2010-09-28 14:05:00,1.25,17696.0,United Kingdom
C524309,22461,SAVOY ART DECO CLOCK,-1,2010-09-28 14:05:00,12.75,17696.0,United Kingdom
C524325,82483,WOOD 2 DRAWER CABINET WHITE FINISH,-1,2010-09-28 14:44:00,5.95,17696.0,United Kingdom
C524331,22379,RECYCLING BAG RETROSPOT,-1,2010-09-28 15:24:00,2.1,14825.0,United Kingdom
C524343,22138,BAKING SET 9 PIECE RETROSPOT,-2,2010-09-28 16:09:00,4.95,13107.0,United Kingdom
C524344,21217,RED SPOTTY ROUND CAKE TINS,-2,2010-09-28 16:11:00,9.95,13729.0,United Kingdom
C524344,22358,KINGS CHOICE TEA CADDY,-2,2010-09-28 16:11:00,2.95,13729.0,United Kingdom
C524344,22467,GUMBALL COAT RACK,-2,2010-09-28 16:11:00,2.55,13729.0,United Kingdom
C524344,21232,STRAWBERRY CERAMIC TRINKET BOX,-6,2010-09-28 16:11:00,1.25,13729.0,United Kingdom
C524347,71477,COLOUR GLASS. STAR T-LIGHT HOLDER,-2,2010-09-28 16:15:00,2.75,17675.0,United Kingdom
C524350,21933,PINK VINTAGE PAISLEY PICNIC BAG,-1,2010-09-28 16:19:00,2.95,14825.0,United Kingdom
C524352,22169,FAMILY ALBUM WHITE PICTURE FRAME,-2,2010-09-28 16:45:00,8.5,15694.0,United Kingdom
C524352,22634,CHILDS BREAKFAST SET SPACEBOY,-2,2010-09-28 16:45:00,9.95,15694.0,United Kingdom
C524352,22423,REGENCY CAKESTAND 3 TIER,-2,2010-09-28 16:45:00,12.75,15694.0,United Kingdom
C524356,79191C,RETRO PLASTIC ELEPHANT TRAY,-24,2010-09-28 16:57:00,0.85,12481.0,Germany
C524359,22383,LUNCH BAG SUKI  DESIGN,-2,2010-09-28 17:05:00,1.65,17063.0,United Kingdom
C524360,21559,STRAWBERRY LUNCH BOX WITH CUTLERY,-1,2010-09-28 17:06:00,2.55,17063.0,United Kingdom
C524361,22423,REGENCY CAKESTAND 3 TIER,-2,2010-09-28 17:07:00,10.95,13552.0,United Kingdom
C524362,22488,NATURAL SLATE RECTANGLE CHALKBOARD,-1,2010-09-28 17:10:00,1.65,18075.0,United Kingdom
C524362,22456,NATURAL SLATE CHALKBOARD LARGE,-1,2010-09-28 17:10:00,4.95,18075.0,United Kingdom
C524364,22198,LARGE POPCORN HOLDER,-1,2010-09-28 17:11:00,1.65,13983.0,United Kingdom
C524364,22197,SMALL POPCORN HOLDER,-3,2010-09-28 17:11:00,0.85,13983.0,United Kingdom
C524367,21871,SAVE THE PLANET MUG,-6,2010-09-28 17:16:00,1.25,15240.0,United Kingdom
C524371,22666,RECIPE BOX PANTRY YELLOW DESIGN,-2,2010-09-28 17:30:00,2.95,15329.0,United Kingdom
C524371,22423,REGENCY CAKESTAND 3 TIER,-1,2010-09-28 17:30:00,12.75,15329.0,United Kingdom
C524371,22364,GLASS JAR DIGESTIVE BISCUITS,-1,2010-09-28 17:30:00,2.95,15329.0,United Kingdom
C524372,22138,BAKING SET 9 PIECE RETROSPOT,-6,2010-09-28 17:32:00,4.95,15681.0,United Kingdom
C524373,21485,RED SPOT HEART HOT WATER BOTTLE,-2,2010-09-28 17:33:00,4.95,16133.0,United Kingdom
C524374,22468,BABUSHKA LIGHTS STRING OF 10,-48,2010-09-28 17:37:00,5.95,13881.0,United Kingdom
C524376,21830,ASSORTED CREEPY CRAWLIES,-48,2010-09-28 17:40:00,0.42,13799.0,United Kingdom
C524378,22361,GLASS JAR DAISY FRESH COTTON WOOL,-2,2010-09-28 17:44:00,2.95,14107.0,United Kingdom
C524378,22359,GLASS JAR KINGS CHOICE,-1,2010-09-28 17:44:00,2.95,14107.0,United Kingdom
C524381,20719,WOODLAND CHARLOTTE BAG,-1,2010-09-28 17:47:00,0.85,12408.0,Belgium
C524382,22423,REGENCY CAKESTAND 3 TIER,-1,2010-09-28 17:49:00,12.75,15628.0,United Kingdom
C524383,21928,JUMBO BAG SCANDINAVIAN PAISLEY,-1,2010-09-28 17:52:00,1.95,16341.0,United Kingdom
C524383,85099B,JUMBO BAG RED RETROSPOT,-1,2010-09-28 17:52:00,1.95,16341.0,United Kingdom
C524383,85061W,WHITE JEWELLED HEART DECORATION,-1,2010-09-28 17:52:00,0.85,16341.0,United Kingdom
C524383,22152,PLACE SETTING WHITE STAR,-3,2010-09-28 17:52:00,0.42,16341.0,United Kingdom
C524385,22138,BAKING SET 9 PIECE RETROSPOT,-2,2010-09-28 17:56:00,4.95,13635.0,United Kingdom
C524385,21917,SET 12 KIDS  WHITE CHALK STICKS,-1,2010-09-28 17:56:00,0.42,13635.0,United Kingdom
C524385,21918,SET 12 KIDS COLOUR  CHALK STICKS,-6,2010-09-28 17:56:00,0.42,13635.0,United Kingdom
C524385,22170,PICTURE FRAME WOOD TRIPLE PORTRAIT,-4,2010-09-28 17:56:00,6.75,13635.0,United Kingdom
C524386,22360,GLASS JAR ENGLISH CONFECTIONERY,-4,2010-09-28 17:58:00,2.95,17735.0,United Kingdom
C524386,20983,12 PENCILS TALL TUBE RED SPOTTY,-12,2010-09-28 17:58:00,0.85,17735.0,United Kingdom
C524390,22752,SET 7 BABUSHKA NESTING BOXES,-1,2010-09-28 18:24:00,8.5,18009.0,United Kingdom
C524391,22752,SET 7 BABUSHKA NESTING BOXES,-2,2010-09-28 18:25:00,8.5,12921.0,United Kingdom
C524391,22274,FELTCRAFT DOLL EMILY,-1,2010-09-28 18:25:00,2.95,12921.0,United Kingdom
C524392,20724,RED SPOTTY CHARLOTTE BAG,-1,2010-09-28 18:29:00,0.72,13599.0,United Kingdom
C524392,22377,BOTTLE BAG RETROSPOT,-35,2010-09-28 18:29:00,1.85,13599.0,United Kingdom
C524393,22662,LUNCH BAG DOLLY GIRL DESIGN,-1,2010-09-28 18:32:00,1.65,12993.0,United Kingdom
C524393,22561,WOODEN SCHOOL COLOURING SET,-1,2010-09-28 18:32:00,1.65,12993.0,United Kingdom
C524393,22617,BAKING SET SPACEBOY DESIGN,-2,2010-09-28 18:32:00,4.95,12993.0,United Kingdom
C524393,22138,BAKING SET 9 PIECE RETROSPOT,-3,2010-09-28 18:32:00,4.95,12993.0,United Kingdom
C524395,21815,STAR  T-LIGHT HOLDER,-1,2010-09-28 18:34:00,1.45,13701.0,United Kingdom
C524394,21868,POTTING SHED TEA MUG,-5,2010-09-28 18:34:00,1.25,13015.0,United Kingdom
C524396,21009,ETCHED GLASS STAR TREE DECORATION,-1,2010-09-28 18:35:00,1.25,17289.0,United Kingdom
C524397,20961,STRAWBERRY BATH SPONGE,-21,2010-09-28 18:36:00,1.25,,United Kingdom
C524398,85141,JARDIN ETCHED GLASS FRUITBOWL,-1,2010-09-28 18:37:00,10.75,13980.0,United Kingdom
C524399,85042,ANTIQUE LILY FAIRY LIGHTS,-1,2010-09-28 18:38:00,4.25,13317.0,United Kingdom
C524400,22854,CREAM SWEETHEART EGG HOLDER,-1,2010-09-28 18:39:00,4.95,14837.0,United Kingdom
C524401,21888,BINGO SET,-1,2010-09-28 18:40:00,3.75,16298.0,United Kingdom
C524403,22654,DELUXE SEWING KIT,-1,2010-09-28 18:43:00,5.95,13281.0,United Kingdom
C524404,22549,PICTURE DOMINOES,-1,2010-09-28 18:46:00,1.45,13433.0,United Kingdom
C524410,84849B,FAIRY SOAP SOAP HOLDER,-12,2010-09-29 09:50:00,1.69,14049.0,United Kingdom
C524410,22561,WOODEN SCHOOL COLOURING SET,-1,2010-09-29 09:50:00,1.65,14049.0,United Kingdom
C524410,85136A,YELLOW SHARK HELICOPTER,-1,2010-09-29 09:50:00,7.95,14049.0,United Kingdom
C524410,85135A,YELLOW DRAGONFLY HELICOPTER,-1,2010-09-29 09:50:00,7.95,14049.0,United Kingdom
C524410,85136C,RED SHARK HELICOPTER,-1,2010-09-29 09:50:00,7.95,14049.0,United Kingdom
C524414,22197,SMALL POPCORN HOLDER,-3,2010-09-29 10:07:00,0.85,12681.0,France
C524414,22303,COFFEE MUG APPLES DESIGN,-2,2010-09-29 10:07:00,2.55,12681.0,France
C524492,22383,LUNCH BAG SUKI  DESIGN,-1,2010-09-29 12:24:00,1.65,14451.0,United Kingdom
C524492,47589,CONGRATULATIONS BUNTING,-2,2010-09-29 12:24:00,5.45,14451.0,United Kingdom
C524514,20685,DOOR MAT RED SPOT,-12,2010-09-29 13:04:00,6.75,14049.0,United Kingdom
C524527,22154,ANGEL DECORATION 3 BUTTONS,-1,2010-09-29 13:18:00,0.42,14606.0,United Kingdom
C524527,21669,BLUE STRIPE CERAMIC DRAWER KNOB,-1,2010-09-29 13:18:00,1.06,14606.0,United Kingdom
C524527,22697,GREEN REGENCY TEACUP AND SAUCER,-1,2010-09-29 13:18:00,2.95,14606.0,United Kingdom
C524528,47589,CONGRATULATIONS BUNTING,-1,2010-09-29 13:20:00,5.45,13048.0,United Kingdom
C524531,22411,JUMBO SHOPPER VINTAGE RED PAISLEY,-1,2010-09-29 13:29:00,1.65,17511.0,United Kingdom
C524531,85123A,WHITE HANGING HEART T-LIGHT HOLDER,-1,2010-09-29 13:29:00,2.55,17511.0,United Kingdom
C524531,21232,STRAWBERRY CERAMIC TRINKET BOX,-1,2010-09-29 13:29:00,1.06,17511.0,United Kingdom
C524531,22061,LARGE CAKE STAND  HANGING STRAWBERY,-1,2010-09-29 13:29:00,8.5,17511.0,United Kingdom
C524535,22672,FRENCH BATHROOM SIGN BLUE METAL,-1,2010-09-29 13:38:00,1.65,15201.0,United Kingdom
C524535,21154,RED SPOTTY OVEN GLOVE,-1,2010-09-29 13:38:00,1.25,15201.0,United Kingdom
C524535,47590B,PINK HAPPY BIRTHDAY BUNTING,-1,2010-09-29 13:38:00,5.45,15201.0,United Kingdom
C524541,M,Manual,-1,2010-09-29 13:50:00,483.15,14911.0,EIRE
C524542,22301,COFFEE MUG CAT + BIRD DESIGN,-6,2010-09-29 13:52:00,2.55,14510.0,United Kingdom
C524547,84279P,CHERRY BLOSSOM  DECORATIVE FLASK,-6,2010-09-29 14:00:00,3.75,18136.0,United Kingdom
C524557,21730,GLASS STAR FROSTED T-LIGHT HOLDER,-1,2010-09-29 14:30:00,4.95,16658.0,United Kingdom
C524560,79323W,WHITE CHERRY LIGHTS,-2,2010-09-29 14:39:00,6.75,14825.0,United Kingdom
C524560,79323P,PINK CHERRY LIGHTS,-3,2010-09-29 14:39:00,6.75,14825.0,United Kingdom
524570,84925D,LA PALMIERA WALL THERMOMETER,-372,2010-09-29 15:33:00,0.0,,United Kingdom
C524575,D,Discount,-1,2010-09-29 16:02:00,28.52,13408.0,United Kingdom
C524576,22618,COOKING SET RETROSPOT,-2,2010-09-29 16:05:00,9.95,12524.0,Germany
C524576,22138,BAKING SET 9 PIECE RETROSPOT,-3,2010-09-29 16:05:00,4.95,12524.0,Germany
C524593,M,Manual,-1,2010-09-29 16:25:00,237.85,14911.0,EIRE
C524623,22476,EMPIRE UNION JACK TV DINNER TRAY,-2,2010-09-30 10:44:00,4.95,13729.0,United Kingdom
C524625,84840,SWEETHEART CARRY-ALL BASKET,-1,2010-09-30 10:50:00,8.5,15107.0,United Kingdom
C524625,22073,RED RETROSPOT STORAGE JAR,-1,2010-09-30 10:50:00,3.75,15107.0,United Kingdom
524631,21625,VINTAGE UNION JACK APRON,-191,2010-09-30 11:03:00,0.0,,United Kingdom
C524633,21528,DAIRY MAID TRADITIONAL TEAPOT,-2,2010-09-30 11:23:00,6.95,17188.0,United Kingdom
C524634,22752,SET 7 BABUSHKA NESTING BOXES,-2,2010-09-30 11:25:00,8.5,12921.0,United Kingdom
C524635,22653,BUTTON BOX,-4,2010-09-30 11:26:00,1.95,15358.0,United Kingdom
C524635,22652,TRAVEL SEWING KIT,-1,2010-09-30 11:26:00,1.65,15358.0,United Kingdom
C524636,21314,SMALL GLASS HEART TRINKET POT,-2,2010-09-30 11:27:00,2.1,14226.0,United Kingdom
C524642,75049L,LARGE CIRCULAR MIRROR MOBILE,-31,2010-09-30 11:31:00,0.85,14195.0,United Kingdom
C524689,22667,RECIPE BOX RETROSPOT,-6,2010-09-30 11:45:00,2.95,12576.0,Poland
C524695,21936,RED RETROSPOT PICNIC BAG,-1,2010-09-30 12:05:00,2.95,14543.0,United Kingdom
C524695,20798,CLEAR MILKSHAKE GLASS,-4,2010-09-30 12:05:00,2.1,14543.0,United Kingdom
C524695,21528,DAIRY MAID TRADITIONAL TEAPOT,-3,2010-09-30 12:05:00,5.95,14543.0,United Kingdom
C524695,21532,DAIRY MAID SUGAR JAM BOWL,-3,2010-09-30 12:05:00,2.1,14543.0,United Kingdom
C524695,21538,DAIRY MAID  PUDDING BOWL,-1,2010-09-30 12:05:00,3.75,14543.0,United Kingdom
C524695,21534,DAIRY MAID LARGE MILK JUG,-1,2010-09-30 12:05:00,4.95,14543.0,United Kingdom
C524695,21843,RED RETROSPOT CAKE STAND,-4,2010-09-30 12:05:00,9.95,14543.0,United Kingdom
C524699,22697,GREEN REGENCY TEACUP AND SAUCER,-1,2010-09-30 12:15:00,2.95,13767.0,United Kingdom
C524699,22698,PINK REGENCY TEACUP AND SAUCER,-3,2010-09-30 12:15:00,2.95,13767.0,United Kingdom
C524705,22423,REGENCY CAKESTAND 3 TIER,-3,2010-09-30 12:30:00,10.95,16210.0,United Kingdom
C524707,85098B,BLUE FLYING SINGING CANARY,-25,2010-09-30 12:36:00,2.95,12598.0,France
C524709,M,Manual,-1,2010-09-30 12:43:00,2545.85,14156.0,EIRE
C524713,M,Manual,-1,2010-09-30 12:48:00,2545.85,,United Kingdom
C524831,84078A,SET/4 WHITE RETRO STORAGE CUBES,-3,2010-09-30 17:14:00,34.95,15101.0,United Kingdom
C524839,21432,SET OF 3 CASES WOODLAND DESIGN,-5,2010-09-30 17:48:00,5.45,12705.0,Germany
C524844,22634,CHILDS BREAKFAST SET SPACEBOY,-1,2010-09-30 18:19:00,9.95,14269.0,United Kingdom
C524844,22635,CHILDS BREAKFAST SET DOLLY GIRL,-1,2010-09-30 18:19:00,9.95,14269.0,United Kingdom
C524844,22910,PAPER CHAIN KIT VINTAGE CHRISTMAS,-2,2010-09-30 18:19:00,2.95,14269.0,United Kingdom
C524844,21705,BAG 500g SWIRLY MARBLES,-5,2010-09-30 18:19:00,1.65,14269.0,United Kingdom
C524845,22197,SMALL POPCORN HOLDER,-4,2010-09-30 18:20:00,0.85,14156.0,EIRE
C524846,84946,ANTIQUE SILVER TEA GLASS ETCHED,-2,2010-09-30 18:21:00,1.25,16630.0,United Kingdom
C524847,22187,GREEN CHRISTMAS TREE CARD HOLDER,-1,2010-09-30 18:29:00,4.25,14875.0,United Kingdom
C524848,POST,POSTAGE,-1,2010-09-30 18:32:00,1.72,17519.0,United Kingdom
C524849,22665,RECIPE BOX BLUE SKETCHBOOK DESIGN,-1,2010-09-30 18:33:00,2.95,13985.0,United Kingdom
C524853,22215,CAKE STAND WHITE TWO TIER LACE,-1,2010-09-30 18:59:00,8.5,14702.0,United Kingdom
C524860,21843,RED RETROSPOT CAKE STAND,-1,2010-09-30 20:11:00,10.95,16441.0,United Kingdom
C524867,D,Discount,-1,2010-10-01 09:33:00,413.4,14912.0,Italy
C524935,21658,GLASS  BEURRE DISH,-10,2010-10-01 11:52:00,3.95,17389.0,United Kingdom
C524940,22503,CABIN BAG VINTAGE PAISLEY,-1,2010-10-01 12:09:00,29.95,17360.0,United Kingdom
C524941,M,Manual,-1,2010-10-01 12:11:00,170.0,,United Kingdom
C524941,M,Manual,-1,2010-10-01 12:11:00,40.0,,United Kingdom
C524946,21218,RED SPOTTY BISCUIT TIN,-4,2010-10-01 12:33:00,3.75,12648.0,Germany
C524947,22649,STRAWBERRY FAIRY CAKE TEAPOT,-1,2010-10-01 12:35:00,4.95,12471.0,Germany
C524947,22556,PLASTERS IN TIN CIRCUS PARADE,-4,2010-10-01 12:35:00,1.65,12471.0,Germany
C524947,22423,REGENCY CAKESTAND 3 TIER,-2,2010-10-01 12:35:00,12.75,12471.0,Germany
C524947,20914,SET/5 RED SPOTTY LID GLASS BOWLS,-1,2010-10-01 12:35:00,2.95,12471.0,Germany
C524947,22813,PACK 3 BOXES BIRD PANNETONE,-1,2010-10-01 12:35:00,1.95,12471.0,Germany
C524954,POST,POSTAGE,-1,2010-10-01 13:13:00,18.0,12609.0,Germany
C524962,47422,ASSORTED MONKEY SUCTION CUP HOOK,-24,2010-10-01 13:43:00,0.42,12474.0,Germany
C524979,22156,HEART DECORATION WITH PEARLS,-1,2010-10-01 15:20:00,0.85,18075.0,United Kingdom
C524979,20702,PINK PADDED MOBILE,-2,2010-10-01 15:20:00,4.25,18075.0,United Kingdom
C524980,22423,REGENCY CAKESTAND 3 TIER,-1,2010-10-01 15:23:00,10.95,13093.0,United Kingdom
C524980,22630,DOLLY GIRL LUNCH BOX,-1,2010-10-01 15:23:00,1.95,13093.0,United Kingdom
C524981,22120,WELCOME  WOODEN BLOCK LETTERS,-1,2010-10-01 15:24:00,8.5,16293.0,United Kingdom
C524984,21533,RETRO SPOT LARGE MILK JUG,-1,2010-10-01 15:36:00,4.95,16177.0,United Kingdom
C524984,21754,HOME BUILDING BLOCK WORD,-3,2010-10-01 15:36:00,5.95,16177.0,United Kingdom
C524993,22946,WOODEN ADVENT CALENDAR CREAM,-1,2010-10-01 16:42:00,16.95,13257.0,United Kingdom
C524995,22423,REGENCY CAKESTAND 3 TIER,-6,2010-10-01 16:44:00,10.95,15093.0,United Kingdom
C524996,22154,ANGEL DECORATION 3 BUTTONS,-10,2010-10-01 16:45:00,0.42,13141.0,United Kingdom
C524996,22505,MEMO BOARD COTTAGE DESIGN,-4,2010-10-01 16:45:00,4.95,13141.0,United Kingdom
C524997,84946,ANTIQUE SILVER TEA GLASS ETCHED,-1,2010-10-01 16:51:00,1.25,16875.0,United Kingdom
C524998,21430,SET/3 RED GINGHAM ROSE STORAGE BOX,-3,2010-10-01 17:00:00,3.75,12720.0,Germany
C525005,22423,REGENCY CAKESTAND 3 TIER,-3,2010-10-03 10:42:00,10.95,14156.0,EIRE
C525026,22486,PLASMATRONIC LAMP,-1,2010-10-03 12:07:00,12.75,13534.0,United Kingdom
C525026,22854,CREAM SWEETHEART EGG HOLDER,-1,2010-10-03 12:07:00,4.95,13534.0,United Kingdom
C525026,22646,CERAMIC STRAWBERRY CAKE MONEY BANK,-2,2010-10-03 12:07:00,1.45,13534.0,United Kingdom
C525026,21231,SWEETHEART CERAMIC TRINKET BOX,-5,2010-10-03 12:07:00,1.25,13534.0,United Kingdom
C525026,21232,STRAWBERRY CERAMIC TRINKET BOX,-2,2010-10-03 12:07:00,1.25,13534.0,United Kingdom
C525026,22647,CERAMIC LOVE HEART MONEY BANK,-3,2010-10-03 12:07:00,1.45,13534.0,United Kingdom
C525027,21735,TWO DOOR CURIO CABINET,-2,2010-10-03 12:08:00,10.95,17416.0,United Kingdom
C525028,21143,ANTIQUE GLASS HEART DECORATION,-1,2010-10-03 12:11:00,1.95,16298.0,United Kingdom
C525034,22485,SET OF 2 WOODEN MARKET CRATES,-1,2010-10-03 12:32:00,12.75,13642.0,United Kingdom
C525043,22645,CERAMIC HEART FAIRY CAKE MONEY BANK,-2,2010-10-03 13:19:00,1.45,16218.0,United Kingdom
C525043,22646,CERAMIC STRAWBERRY CAKE MONEY BANK,-2,2010-10-03 13:19:00,1.45,16218.0,United Kingdom
C525043,22644,CERAMIC CHERRY CAKE MONEY BANK,-5,2010-10-03 13:19:00,1.45,16218.0,United Kingdom
C525044,20712,JUMBO BAG WOODLAND ANIMALS,-2,2010-10-03 13:21:00,1.95,17612.0,United Kingdom
C525044,21931,JUMBO STORAGE BAG SUKI,-1,2010-10-03 13:21:00,1.95,17612.0,United Kingdom
C525044,22167,"WALL MIRROR , DIAMANTE OVAL SHAPE",-2,2010-10-03 13:21:00,9.95,17612.0,United Kingdom
C525044,22166,"WALL MIRROR , RECT DIAMANTE, PINK/",-2,2010-10-03 13:21:00,7.95,17612.0,United Kingdom
C525046,21667,GLASS CAKE COVER AND PLATE,-1,2010-10-03 13:23:00,16.95,15960.0,United Kingdom
C525050,22649,STRAWBERRY FAIRY CAKE TEAPOT,-1,2010-10-03 13:42:00,4.95,16799.0,United Kingdom
C525062,85048,15CM CHRISTMAS GLASS BALL 20 LIGHTS,-1,2010-10-03 14:20:00,7.95,13032.0,United Kingdom
C525062,22065,CHRISTMAS PUDDING TRINKET POT,-2,2010-10-03 14:20:00,1.45,13032.0,United Kingdom
C525062,22646,CERAMIC STRAWBERRY CAKE MONEY BANK,-1,2010-10-03 14:20:00,1.45,13032.0,United Kingdom
C525069,71038,WHITE HANGING BEADS CANDLE HOLDER,-1,2010-10-03 14:41:00,5.45,16549.0,United Kingdom
C525069,22630,DOLLY GIRL LUNCH BOX,-1,2010-10-03 14:41:00,1.95,16549.0,United Kingdom
C525076,85047,WHITE BEADED GARLAND STRING 20LIGHT,-3,2010-10-03 15:25:00,6.35,16485.0,United Kingdom
C525076,21155,RED SPOTTY PEG BAG,-1,2010-10-03 15:25:00,2.1,16485.0,United Kingdom
C525076,22197,SMALL POPCORN HOLDER,-2,2010-10-03 15:25:00,0.85,16485.0,United Kingdom
C525076,20914,SET/5 RED SPOTTY LID GLASS BOWLS,-1,2010-10-03 15:25:00,2.95,16485.0,United Kingdom
C525076,22311,OFFICE MUG WARMER BLACK+SILVER,-1,2010-10-03 15:25:00,2.95,16485.0,United Kingdom
C525078,82484,WOOD BLACK BOARD ANT WHITE FINISH,-6,2010-10-03 15:31:00,6.45,13590.0,United Kingdom
C525099,D,Discount,-1,2010-10-04 09:54:00,1.0,12346.0,United Kingdom
C525101,C2,CARRIAGE,-1,2010-10-04 10:02:00,50.0,13360.0,United Kingdom
C525111,85014B,RED/WHITE DOTS RUFFLED UMBRELLA,-3,2010-10-04 11:08:00,5.95,16057.0,United Kingdom
C525166,22749,FELTCRAFT PRINCESS CHARLOTTE DOLL,-1,2010-10-04 12:14:00,3.75,12474.0,Germany
C525168,21642,ASSORTED TUTTI FRUTTI PEN,-24,2010-10-04 12:15:00,0.85,14911.0,EIRE
C525190,POST,POSTAGE,-1,2010-10-04 12:32:00,5.0,12681.0,France
C525217,22367,CHILDRENS APRON SPACEBOY DESIGN,-8,2010-10-04 12:48:00,1.95,12768.0,Korea
C525217,21043,APRON MODERN VINTAGE COTTON,-3,2010-10-04 12:48:00,5.95,12768.0,Korea
C525217,20941,FROG CANDLE,-12,2010-10-04 12:48:00,1.25,12768.0,Korea
C525217,85118,HEART T-LIGHT HOLDER,-48,2010-10-04 12:48:00,0.38,12768.0,Korea
C525217,84625A,PINK NEW BAROQUECANDLESTICK CANDLE,-6,2010-10-04 12:48:00,2.95,12768.0,Korea
C525217,84625C,BLUE NEW BAROQUE CANDLESTICK CANDLE,-6,2010-10-04 12:48:00,2.95,12768.0,Korea
C525217,85174,S/4 CACTI CANDLES,-4,2010-10-04 12:48:00,4.95,12768.0,Korea
C525217,85123A,WHITE HANGING HEART T-LIGHT HOLDER,-6,2010-10-04 12:48:00,2.95,12768.0,Korea
C525217,22378,WALL TIDY RETROSPOT,-5,2010-10-04 12:48:00,2.1,12768.0,Korea
C525217,22835,HOT WATER BOTTLE I AM SO POORLY,-4,2010-10-04 12:48:00,4.65,12768.0,Korea
C525229,84997D,PINK 3 PIECE MINI DOTS CUTLERY SET,-6,2010-10-04 14:07:00,3.75,12631.0,Finland
C525229,21238,RED SPOTTY CUP,-4,2010-10-04 14:07:00,0.85,12631.0,Finland
C525229,21239,PINK  SPOTTY CUP,-4,2010-10-04 14:07:00,0.85,12631.0,Finland
C525270,85232D,SET/3 DECOUPAGE STACKING TINS,-2,2010-10-04 16:21:00,4.95,15394.0,United Kingdom
C525272,TEST001,This is a test product.,-1,2010-10-04 16:29:00,4.5,16454.0,United Kingdom
C525273,TEST001,This is a test product.,-1,2010-10-04 16:30:00,4.5,16454.0,United Kingdom
C525274,TEST001,This is a test product.,-1,2010-10-04 16:33:00,4.5,12346.0,United Kingdom
C525275,TEST001,This is a test product.,-2,2010-10-04 16:38:00,4.5,16446.0,United Kingdom
525292,20825,GOLD WINE GLASS,-90,2010-10-05 09:05:00,0.0,,United Kingdom
C525313,M,Manual,-1,2010-10-05 10:47:00,445.06,14328.0,United Kingdom
C525398,M,Manual,-1,2010-10-05 11:47:00,10468.8,14063.0,United Kingdom
C525400,M,Manual,-1,2010-10-05 11:52:00,2769.9,14063.0,United Kingdom
C525405,22282,12 EGG HOUSE PAINTED WOOD,-1,2010-10-05 11:59:00,12.75,16065.0,United Kingdom
C525409,22349,"DOG BOWL , CHASING BALL DESIGN",-6,2010-10-05 12:32:00,3.75,16362.0,United Kingdom
C525414,22487,WHITE WOOD GARDEN PLANT LADDER,-1,2010-10-05 12:40:00,9.95,14064.0,United Kingdom
C525415,M,Manual,-1,2010-10-05 12:43:00,208.63,13290.0,United Kingdom
C525432,22810,SET OF 6 T-LIGHTS SNOWMEN,-10,2010-10-05 13:14:00,2.95,15490.0,United Kingdom
C525445,48188,DOOR MAT WELCOME PUPPIES,-2,2010-10-05 13:54:00,7.95,14978.0,United Kingdom
C525450,M,Manual,-1,2010-10-05 14:10:00,359.71,13448.0,United Kingdom
C525461,M,Manual,-1,2010-10-05 14:46:00,159.54,14802.0,United Kingdom
525460,22423,REGENCY CAKESTAND 3 TIER,-35,2010-10-05 14:46:00,0.0,,United Kingdom
C525462,M,Manual,-1,2010-10-05 14:49:00,1343.44,14802.0,United Kingdom
C525463,22422,TOOTHPASTE TUBE PEN,-24,2010-10-05 14:50:00,0.65,12425.0,Portugal
C525463,85049E,SCANDINAVIAN REDS RIBBONS,-12,2010-10-05 14:50:00,1.25,12425.0,Portugal
C525463,84789,ENCHANTED BIRD PLANT CAGE,-4,2010-10-05 14:50:00,3.75,12425.0,Portugal
C525463,37495,FAIRY CAKE BIRTHDAY CANDLE SET,-4,2010-10-05 14:50:00,3.75,12425.0,Portugal
C525470,M,Manual,-1,2010-10-05 15:12:00,7044.79,15413.0,United Kingdom
C525471,M,Manual,-1,2010-10-05 15:15:00,2285.31,15413.0,United Kingdom
C525486,84839,SWEETHEART KEY CABINET,-1,2010-10-05 16:10:00,6.75,15750.0,United Kingdom
C525486,47594A,CAROUSEL DESIGN WASHBAG,-1,2010-10-05 16:10:00,1.95,15750.0,United Kingdom
C525499,M,Manual,-1,2010-10-05 16:49:00,2545.85,,United Kingdom
C525501,22423,REGENCY CAKESTAND 3 TIER,-1,2010-10-05 16:53:00,12.75,15808.0,United Kingdom
C525502,M,Manual,-1,2010-10-05 16:55:00,2366.4,14156.0,EIRE
525506,85216,ASSORTED CAKES FRIDGE MAGNETS,-569,2010-10-05 17:03:00,0.0,,United Kingdom
525509,82581,TOILET METAL SIGN,-500,2010-10-05 17:05:00,0.0,,United Kingdom
525511,20798,CLEAR MILKSHAKE GLASS,-130,2010-10-05 17:06:00,0.0,,United Kingdom
C525521,21430,SET/3 RED GINGHAM ROSE STORAGE BOX,-1,2010-10-05 17:15:00,3.75,14451.0,United Kingdom
525525,22138,BAKING SET 9 PIECE RETROSPOT,-2000,2010-10-05 18:05:00,0.0,,United Kingdom
C525529,22493,PAINT YOUR OWN CANVAS SET,-1,2010-10-05 19:01:00,1.65,13198.0,United Kingdom
C525529,82615,PINK MARSHMALLOW SCARF KNITTING KIT,-2,2010-10-05 19:01:00,2.95,13198.0,United Kingdom
C525529,85063,CREAM SWEETHEART MAGAZINE RACK,-1,2010-10-05 19:01:00,16.95,13198.0,United Kingdom
C525529,22168,ORGANISER WOOD ANTIQUE WHITE,-2,2010-10-05 19:01:00,8.5,13198.0,United Kingdom
C525530,85066,CREAM SWEETHEART MINI CHEST,-1,2010-10-05 19:03:00,12.75,12975.0,United Kingdom
C525530,85065,CREAM SWEETHEART TRAYS,-1,2010-10-05 19:03:00,12.75,12975.0,United Kingdom
C525530,85063,CREAM SWEETHEART MAGAZINE RACK,-2,2010-10-05 19:03:00,16.95,12975.0,United Kingdom
C525531,POST,POSTAGE,-1,2010-10-05 19:04:00,4.58,17612.0,United Kingdom
C525531,22278,OVERNIGHT BAG VINTAGE ROSE PAISLEY,-3,2010-10-05 19:04:00,4.95,17612.0,United Kingdom
C525532,22355,CHARLOTTE BAG SUKI DESIGN,-1,2010-10-05 19:05:00,0.85,12468.0,Germany
C525532,22138,BAKING SET 9 PIECE RETROSPOT,-1,2010-10-05 19:05:00,4.95,12468.0,Germany
C525533,82483,WOOD 2 DRAWER CABINET WHITE FINISH,-2,2010-10-05 19:06:00,4.95,17340.0,United Kingdom
C525534,21217,RED SPOTTY ROUND CAKE TINS,-1,2010-10-05 19:07:00,9.95,16108.0,United Kingdom
C525534,22138,BAKING SET 9 PIECE RETROSPOT,-3,2010-10-05 19:07:00,4.95,16108.0,United Kingdom
C525535,22752,SET 7 BABUSHKA NESTING BOXES,-2,2010-10-05 19:08:00,8.5,14564.0,Channel Islands
C525536,22467,GUMBALL COAT RACK,-25,2010-10-05 19:09:00,2.1,15093.0,United Kingdom
C525537,85048,15CM CHRISTMAS GLASS BALL 20 LIGHTS,-1,2010-10-05 19:10:00,7.95,13922.0,United Kingdom
C525538,22149,FELTCRAFT 6 FLOWER FRIENDS,-3,2010-10-05 19:11:00,2.1,16817.0,United Kingdom
C525538,22567,20 DOLLY PEGS RETROSPOT,-3,2010-10-05 19:11:00,1.25,16817.0,United Kingdom
C525539,82483,WOOD 2 DRAWER CABINET WHITE FINISH,-4,2010-10-05 19:12:00,5.95,14120.0,United Kingdom
C525540,84534B,FAIRY CAKE NOTEBOOK A5 SIZE,-4,2010-10-05 19:13:00,0.85,18226.0,United Kingdom
C525540,21868,POTTING SHED TEA MUG,-4,2010-10-05 19:13:00,1.25,18226.0,United Kingdom
C525541,22423,REGENCY CAKESTAND 3 TIER,-2,2010-10-05 19:15:00,12.75,17706.0,United Kingdom
C525542,22698,PINK REGENCY TEACUP AND SAUCER,-4,2010-10-05 19:19:00,2.95,17732.0,United Kingdom
C525544,22064,PINK DOUGHNUT TRINKET POT,-2,2010-10-05 19:22:00,1.65,16232.0,United Kingdom
C525545,22423,REGENCY CAKESTAND 3 TIER,-2,2010-10-05 19:23:00,12.75,16570.0,United Kingdom
C525545,22383,LUNCH BAG SUKI  DESIGN,-1,2010-10-05 19:23:00,1.65,16570.0,United Kingdom
C525546,20702,PINK PADDED MOBILE,-3,2010-10-05 19:25:00,4.25,14776.0,United Kingdom
C525546,20703,BLUE PADDED SOFT MOBILE,-3,2010-10-05 19:25:00,4.25,14776.0,United Kingdom
C525547,POST,POSTAGE,-1,2010-10-05 19:27:00,7.06,13648.0,United Kingdom
C525547,85066,CREAM SWEETHEART MINI CHEST,-1,2010-10-05 19:27:00,12.75,13648.0,United Kingdom
C525548,22197,SMALL POPCORN HOLDER,-12,2010-10-05 19:28:00,0.85,15382.0,United Kingdom
C525549,22835,HOT WATER BOTTLE I AM SO POORLY,-1,2010-10-05 19:29:00,4.65,15502.0,United Kingdom
C525550,22158,3 HEARTS HANGING DECORATION RUSTIC,-8,2010-10-05 19:31:00,2.95,15270.0,United Kingdom
C525550,22156,HEART DECORATION WITH PEARLS,-7,2010-10-05 19:31:00,0.85,15270.0,United Kingdom
C525550,75049L,LARGE CIRCULAR MIRROR MOBILE,-18,2010-10-05 19:31:00,0.85,15270.0,United Kingdom
C525550,22158,3 HEARTS HANGING DECORATION RUSTIC,-8,2010-10-05 19:31:00,2.95,15270.0,United Kingdom
C525550,75049L,LARGE CIRCULAR MIRROR MOBILE,-85,2010-10-05 19:31:00,0.85,15270.0,United Kingdom
C525550,22158,3 HEARTS HANGING DECORATION RUSTIC,-8,2010-10-05 19:31:00,2.95,15270.0,United Kingdom
C525550,22338,STAR DECORATION PAINTED ZINC,-2,2010-10-05 19:31:00,0.65,15270.0,United Kingdom
C525550,22335,HEART DECORATION PAINTED ZINC,-4,2010-10-05 19:31:00,0.65,15270.0,United Kingdom
C525550,22591,CARDHOLDER GINGHAM CHRISTMAS TREE,-2,2010-10-05 19:31:00,2.55,15270.0,United Kingdom
C525551,21291,SMALL SPOTTY CHOCOLATE GIFT BAG,-2,2010-10-05 19:40:00,0.85,14299.0,United Kingdom
C525551,22821,GIFT BAG PSYCHEDELIC APPLES,-4,2010-10-05 19:40:00,0.65,14299.0,United Kingdom
C525552,22752,SET 7 BABUSHKA NESTING BOXES,-1,2010-10-05 19:41:00,8.5,14292.0,United Kingdom
C525553,22697,GREEN REGENCY TEACUP AND SAUCER,-1,2010-10-05 19:42:00,2.95,13267.0,United Kingdom
C525553,22630,DOLLY GIRL LUNCH BOX,-1,2010-10-05 19:42:00,1.95,13267.0,United Kingdom
C525554,22617,BAKING SET SPACEBOY DESIGN,-17,2010-10-05 19:49:00,4.25,13881.0,United Kingdom
C525554,22138,BAKING SET 9 PIECE RETROSPOT,-12,2010-10-05 19:49:00,4.25,13881.0,United Kingdom
C525555,22138,BAKING SET 9 PIECE RETROSPOT,-4,2010-10-05 19:50:00,4.25,14676.0,United Kingdom
C525555,21212,PACK OF 72 RETRO SPOT CAKE CASES,-24,2010-10-05 19:50:00,0.55,14676.0,United Kingdom
C525555,22909,SET OF 20 VINTAGE CHRISTMAS NAPKINS,-5,2010-10-05 19:50:00,0.85,14676.0,United Kingdom
C525555,22809,SET OF 6 T-LIGHTS SANTA,-12,2010-10-05 19:50:00,2.55,14676.0,United Kingdom
C525556,22138,BAKING SET 9 PIECE RETROSPOT,-3,2010-10-05 19:51:00,4.95,15144.0,United Kingdom
C525557,37495,FAIRY CAKE BIRTHDAY CANDLE SET,-1,2010-10-05 19:52:00,3.75,16490.0,United Kingdom
C525557,20932,PINK POT PLANT CANDLE,-2,2010-10-05 19:52:00,3.75,16490.0,United Kingdom
C525557,20931,BLUE POT PLANT CANDLE,-4,2010-10-05 19:52:00,3.75,16490.0,United Kingdom
C525558,22156,HEART DECORATION WITH PEARLS,-3,2010-10-05 19:54:00,0.85,16600.0,United Kingdom
C525558,22667,RECIPE BOX RETROSPOT,-1,2010-10-05 19:54:00,2.95,16600.0,United Kingdom
C525558,84877B,GREEN ROUND COMPACT MIRROR,-2,2010-10-05 19:54:00,1.25,16600.0,United Kingdom
C525558,84876D,BLUE HEART COMPACT MIRROR,-2,2010-10-05 19:54:00,1.25,16600.0,United Kingdom
C525558,21262,WHITE GOOSE FEATHER CHRISTMAS TREE,-5,2010-10-05 19:54:00,2.95,16600.0,United Kingdom
C525559,22729,ALARM CLOCK BAKELIKE ORANGE,-4,2010-10-05 19:55:00,3.75,15658.0,United Kingdom
C525559,22423,REGENCY CAKESTAND 3 TIER,-1,2010-10-05 19:55:00,12.75,15658.0,United Kingdom
C525559,22697,GREEN REGENCY TEACUP AND SAUCER,-1,2010-10-05 19:55:00,2.95,15658.0,United Kingdom
C525561,85232A,SET/3 POLKA DOT STACKING TINS,-3,2010-10-05 19:56:00,4.95,13883.0,United Kingdom
C525560,22423,REGENCY CAKESTAND 3 TIER,-3,2010-10-05 19:56:00,12.75,17146.0,United Kingdom
C525562,72807B,SET/3 OCEAN SCENT CANDLE JEWEL BOX,-3,2010-10-05 19:57:00,4.25,14425.0,United Kingdom
C525563,22423,REGENCY CAKESTAND 3 TIER,-6,2010-10-05 19:59:00,12.75,15736.0,United Kingdom
C525563,22215,CAKE STAND WHITE TWO TIER LACE,-2,2010-10-05 19:59:00,8.5,15736.0,United Kingdom
C525563,22138,BAKING SET 9 PIECE RETROSPOT,-1,2010-10-05 19:59:00,4.95,15736.0,United Kingdom
C525567,M,Manual,-1,2010-10-06 09:56:00,731.05,,United Kingdom
C525580,22114,HOT WATER BOTTLE TEA AND SYMPATHY,-1,2010-10-06 11:09:00,3.95,17243.0,United Kingdom
C525582,22138,BAKING SET 9 PIECE RETROSPOT,-3,2010-10-06 11:15:00,4.95,13674.0,United Kingdom
C525582,22634,CHILDS BREAKFAST SET SPACEBOY,-1,2010-10-06 11:15:00,9.95,13674.0,United Kingdom
C525626,D,Discount,-1,2010-10-06 12:04:00,12.16,14527.0,United Kingdom
C525651,22617,BAKING SET SPACEBOY DESIGN,-2,2010-10-06 12:13:00,4.95,13554.0,United Kingdom
C525651,22138,BAKING SET 9 PIECE RETROSPOT,-2,2010-10-06 12:13:00,4.95,13554.0,United Kingdom
C525651,21418,STARFISH SOAP DISH,-3,2010-10-06 12:13:00,2.55,13554.0,United Kingdom
C525651,21755,LOVE BUILDING BLOCK WORD,-1,2010-10-06 12:13:00,5.95,13554.0,United Kingdom
C525651,22118,JOY WOODEN BLOCK LETTERS,-1,2010-10-06 12:13:00,4.95,13554.0,United Kingdom
C525695,C2,CARRIAGE,-1,2010-10-06 12:31:00,25.0,18284.0,United Kingdom
C525699,20829,GLITTER HANGING BUTTERFLY STRING,-200,2010-10-06 12:42:00,0.41,12931.0,United Kingdom
C525722,22617,BAKING SET SPACEBOY DESIGN,-1,2010-10-06 15:01:00,4.95,18272.0,United Kingdom
C525722,22634,CHILDS BREAKFAST SET SPACEBOY,-2,2010-10-06 15:01:00,9.95,18272.0,United Kingdom
C525758,21232,STRAWBERRY CERAMIC TRINKET BOX,-1,2010-10-07 10:30:00,1.25,14243.0,United Kingdom
C525758,21429,RED GINGHAM ROSE JEWELLERY BOX,-1,2010-10-07 10:30:00,1.65,14243.0,United Kingdom
C525758,21539,RED RETROSPOT BUTTER DISH,-1,2010-10-07 10:30:00,4.95,14243.0,United Kingdom
525759,85065,CREAM SWEETHEART TRAYS,-31,2010-10-07 10:34:00,0.0,,United Kingdom
C525782,16169P,WRAP GREEN RUSSIAN FOLKART,-25,2010-10-07 11:25:00,0.42,12748.0,United Kingdom
C525782,22959,WRAP CHRISTMAS VILLAGE,-25,2010-10-07 11:25:00,0.42,12748.0,United Kingdom
C525876,BANK CHARGES,Bank Charges,-1,2010-10-07 14:12:00,15.0,13776.0,United Kingdom
C525880,M,Manual,-1,2010-10-07 14:25:00,176.96,17424.0,United Kingdom
C525894,22951,60 CAKE CASES DOLLY GIRL DESIGN,-120,2010-10-07 15:12:00,0.42,12429.0,Denmark
C525896,M,Manual,-1,2010-10-07 15:31:00,311.99,13776.0,United Kingdom
C525901,22252,BIRDCAGE DECORATION TEALIGHT HOLDER,-7,2010-10-07 15:42:00,1.25,12578.0,Italy
C525901,22617,BAKING SET SPACEBOY DESIGN,-2,2010-10-07 15:42:00,4.95,12578.0,Italy
C525901,22418,10 COLOUR SPACEBOY PEN,-12,2010-10-07 15:42:00,0.85,12578.0,Italy
C525904,20781,GOLD EAR MUFF HEADPHONES,-2,2010-10-07 15:46:00,5.49,14321.0,United Kingdom
C525904,20702,PINK PADDED MOBILE,-2,2010-10-07 15:46:00,4.25,14321.0,United Kingdom
C525907,M,Manual,-1,2010-10-07 16:09:00,311.99,13776.0,United Kingdom
C525908,22617,BAKING SET SPACEBOY DESIGN,-3,2010-10-07 16:11:00,4.95,16979.0,United Kingdom
C525908,22138,BAKING SET 9 PIECE RETROSPOT,-3,2010-10-07 16:11:00,4.95,16979.0,United Kingdom
C525910,M,Manual,-1,2010-10-07 16:12:00,311.99,,United Kingdom
C525911,22171,3 HOOK PHOTO SHELF ANTIQUE WHITE,-2,2010-10-07 16:14:00,8.5,13964.0,United Kingdom
C525914,BANK CHARGES,Bank Charges,-1,2010-10-07 16:14:00,45.0,13776.0,United Kingdom
C525915,21745,GAOLERS KEYS DECORATIVE GARDEN,-3,2010-10-07 16:15:00,3.75,13939.0,United Kingdom
C525916,22472,TV DINNER TRAY DOLLY GIRL,-3,2010-10-07 16:16:00,4.95,18178.0,United Kingdom
C525917,37447,CERAMIC CAKE DESIGN SPOTTED PLATE,-2,2010-10-07 16:17:00,1.49,16269.0,United Kingdom
C525918,11001,ASSTD DESIGN RACING CAR PEN,-1,2010-10-07 16:26:00,1.69,13623.0,United Kingdom
C525918,37449,CERAMIC CAKE STAND + HANGING CAKES,-1,2010-10-07 16:26:00,9.95,13623.0,United Kingdom
C525918,90203,SILVER CHARM NECKLACE 70CM,-1,2010-10-07 16:26:00,7.5,13623.0,United Kingdom
C525924,22618,COOKING SET RETROSPOT,-1,2010-10-07 16:43:00,9.95,15358.0,United Kingdom
C525924,22494,EMERGENCY FIRST AID TIN,-3,2010-10-07 16:43:00,1.25,15358.0,United Kingdom
C525924,21918,SET 12 KIDS COLOUR  CHALK STICKS,-1,2010-10-07 16:43:00,0.42,15358.0,United Kingdom
C525924,21917,SET 12 KIDS  WHITE CHALK STICKS,-2,2010-10-07 16:43:00,0.42,15358.0,United Kingdom
C525925,22363,GLASS JAR MARMALADE,-3,2010-10-07 16:46:00,2.95,16584.0,United Kingdom
C525925,22362,GLASS JAR PEACOCK BATH SALTS,-2,2010-10-07 16:46:00,2.95,16584.0,United Kingdom
C525925,22359,GLASS JAR KINGS CHOICE,-4,2010-10-07 16:46:00,2.95,16584.0,United Kingdom
C525925,22360,GLASS JAR ENGLISH CONFECTIONERY,-4,2010-10-07 16:46:00,2.95,16584.0,United Kingdom
C525925,22361,GLASS JAR DAISY FRESH COTTON WOOL,-2,2010-10-07 16:46:00,2.95,16584.0,United Kingdom
C525925,22364,GLASS JAR DIGESTIVE BISCUITS,-2,2010-10-07 16:46:00,2.95,16584.0,United Kingdom
C525927,22423,REGENCY CAKESTAND 3 TIER,-1,2010-10-07 16:47:00,12.75,14909.0,United Kingdom
C525929,21564,PINK  HEART SHAPE LOVE BUCKET,-2,2010-10-07 16:51:00,2.95,13599.0,United Kingdom
C525929,22184,CAKE STAND VICTORIAN FILIGREE LARGE,-2,2010-10-07 16:51:00,3.95,13599.0,United Kingdom
C525930,35004G,SET OF 3 GOLD FLYING DUCKS,-3,2010-10-07 16:54:00,1.95,16145.0,United Kingdom
C525930,35004B,SET OF 3 BLACK FLYING DUCKS,-2,2010-10-07 16:54:00,1.95,16145.0,United Kingdom
C525930,84625D,WHITE NEWBAROQUE CANDLESTICK CANDLE,-16,2010-10-07 16:54:00,0.85,16145.0,United Kingdom
C525930,84625A,PINK NEW BAROQUECANDLESTICK CANDLE,-8,2010-10-07 16:54:00,0.85,16145.0,United Kingdom
C525930,35968,FOLK ART METAL HEART T-LIGHT HOLDER,-1,2010-10-07 16:54:00,0.38,16145.0,United Kingdom
C525932,21955,DOOR MAT UNION JACK GUNS AND ROSES,-10,2010-10-07 16:58:00,6.75,14534.0,United Kingdom
C525933,M,Manual,-1,2010-10-07 16:59:00,267.05,13776.0,United Kingdom
C525936,22553,PLASTERS IN TIN SKULLS,-2,2010-10-07 17:08:00,1.65,17706.0,United Kingdom
C525936,22494,EMERGENCY FIRST AID TIN,-1,2010-10-07 17:08:00,1.25,17706.0,United Kingdom
C525936,22666,RECIPE BOX PANTRY YELLOW DESIGN,-6,2010-10-07 17:08:00,2.95,17706.0,United Kingdom
C525936,21464,DISCO BALL ROTATOR BATTERY OPERATED,-6,2010-10-07 17:08:00,4.25,17706.0,United Kingdom
C525936,21463,MIRRORED DISCO BALL,-6,2010-10-07 17:08:00,5.95,17706.0,United Kingdom
C525936,21534,DAIRY MAID LARGE MILK JUG,-1,2010-10-07 17:08:00,4.95,17706.0,United Kingdom
C525937,72529W,WHITE ADVENT CANDLE,-15,2010-10-07 17:16:00,1.69,18220.0,United Kingdom
C525937,72529W,WHITE ADVENT CANDLE,-59,2010-10-07 17:16:00,1.69,18220.0,United Kingdom
C525938,POST,POSTAGE,-1,2010-10-07 17:18:00,9.68,15664.0,United Kingdom
C525939,22228,BUNNY WOODEN PAINTED WITH BIRD,-12,2010-10-07 17:21:00,0.85,13015.0,United Kingdom
C525939,22231,JIGSAW TREE WITH BIRDHOUSE,-12,2010-10-07 17:21:00,1.45,13015.0,United Kingdom
C525939,22230,JIGSAW TREE WITH WATERING CAN,-12,2010-10-07 17:21:00,0.85,13015.0,United Kingdom
C525939,22229,BUNNY WOODEN PAINTED WITH FLOWER,-12,2010-10-07 17:21:00,0.85,13015.0,United Kingdom
C525939,22233,JIGSAW RABBIT AND BIRDHOUSE,-12,2010-10-07 17:21:00,1.65,13015.0,United Kingdom
C525940,21813,GARLAND WITH STARS AND BELLS,-12,2010-10-07 17:23:00,4.95,15614.0,United Kingdom
C525940,21812,GARLAND WITH HEARTS AND BELLS,-12,2010-10-07 17:23:00,4.95,15614.0,United Kingdom
C525946,21533,RETRO SPOT LARGE MILK JUG,-1,2010-10-07 17:45:00,4.25,15955.0,United Kingdom
C525946,21868,POTTING SHED TEA MUG,-1,2010-10-07 17:45:00,1.25,15955.0,United Kingdom
C525946,84945,MULTI COLOUR SILVER T-LIGHT HOLDER,-1,2010-10-07 17:45:00,0.85,15955.0,United Kingdom
C525946,22697,GREEN REGENCY TEACUP AND SAUCER,-1,2010-10-07 17:45:00,2.95,15955.0,United Kingdom
C525954,21843,RED RETROSPOT CAKE STAND,-1,2010-10-07 19:27:00,10.95,12472.0,Germany
C525954,21206,STRAWBERRY HONEYCOMB  GARLAND,-2,2010-10-07 19:27:00,1.65,12472.0,Germany
C525954,21244,BLUE  SPOTTY PLATE,-1,2010-10-07 19:27:00,1.69,12472.0,Germany
C525954,20676,RED SPOTTY BOWL,-1,2010-10-07 19:27:00,1.25,12472.0,Germany
C525954,21238,RED SPOTTY CUP,-3,2010-10-07 19:27:00,0.85,12472.0,Germany
C525954,21668,RED STRIPE CERAMIC DRAWER KNOB,-1,2010-10-07 19:27:00,1.25,12472.0,Germany
C525954,21672,WHITE SPOT RED CERAMIC DRAWER KNOB,-3,2010-10-07 19:27:00,1.25,12472.0,Germany
C525954,22242,"HOOK, 5 HANGER , MAGIC TOADSTOOL",-8,2010-10-07 19:27:00,1.65,12472.0,Germany
C525954,22244,"HOOK, 3 HANGER ,MAGIC GARDEN",-1,2010-10-07 19:27:00,1.95,12472.0,Germany
C525954,22212,FOUR HOOK  WHITE LOVEBIRDS,-2,2010-10-07 19:27:00,2.1,12472.0,Germany
C525954,22243,"HOOK, 5 HANGER ,MAGIC TOADSTOOL RED",-8,2010-10-07 19:27:00,1.65,12472.0,Germany
C525954,22467,GUMBALL COAT RACK,-8,2010-10-07 19:27:00,2.1,12472.0,Germany
C525955,84945,MULTI COLOUR SILVER T-LIGHT HOLDER,-1,2010-10-07 19:28:00,0.85,13360.0,United Kingdom
C525955,21843,RED RETROSPOT CAKE STAND,-1,2010-10-07 19:28:00,10.95,13360.0,United Kingdom
C525956,22065,CHRISTMAS PUDDING TRINKET POT,-7,2010-10-07 19:29:00,1.45,13320.0,United Kingdom
C525957,85160B,BLACK BIRD GARDEN DESIGN MUG,-2,2010-10-07 19:31:00,1.25,17726.0,United Kingdom
C525958,84945,MULTI COLOUR SILVER T-LIGHT HOLDER,-12,2010-10-07 19:32:00,0.85,15122.0,United Kingdom
C525958,84946,ANTIQUE SILVER TEA GLASS ETCHED,-1,2010-10-07 19:32:00,1.25,15122.0,United Kingdom
C525962,84032A,CHARLIE+LOLA PINK HOT WATER BOTTLE,-1,2010-10-07 20:00:00,2.95,,United Kingdom
C525962,20725,LUNCH BAG RED SPOTTY,-1,2010-10-07 20:00:00,1.65,,United Kingdom
C525962,22384,LUNCH BAG PINK RETROSPOT,-1,2010-10-07 20:00:00,1.65,,United Kingdom
C525962,22632,HAND WARMER RED RETROSPOT,-1,2010-10-07 20:00:00,2.1,,United Kingdom
C525962,21556,CERAMIC STRAWBERRY MONEY BOX,-1,2010-10-07 20:00:00,2.55,,United Kingdom
C525962,22582,PACK OF 6 SWEETIE GIFT BOXES,-2,2010-10-07 20:00:00,2.55,,United Kingdom
C525962,21078,SET/20 STRAWBERRY PAPER NAPKINS,-2,2010-10-07 20:00:00,0.85,,United Kingdom
C525982,35810A,ENAMEL PINK COFFEE CONTAINER,-1,2010-10-08 11:24:00,2.1,13564.0,United Kingdom
C525982,21333,CLASSIC WHITE FRAME,-1,2010-10-08 11:24:00,2.95,13564.0,United Kingdom
C525982,21903,MAN FLU METAL SIGN,-1,2010-10-08 11:24:00,2.1,13564.0,United Kingdom
C525982,20724,RED SPOTTY CHARLOTTE BAG,-1,2010-10-08 11:24:00,0.85,13564.0,United Kingdom
C525982,85066,CREAM SWEETHEART MINI CHEST,-1,2010-10-08 11:24:00,12.75,13564.0,United Kingdom
C525982,72008,FROSTED BOX 9 WHITE T-LIGHT CANDLES,-1,2010-10-08 11:24:00,0.42,13564.0,United Kingdom
C525982,84706D,CHERRY BLOSSOM TABLE CLOCK,-1,2010-10-08 11:24:00,1.95,13564.0,United Kingdom
C526051,22666,RECIPE BOX PANTRY YELLOW DESIGN,-3,2010-10-08 11:51:00,2.95,16156.0,United Kingdom
C526088,79323W,WHITE CHERRY LIGHTS,-1,2010-10-08 12:14:00,4.25,17809.0,United Kingdom
C526088,M,Manual,-1,2010-10-08 12:14:00,50.0,17809.0,United Kingdom
C526095,22138,BAKING SET 9 PIECE RETROSPOT,-3,2010-10-08 12:27:00,4.95,13257.0,United Kingdom
C526110,22059,CERAMIC STRWBERRY DESIGN MUG,-2,2010-10-08 13:03:00,1.49,13113.0,United Kingdom
C526110,37448,CERAMIC CAKE DESIGN SPOTTED MUG,-3,2010-10-08 13:03:00,1.49,13113.0,United Kingdom
C526110,22470,HEART OF WICKER LARGE,-1,2010-10-08 13:03:00,2.55,13113.0,United Kingdom
C526110,84751B,BLACK MEDIUM GLASS CAKE STAND,-2,2010-10-08 13:03:00,3.75,13113.0,United Kingdom
C526111,22138,BAKING SET 9 PIECE RETROSPOT,-9,2010-10-08 13:14:00,4.95,14322.0,United Kingdom
C526111,85123A,WHITE HANGING HEART T-LIGHT HOLDER,-4,2010-10-08 13:14:00,2.95,14322.0,United Kingdom
C526116,22220,CAKE STAND LOVEBIRD 2 TIER WHITE,-2,2010-10-08 13:21:00,9.95,13014.0,United Kingdom
C526116,22215,CAKE STAND WHITE TWO TIER LACE,-2,2010-10-08 13:21:00,8.5,13014.0,United Kingdom
C526116,37495,FAIRY CAKE BIRTHDAY CANDLE SET,-6,2010-10-08 13:21:00,3.75,13014.0,United Kingdom
C526117,22812,PACK 3 BOXES CHRISTMAS PANNETONE,-2,2010-10-08 13:22:00,1.95,12471.0,Germany
C526117,22649,STRAWBERRY FAIRY CAKE TEAPOT,-1,2010-10-08 13:22:00,4.95,12471.0,Germany
C526117,22646,CERAMIC STRAWBERRY CAKE MONEY BANK,-1,2010-10-08 13:22:00,1.45,12471.0,Germany
C526117,22556,PLASTERS IN TIN CIRCUS PARADE,-4,2010-10-08 13:22:00,1.65,12471.0,Germany
C526117,22423,REGENCY CAKESTAND 3 TIER,-2,2010-10-08 13:22:00,12.75,12471.0,Germany
C526117,20914,SET/5 RED SPOTTY LID GLASS BOWLS,-1,2010-10-08 13:22:00,2.95,12471.0,Germany
C526119,22467,GUMBALL COAT RACK,-7,2010-10-08 13:26:00,2.1,17696.0,United Kingdom
C526126,POST,POSTAGE,-10,2010-10-08 13:58:00,18.0,14646.0,Netherlands
C526129,21016,LIGHT BIRD HOUSE TREE DECORATION,-4,2010-10-08 14:09:00,0.42,17172.0,United Kingdom
C526131,22423,REGENCY CAKESTAND 3 TIER,-1,2010-10-08 14:12:00,12.75,14229.0,United Kingdom
C526133,22485,SET OF 2 WOODEN MARKET CRATES,-2,2010-10-08 14:20:00,12.75,14564.0,Channel Islands
C526135,22634,CHILDS BREAKFAST SET SPACEBOY,-2,2010-10-08 14:22:00,9.95,13005.0,United Kingdom
C526136,22138,BAKING SET 9 PIECE RETROSPOT,-24,2010-10-08 14:22:00,4.25,14885.0,United Kingdom
C526137,72807A,SET/3 ROSE CANDLE IN JEWELLED BOX,-3,2010-10-08 14:24:00,4.25,14425.0,United Kingdom
C526143,22591,CARDHOLDER GINGHAM CHRISTMAS TREE,-2,2010-10-08 14:46:00,2.55,16554.0,United Kingdom
C526143,84978,HANGING HEART JAR T-LIGHT HOLDER,-8,2010-10-08 14:46:00,1.25,16554.0,United Kingdom
C526143,22212,FOUR HOOK  WHITE LOVEBIRDS,-4,2010-10-08 14:46:00,2.1,16554.0,United Kingdom
C526143,72815,3 WICK CHRISTMAS BRIAR CANDLE,-2,2010-10-08 14:46:00,3.75,16554.0,United Kingdom
C526143,85066,CREAM SWEETHEART MINI CHEST,-1,2010-10-08 14:46:00,12.75,16554.0,United Kingdom
C526143,82482,WOODEN PICTURE FRAME WHITE FINISH,-2,2010-10-08 14:46:00,2.55,16554.0,United Kingdom
C526143,82494L,WOODEN FRAME ANTIQUE WHITE,-1,2010-10-08 14:46:00,2.95,16554.0,United Kingdom
C526143,22173,METAL 4 HOOK HANGER FRENCH CHATEAU,-1,2010-10-08 14:46:00,2.95,16554.0,United Kingdom
C526143,84946,ANTIQUE SILVER TEA GLASS ETCHED,-2,2010-10-08 14:46:00,1.25,16554.0,United Kingdom
C526143,72780,BLACK SILOUETTE CANDLE PLATE,-12,2010-10-08 14:46:00,0.85,16554.0,United Kingdom
C526144,21452,TOADSTOOL MONEY BOX,-6,2010-10-08 14:51:00,2.95,15144.0,United Kingdom
C526146,22147,FELTCRAFT BUTTERFLY HEARTS,-4,2010-10-08 14:52:00,1.45,15469.0,United Kingdom
C526147,22138,BAKING SET 9 PIECE RETROSPOT,-1,2010-10-08 14:58:00,4.95,15712.0,United Kingdom
C526148,85063,CREAM SWEETHEART MAGAZINE RACK,-6,2010-10-08 14:59:00,14.95,14258.0,United Kingdom
C526173,37450,CERAMIC CAKE BOWL + HANGING CAKES,-1,2010-10-10 11:13:00,2.95,13736.0,United Kingdom
C526198,22645,CERAMIC HEART FAIRY CAKE MONEY BANK,-12,2010-10-10 12:55:00,1.45,17085.0,United Kingdom
C526198,22644,CERAMIC CHERRY CAKE MONEY BANK,-6,2010-10-10 12:55:00,1.45,17085.0,United Kingdom
C526198,22646,CERAMIC STRAWBERRY CAKE MONEY BANK,-12,2010-10-10 12:55:00,1.45,17085.0,United Kingdom
C526198,22646,CERAMIC STRAWBERRY CAKE MONEY BANK,-6,2010-10-10 12:55:00,1.45,17085.0,United Kingdom
C526203,22423,REGENCY CAKESTAND 3 TIER,-2,2010-10-10 13:11:00,12.75,14693.0,United Kingdom
C526270,21527,RED RETROSPOT TRADITIONAL TEAPOT,-1,2010-10-11 11:12:00,6.95,14590.0,United Kingdom
C526270,21539,RED RETROSPOT BUTTER DISH,-1,2010-10-11 11:12:00,4.25,14590.0,United Kingdom
C526270,21530,DAIRY MAID TOASTRACK,-2,2010-10-11 11:12:00,2.95,14590.0,United Kingdom
C526270,22073,RED RETROSPOT STORAGE JAR,-2,2010-10-11 11:12:00,3.39,14590.0,United Kingdom
C526348,22221,CAKE STAND LOVEBIRD 2 TIER PINK,-2,2010-10-11 12:16:00,9.95,16919.0,United Kingdom
C526386,82483,WOOD 2 DRAWER CABINET WHITE FINISH,-2,2010-10-11 12:47:00,5.95,15708.0,United Kingdom
C526398,21931,JUMBO STORAGE BAG SUKI,-1,2010-10-11 13:34:00,1.65,15311.0,United Kingdom
C526398,22061,LARGE CAKE STAND  HANGING STRAWBERY,-1,2010-10-11 13:34:00,8.5,15311.0,United Kingdom
C526398,16201A,PASTEL PINK PHOTO ALBUM,-2,2010-10-11 13:34:00,1.95,15311.0,United Kingdom
C526398,21232,STRAWBERRY CERAMIC TRINKET BOX,-1,2010-10-11 13:34:00,1.06,15311.0,United Kingdom
C526398,85123A,WHITE HANGING HEART T-LIGHT HOLDER,-1,2010-10-11 13:34:00,2.55,15311.0,United Kingdom
C526398,20894,HANGING BAUBLE T-LIGHT HOLDER LARGE,-2,2010-10-11 13:34:00,2.55,15311.0,United Kingdom
C526398,35004C,SET OF 3 COLOURED  FLYING DUCKS,-3,2010-10-11 13:34:00,4.65,15311.0,United Kingdom
C526398,40001,WHITE BAMBOO RIBS LAMPSHADE,-8,2010-10-11 13:34:00,0.64,15311.0,United Kingdom
C526398,82483,WOOD 2 DRAWER CABINET WHITE FINISH,-1,2010-10-11 13:34:00,4.95,15311.0,United Kingdom
C526456,M,Manual,-1,2010-10-11 15:45:00,1.0,17755.0,United Kingdom
C526456,20677,PINK SPOTTY BOWL,-8,2010-10-11 15:45:00,1.25,17755.0,United Kingdom
C526456,20675,BLUE SPOTTY BOWL,-8,2010-10-11 15:45:00,1.25,17755.0,United Kingdom
C526456,37447,CERAMIC CAKE DESIGN SPOTTED PLATE,-5,2010-10-11 15:45:00,1.49,17755.0,United Kingdom
C526456,47590B,PINK HAPPY BIRTHDAY BUNTING,-2,2010-10-11 15:45:00,5.45,17755.0,United Kingdom
C526456,21054,NURSE'S BAG SOFT TOY,-2,2010-10-11 15:45:00,8.95,17755.0,United Kingdom
C526456,20726,LUNCH BAG WOODLAND,-1,2010-10-11 15:45:00,1.65,17755.0,United Kingdom
C526456,21242,RED SPOTTY PLATE,-1,2010-10-11 15:45:00,1.69,17755.0,United Kingdom
C526456,21244,BLUE  SPOTTY PLATE,-1,2010-10-11 15:45:00,1.69,17755.0,United Kingdom
C526456,37449,CERAMIC CAKE STAND + HANGING CAKES,-1,2010-10-11 15:45:00,9.95,17755.0,United Kingdom
C526457,82600,NO SINGING METAL SIGN,-2,2010-10-11 15:49:00,2.1,17696.0,United Kingdom
C526457,21671,RED SPOT CERAMIC DRAWER KNOB,-1,2010-10-11 15:49:00,1.25,17696.0,United Kingdom
C526461,21238,RED SPOTTY CUP,-1,2010-10-11 16:11:00,0.72,16118.0,United Kingdom
C526461,85099C,JUMBO  BAG BAROQUE BLACK WHITE,-1,2010-10-11 16:11:00,1.65,16118.0,United Kingdom
C526463,22629,SPACEBOY LUNCH BOX,-12,2010-10-11 16:14:00,1.95,13107.0,United Kingdom
C526464,22464,HANGING METAL HEART LANTERN,-1,2010-10-11 16:24:00,1.65,14423.0,United Kingdom
C526466,21638,ASSORTED TUTTI FRUTTI NOTEBOOK,-8,2010-10-11 16:25:00,2.1,17095.0,United Kingdom
C526467,85152,HAND OVER THE CHOCOLATE   SIGN,-12,2010-10-11 16:26:00,2.1,15078.0,United Kingdom
C526467,82600,NO SINGING METAL SIGN,-2,2010-10-11 16:26:00,2.1,15078.0,United Kingdom
C526469,22061,LARGE CAKE STAND  HANGING STRAWBERY,-1,2010-10-11 16:36:00,9.95,16558.0,United Kingdom
C526469,22699,ROSES REGENCY TEACUP AND SAUCER,-1,2010-10-11 16:36:00,2.95,16558.0,United Kingdom
C526469,22698,PINK REGENCY TEACUP AND SAUCER,-2,2010-10-11 16:36:00,2.95,16558.0,United Kingdom
C526470,35004C,SET OF 3 COLOURED  FLYING DUCKS,-2,2010-10-11 16:38:00,5.45,13871.0,United Kingdom
C526470,21314,SMALL GLASS HEART TRINKET POT,-4,2010-10-11 16:38:00,2.1,13871.0,United Kingdom
C526474,22602,CHRISTMAS RETROSPOT HEART WOOD,-12,2010-10-11 17:03:00,0.85,14568.0,Channel Islands
C526475,84947,ANTIQUE SILVER TEA GLASS ENGRAVED,-1,2010-10-11 17:05:00,1.25,15622.0,United Kingdom
C526477,35400,WOODEN BOX ADVENT CALENDAR,-2,2010-10-11 17:08:00,8.95,18241.0,United Kingdom
C526478,22221,CAKE STAND LOVEBIRD 2 TIER PINK,-1,2010-10-11 17:11:00,9.95,16476.0,United Kingdom
C526481,22667,RECIPE BOX RETROSPOT,-2,2010-10-11 17:27:00,2.95,18226.0,United Kingdom
C526482,22423,REGENCY CAKESTAND 3 TIER,-6,2010-10-11 17:29:00,10.95,13089.0,United Kingdom
C526482,84949,SILVER HANGING T-LIGHT HOLDER,-8,2010-10-11 17:29:00,1.65,13089.0,United Kingdom
C526511,22423,REGENCY CAKESTAND 3 TIER,-2,2010-10-12 11:02:00,12.75,13849.0,United Kingdom
C526516,22423,REGENCY CAKESTAND 3 TIER,-1,2010-10-12 11:10:00,12.75,12471.0,Germany
C526516,22644,CERAMIC CHERRY CAKE MONEY BANK,-1,2010-10-12 11:10:00,1.45,12471.0,Germany
C526516,22646,CERAMIC STRAWBERRY CAKE MONEY BANK,-1,2010-10-12 11:10:00,1.45,12471.0,Germany
C526516,21232,STRAWBERRY CERAMIC TRINKET BOX,-1,2010-10-12 11:10:00,1.25,12471.0,Germany
C526516,21231,SWEETHEART CERAMIC TRINKET BOX,-1,2010-10-12 11:10:00,1.25,12471.0,Germany
C526519,20828,GLITTER BUTTERFLY CLIPS,-4,2010-10-12 11:12:00,2.55,13468.0,United Kingdom
C526519,21232,STRAWBERRY CERAMIC TRINKET BOX,-4,2010-10-12 11:12:00,1.25,13468.0,United Kingdom
C526522,21922,UNION STRIPE WITH FRINGE  HAMMOCK,-1,2010-10-12 11:15:00,7.95,14534.0,United Kingdom
C526523,22634,CHILDS BREAKFAST SET SPACEBOY,-1,2010-10-12 11:16:00,9.95,,United Kingdom
C526523,22635,CHILDS BREAKFAST SET DOLLY GIRL,-1,2010-10-12 11:16:00,9.95,,United Kingdom
C526523,21156,RETROSPOT CHILDRENS APRON,-2,2010-10-12 11:16:00,1.95,,United Kingdom
C526523,22444,GROW YOUR OWN PLANT IN A CAN,-1,2010-10-12 11:16:00,1.25,,United Kingdom
C526523,82580,BATHROOM METAL SIGN,-1,2010-10-12 11:16:00,0.55,,United Kingdom
C526526,22807,SET OF 6 T-LIGHTS TOADSTOOLS,-6,2010-10-12 11:22:00,2.95,18260.0,United Kingdom
C526526,22456,NATURAL SLATE CHALKBOARD LARGE,-1,2010-10-12 11:22:00,4.25,18260.0,United Kingdom
C526537,D,Discount,-1,2010-10-12 11:29:00,3.39,16422.0,United Kingdom
C526543,21735,TWO DOOR CURIO CABINET,-1,2010-10-12 11:31:00,12.75,17706.0,United Kingdom
C526593,82482,WOODEN PICTURE FRAME WHITE FINISH,-1,2010-10-12 11:53:00,2.55,14035.0,United Kingdom
C526593,22156,HEART DECORATION WITH PEARLS,-1,2010-10-12 11:53:00,0.85,14035.0,United Kingdom
C526596,20682,RED SPOTTY CHILDS UMBRELLA,-1,2010-10-12 11:54:00,3.25,16401.0,United Kingdom
C526596,22323,PINK POLKADOT KIDS BAG,-1,2010-10-12 11:54:00,1.95,16401.0,United Kingdom
526609,21735,TWO DOOR CURIO CABINET,-53,2010-10-12 12:17:00,0.0,,United Kingdom
C526616,21671,RED SPOT CERAMIC DRAWER KNOB,-12,2010-10-12 12:26:00,1.25,17841.0,United Kingdom
C526616,22636,CHILDS BREAKFAST SET CIRCUS PARADE,-1,2010-10-12 12:26:00,8.5,17841.0,United Kingdom
C526630,D,Discount,-1,2010-10-12 13:01:00,11.3,14527.0,United Kingdom
C526648,85232D,SET/3 DECOUPAGE STACKING TINS,-1,2010-10-12 13:40:00,4.95,14243.0,United Kingdom
C526653,21340,CLASSIC METAL BIRDCAGE PLANT HOLDER,-2,2010-10-12 14:10:00,12.75,15046.0,United Kingdom
C526653,21823,PAINTED METAL HEART WITH HOLLY BELL,-24,2010-10-12 14:10:00,1.45,15046.0,United Kingdom
C526667,22807,SET OF 6 T-LIGHTS TOADSTOOLS,-12,2010-10-12 15:30:00,2.55,14846.0,United Kingdom
C526670,20749,ASSORTED COLOUR MINI CASES,-1,2010-10-12 15:58:00,7.95,13541.0,United Kingdom
C526670,22138,BAKING SET 9 PIECE RETROSPOT,-12,2010-10-12 15:58:00,4.95,13541.0,United Kingdom
C526671,17003,BROCADE RING PURSE,-700,2010-10-12 16:03:00,0.05,16422.0,United Kingdom
C526726,22187,GREEN CHRISTMAS TREE CARD HOLDER,-1,2010-10-12 17:27:00,4.25,15978.0,United Kingdom
C526727,21808,"CHRISTMAS GARLAND STARS,TREES",-2,2010-10-12 17:29:00,3.75,16325.0,United Kingdom
C526727,21804,WHITE CHRISTMAS GARLAND STARS TREES,-2,2010-10-12 17:29:00,3.75,16325.0,United Kingdom
C526728,21843,RED RETROSPOT CAKE STAND,-10,2010-10-12 17:32:00,9.95,14299.0,United Kingdom
C526730,21486,PINK HEART DOTS HOT WATER BOTTLE,-1,2010-10-12 17:35:00,3.75,17091.0,United Kingdom
C526731,22465,HANGING METAL STAR LANTERN,-2,2010-10-12 17:49:00,1.65,12476.0,Germany
C526731,21658,GLASS  BEURRE DISH,-1,2010-10-12 17:49:00,3.95,12476.0,Germany
C526732,22156,HEART DECORATION WITH PEARLS,-1,2010-10-12 17:51:00,0.85,14035.0,United Kingdom
C526734,22138,BAKING SET 9 PIECE RETROSPOT,-4,2010-10-12 17:53:00,4.95,13440.0,United Kingdom
C526735,85063,CREAM SWEETHEART MAGAZINE RACK,-1,2010-10-12 17:57:00,14.95,15291.0,United Kingdom
C526735,82484,WOOD BLACK BOARD ANT WHITE FINISH,-6,2010-10-12 17:57:00,5.55,15291.0,United Kingdom
C526736,21527,RED RETROSPOT TRADITIONAL TEAPOT,-1,2010-10-12 17:59:00,7.95,15596.0,United Kingdom
C526737,22908,PACK OF 20 NAPKINS RED APPLES,-3,2010-10-12 18:00:00,0.85,15978.0,United Kingdom
C526739,84755,COLOUR GLASS T-LIGHT HOLDER HANGING,-3,2010-10-12 18:05:00,0.65,,United Kingdom
C526740,22423,REGENCY CAKESTAND 3 TIER,-1,2010-10-12 18:15:00,12.75,13455.0,United Kingdom
C526740,21232,STRAWBERRY CERAMIC TRINKET BOX,-2,2010-10-12 18:15:00,1.25,13455.0,United Kingdom
C526740,85014B,RED/WHITE DOTS RUFFLED UMBRELLA,-1,2010-10-12 18:15:00,5.95,13455.0,United Kingdom
C526740,22649,STRAWBERRY FAIRY CAKE TEAPOT,-1,2010-10-12 18:15:00,4.95,13455.0,United Kingdom
C526742,22487,WHITE WOOD GARDEN PLANT LADDER,-8,2010-10-12 18:17:00,8.5,13881.0,United Kingdom
C526743,22544,MINI JIGSAW SPACEBOY,-48,2010-10-12 18:30:00,0.42,12993.0,United Kingdom
C526743,22545,MINI JIGSAW BUNNIES,-48,2010-10-12 18:30:00,0.42,12993.0,United Kingdom
C526744,22669,RED BABY BUNTING,-5,2010-10-12 18:33:00,2.95,15358.0,United Kingdom
C526803,85232A,SET/3 POLKA DOT STACKING TINS,-1,2010-10-13 11:37:00,4.95,12480.0,Germany
C526803,21217,RED SPOTTY ROUND CAKE TINS,-1,2010-10-13 11:37:00,9.95,12480.0,Germany
C526803,22138,BAKING SET 9 PIECE RETROSPOT,-3,2010-10-13 11:37:00,4.95,12480.0,Germany
C526814,21622,VINTAGE UNION JACK CUSHION COVER,-1,2010-10-13 11:43:00,4.95,17377.0,United Kingdom
C526837,M,Manual,-1,2010-10-13 11:52:00,756.4,13378.0,United Kingdom
C526839,22423,REGENCY CAKESTAND 3 TIER,-3,2010-10-13 11:56:00,12.75,15611.0,United Kingdom
C526840,85066,CREAM SWEETHEART MINI CHEST,-2,2010-10-13 11:58:00,12.75,14329.0,United Kingdom
C526844,22661,CHARLOTTE BAG DOLLY GIRL DESIGN,-1,2010-10-13 12:08:00,0.85,12909.0,United Kingdom
C526844,37447,CERAMIC CAKE DESIGN SPOTTED PLATE,-2,2010-10-13 12:08:00,1.49,12909.0,United Kingdom
C526851,22574,HEART WOODEN CHRISTMAS DECORATION,-96,2010-10-13 12:37:00,0.85,16775.0,United Kingdom
C526855,M,Manual,-1,2010-10-13 12:55:00,1108.44,15202.0,United Kingdom
C526858,M,Manual,-1,2010-10-13 13:01:00,2667.88,15202.0,United Kingdom
C526880,22196,SMALL HEART MEASURING SPOONS,-1,2010-10-13 14:19:00,0.72,17511.0,United Kingdom
C526880,20675,BLUE SPOTTY BOWL,-1,2010-10-13 14:19:00,1.06,17511.0,United Kingdom
C526880,20674,GREEN SPOTTY BOWL,-1,2010-10-13 14:19:00,1.06,17511.0,United Kingdom
C526880,20677,PINK SPOTTY BOWL,-1,2010-10-13 14:19:00,1.06,17511.0,United Kingdom
C526880,20676,RED SPOTTY BOWL,-1,2010-10-13 14:19:00,1.06,17511.0,United Kingdom
C526880,47568,ENGLISH ROSE DESIGN PEG BAG,-1,2010-10-13 14:19:00,1.69,17511.0,United Kingdom
C526880,21930,JUMBO STORAGE BAG SKULLS,-1,2010-10-13 14:19:00,1.65,17511.0,United Kingdom
C526880,22197,SMALL POPCORN HOLDER,-1,2010-10-13 14:19:00,0.72,17511.0,United Kingdom
C526880,85123A,WHITE HANGING HEART T-LIGHT HOLDER,-1,2010-10-13 14:19:00,2.55,17511.0,United Kingdom
C526880,22659,LUNCH BOX I LOVE LONDON,-1,2010-10-13 14:19:00,1.65,17511.0,United Kingdom
C526880,22618,COOKING SET RETROSPOT,-1,2010-10-13 14:19:00,8.49,17511.0,United Kingdom
C526886,35004C,SET OF 3 COLOURED  FLYING DUCKS,-1,2010-10-13 14:24:00,5.45,16725.0,United Kingdom
C526898,22505,MEMO BOARD COTTAGE DESIGN,-1,2010-10-13 14:57:00,4.95,15351.0,United Kingdom
C526912,22503,CABIN BAG VINTAGE PAISLEY,-1,2010-10-13 15:57:00,24.95,12709.0,Germany
C526912,21216,"SET 3 RED SPOT TIN TEA,COFFEE,SUGAR",-1,2010-10-13 15:57:00,4.25,12709.0,Germany
C526912,22467,GUMBALL COAT RACK,-1,2010-10-13 15:57:00,2.1,12709.0,Germany
C526912,22423,REGENCY CAKESTAND 3 TIER,-2,2010-10-13 15:57:00,10.95,12709.0,Germany
526917,84406B,CREAM CUPID HEARTS COAT HANGER,-11,2010-10-13 16:21:00,0.0,,United Kingdom
C526918,20967,GREY FLORAL FELTCRAFT SHOULDER BAG,-2,2010-10-13 16:22:00,3.75,16281.0,United Kingdom
C526925,22360,GLASS JAR ENGLISH CONFECTIONERY,-5,2010-10-13 17:22:00,2.95,13199.0,United Kingdom
C526929,84946,ANTIQUE SILVER TEA GLASS ETCHED,-1,2010-10-14 09:22:00,1.25,13093.0,United Kingdom
C526931,22628,PICNIC BOXES SET OF 3 RETROSPOT,-1,2010-10-14 09:33:00,4.95,14930.0,Channel Islands
C526939,84247E,PACK/12 XMAS FUN CARD,-11,2010-10-14 10:11:00,2.95,15898.0,United Kingdom
C526956,21843,RED RETROSPOT CAKE STAND,-1,2010-10-14 11:01:00,10.95,15339.0,United Kingdom
C526956,22507,MEMO BOARD RETROSPOT  DESIGN,-1,2010-10-14 11:01:00,4.95,15339.0,United Kingdom
C526956,22423,REGENCY CAKESTAND 3 TIER,-2,2010-10-14 11:01:00,12.75,15339.0,United Kingdom
C527019,20725,LUNCH BAG RED SPOTTY,-1,2010-10-14 11:49:00,1.45,14680.0,United Kingdom
C527019,22355,CHARLOTTE BAG SUKI DESIGN,-1,2010-10-14 11:49:00,0.72,14680.0,United Kingdom
C527019,22384,LUNCH BAG PINK RETROSPOT,-4,2010-10-14 11:49:00,1.65,14680.0,United Kingdom
C527019,21931,JUMBO STORAGE BAG SUKI,-1,2010-10-14 11:49:00,1.95,14680.0,United Kingdom
C527019,20713,JUMBO BAG OWLS,-1,2010-10-14 11:49:00,1.95,14680.0,United Kingdom
C527020,22417,PACK OF 60 SPACEBOY CAKE CASES,-24,2010-10-14 11:52:00,0.55,12589.0,France
C527020,20716,PARTY FOOD SHOPPER BAG,-10,2010-10-14 11:52:00,1.25,12589.0,France
C527020,16156S,WRAP PINK FAIRY CAKES,-25,2010-10-14 11:52:00,0.42,12589.0,France
C527020,84987,SET OF 36 TEATIME PAPER DOILIES,-12,2010-10-14 11:52:00,1.45,12589.0,France
C527020,21720,CAKE SHOP  STICKER SHEET,-12,2010-10-14 11:52:00,0.85,12589.0,France
C527020,21123,SET/10 IVORY SPOTTY PARTY CANDLES,-24,2010-10-14 11:52:00,1.25,12589.0,France
C527020,85216,ASSORTED CAKES FRIDGE MAGNETS,-12,2010-10-14 11:52:00,0.65,12589.0,France
C527020,84991,60 TEATIME FAIRY CAKE CASES,-24,2010-10-14 11:52:00,0.55,12589.0,France
C527020,22659,LUNCH BOX I LOVE LONDON,-12,2010-10-14 11:52:00,1.95,12589.0,France
C527020,21125,SET 6 FOOTBALL CELEBRATION CANDLES,-12,2010-10-14 11:52:00,1.25,12589.0,France
C527020,22646,CERAMIC STRAWBERRY CAKE MONEY BANK,-12,2010-10-14 11:52:00,1.45,12589.0,France
C527020,22624,IVORY KITCHEN SCALES,-2,2010-10-14 11:52:00,8.5,12589.0,France
C527020,22634,CHILDS BREAKFAST SET SPACEBOY,-6,2010-10-14 11:52:00,9.95,12589.0,France
C527020,22218,CAKE STAND LACE WHITE,-3,2010-10-14 11:52:00,4.25,12589.0,France
C527020,21977,PACK OF 60 PINK PAISLEY CAKE CASES,-24,2010-10-14 11:52:00,0.55,12589.0,France
C527020,21974,SET OF 36 PAISLEY FLOWER DOILIES,-12,2010-10-14 11:52:00,1.45,12589.0,France
C527020,21973,SET OF 36 MUSHROOM PAPER DOILIES,-12,2010-10-14 11:52:00,1.45,12589.0,France
C527020,21126,SET OF 6 GIRLS CELEBRATION CANDLES,-12,2010-10-14 11:52:00,1.25,12589.0,France
C527020,47570B,TEA TIME TABLE CLOTH,-2,2010-10-14 11:52:00,10.65,12589.0,France
C527020,21121,SET/10 RED SPOTTY PARTY CANDLES,-24,2010-10-14 11:52:00,1.25,12589.0,France
C527020,22645,CERAMIC HEART FAIRY CAKE MONEY BANK,-12,2010-10-14 11:52:00,1.45,12589.0,France
C527020,22138,BAKING SET 9 PIECE RETROSPOT,-3,2010-10-14 11:52:00,4.95,12589.0,France
C527020,21122,SET/10 PINK SPOTTY PARTY CANDLES,-24,2010-10-14 11:52:00,1.25,12589.0,France
C527020,47567B,TEA TIME KITCHEN APRON,-3,2010-10-14 11:52:00,5.95,12589.0,France
C527020,47591D,PINK FAIRY CAKE CHILD'S APRON,-8,2010-10-14 11:52:00,1.95,12589.0,France
C527020,22027,TEA PARTY BIRTHDAY CARD,-12,2010-10-14 11:52:00,0.42,12589.0,France
C527020,21976,PACK OF 60 MUSHROOM CAKE CASES,-24,2010-10-14 11:52:00,0.55,12589.0,France
C527020,21975,PACK OF 60 DINOSAUR CAKE CASES,-24,2010-10-14 11:52:00,0.55,12589.0,France
C527020,POST,POSTAGE,-3,2010-10-14 11:52:00,1.0,12589.0,France
C527024,85063,CREAM SWEETHEART MAGAZINE RACK,-5,2010-10-14 11:57:00,14.95,15291.0,United Kingdom
C527025,22865,HAND WARMER OWL DESIGN,-1,2010-10-14 11:59:00,2.1,12853.0,United Kingdom
C527025,22423,REGENCY CAKESTAND 3 TIER,-9,2010-10-14 11:59:00,10.95,12853.0,United Kingdom
C527029,22086,PAPER CHAIN KIT 50'S CHRISTMAS,-6,2010-10-14 12:11:00,2.95,15289.0,United Kingdom
C527031,22296,HEART IVORY TRELLIS LARGE,-1,2010-10-14 12:14:00,1.65,15696.0,United Kingdom
C527031,71279,PINK GLASS CANDLEHOLDER,-1,2010-10-14 12:14:00,2.95,15696.0,United Kingdom
C527031,22796,PHOTO FRAME 3 CLASSIC HANGING,-1,2010-10-14 12:14:00,9.95,15696.0,United Kingdom
C527031,22297,HEART IVORY TRELLIS SMALL,-1,2010-10-14 12:14:00,1.25,15696.0,United Kingdom
C527031,21527,RED RETROSPOT TRADITIONAL TEAPOT,-1,2010-10-14 12:14:00,7.95,15696.0,United Kingdom
C527031,84946,ANTIQUE SILVER TEA GLASS ETCHED,-1,2010-10-14 12:14:00,1.25,15696.0,United Kingdom
C527031,22766,PHOTO FRAME CORNICE,-1,2010-10-14 12:14:00,2.95,15696.0,United Kingdom
C527032,22487,WHITE WOOD GARDEN PLANT LADDER,-2,2010-10-14 12:16:00,9.95,17720.0,United Kingdom
C527032,22168,ORGANISER WOOD ANTIQUE WHITE,-2,2010-10-14 12:16:00,8.5,17720.0,United Kingdom
C527066,21808,"CHRISTMAS GARLAND STARS,TREES",-12,2010-10-14 14:03:00,3.75,15339.0,United Kingdom
C527066,21808,"CHRISTMAS GARLAND STARS,TREES",-24,2010-10-14 14:03:00,3.75,15339.0,United Kingdom
C527082,POST,POSTAGE,-1,2010-10-14 15:32:00,3.49,,United Kingdom
C527083,22769,CHALKBOARD KITCHEN ORGANISER,-1,2010-10-14 15:33:00,24.95,13485.0,United Kingdom
C527106,35001W,HAND OPEN SHAPE DECO.WHITE,-12,2010-10-14 17:13:00,2.95,15380.0,United Kingdom
C527106,35001G,HAND OPEN SHAPE GOLD,-4,2010-10-14 17:13:00,3.39,15380.0,United Kingdom
C527108,D,Discount,-1,2010-10-14 17:17:00,350.6,17389.0,United Kingdom
C527109,22304,COFFEE MUG BLUE PAISLEY DESIGN,-6,2010-10-14 17:22:00,2.55,17935.0,United Kingdom
C527109,22305,COFFEE MUG PINK PAISLEY DESIGN,-6,2010-10-14 17:22:00,2.55,17935.0,United Kingdom
527112,37448,CERAMIC CAKE DESIGN SPOTTED MUG,-80,2010-10-14 17:27:00,0.0,,United Kingdom
C527150,82616B,FRAPPUCINO SCARF KNITTING KIT,-1,2010-10-15 11:19:00,2.95,,United Kingdom
C527253,21936,RED RETROSPOT PICNIC BAG,-5,2010-10-15 12:32:00,2.95,16061.0,United Kingdom
C527259,M,Manual,-1,2010-10-15 12:41:00,1108.44,,United Kingdom
C527260,M,Manual,-1,2010-10-15 12:42:00,2667.88,,United Kingdom
C527263,M,Manual,-1,2010-10-15 12:46:00,345.01,15202.0,United Kingdom
C527269,M,Manual,-1,2010-10-15 13:03:00,2225.17,15202.0,United Kingdom
C527270,D,Discount,-1,2010-10-15 13:03:00,14.08,14527.0,United Kingdom
C527272,M,Manual,-1,2010-10-15 13:09:00,2225.17,15202.0,United Kingdom
C527289,22906,12 MESSAGE CARDS WITH ENVELOPES,-60,2010-10-15 14:07:00,1.45,18018.0,United Kingdom
C527289,16216,LETTER SHAPE PENCIL SHARPENER,-10,2010-10-15 14:07:00,0.16,18018.0,United Kingdom
C527289,16216,LETTER SHAPE PENCIL SHARPENER,-20,2010-10-15 14:07:00,0.16,18018.0,United Kingdom
C527289,20726,LUNCH BAG WOODLAND,-30,2010-10-15 14:07:00,1.65,18018.0,United Kingdom
C527319,M,Manual,-1,2010-10-15 14:51:00,125.96,16879.0,United Kingdom
C527329,M,Manual,-1,2010-10-15 15:11:00,158.65,13463.0,United Kingdom
C527332,M,Manual,-1,2010-10-15 15:25:00,530.31,14781.0,United Kingdom
C527339,M,Manual,-1,2010-10-15 15:35:00,830.12,13085.0,United Kingdom
C527342,21527,RED RETROSPOT TRADITIONAL TEAPOT,-1,2010-10-15 15:37:00,7.95,13446.0,United Kingdom
C527342,22061,LARGE CAKE STAND  HANGING STRAWBERY,-1,2010-10-15 15:37:00,9.95,13446.0,United Kingdom
527346,22784,LANTERN CREAM GAZEBO,-720,2010-10-15 15:48:00,0.0,,United Kingdom
C527357,85063,CREAM SWEETHEART MAGAZINE RACK,-1,2010-10-17 10:37:00,16.95,14044.0,United Kingdom
C527368,20703,BLUE PADDED SOFT MOBILE,-1,2010-10-17 11:35:00,4.25,12841.0,United Kingdom
C527389,79323B,BLACK CHERRY LIGHTS,-4,2010-10-17 13:14:00,6.75,17211.0,United Kingdom
C527405,22435,SET OF 9 HEART SHAPED BALLOONS,-100,2010-10-17 14:35:00,1.06,14800.0,United Kingdom
C527405,D,Discount,-1,2010-10-17 14:35:00,69.38,14800.0,United Kingdom
C527410,84378,SET OF 3 HEART COOKIE CUTTERS,-1,2010-10-17 15:02:00,1.06,13798.0,United Kingdom
C527410,35924,HANGING FAIRY CAKE DECORATION,-8,2010-10-17 15:02:00,1.69,13798.0,United Kingdom
C527410,82580,BATHROOM METAL SIGN,-1,2010-10-17 15:02:00,0.42,13798.0,United Kingdom
C527410,20725,LUNCH BAG RED SPOTTY,-2,2010-10-17 15:02:00,1.45,13798.0,United Kingdom
C527410,37450,CERAMIC CAKE BOWL + HANGING CAKES,-3,2010-10-17 15:02:00,2.55,13798.0,United Kingdom
C527410,20728,LUNCH BAG CARS BLUE,-1,2010-10-17 15:02:00,1.45,13798.0,United Kingdom
C527410,85099C,JUMBO  BAG BAROQUE BLACK WHITE,-3,2010-10-17 15:02:00,1.65,13798.0,United Kingdom
C527410,85099F,JUMBO BAG STRAWBERRY,-2,2010-10-17 15:02:00,1.65,13798.0,United Kingdom
C527410,20711,JUMBO BAG TOYS,-4,2010-10-17 15:02:00,1.65,13798.0,United Kingdom
C527410,85150,LADIES & GENTLEMEN METAL SIGN,-2,2010-10-17 15:02:00,2.1,13798.0,United Kingdom
C527410,20914,SET/5 RED SPOTTY LID GLASS BOWLS,-1,2010-10-17 15:02:00,2.55,13798.0,United Kingdom
C527410,21165,BEWARE OF THE CAT METAL SIGN,-2,2010-10-17 15:02:00,1.45,13798.0,United Kingdom
C527410,85099B,JUMBO BAG RED RETROSPOT,-6,2010-10-17 15:02:00,1.65,13798.0,United Kingdom
C527410,82597,BOMBS AWAY METAL SIGN,-1,2010-10-17 15:02:00,1.69,13798.0,United Kingdom
C527410,21928,JUMBO BAG SCANDINAVIAN PAISLEY,-1,2010-10-17 15:02:00,1.65,13798.0,United Kingdom
C527410,37446,MINI CAKE STAND WITH HANGING CAKES,-1,2010-10-17 15:02:00,1.25,13798.0,United Kingdom
C527410,22064,PINK DOUGHNUT TRINKET POT,-6,2010-10-17 15:02:00,1.45,13798.0,United Kingdom
C527410,21232,STRAWBERRY CERAMIC TRINKET BOX,-2,2010-10-17 15:02:00,1.06,13798.0,United Kingdom
C527410,21231,SWEETHEART CERAMIC TRINKET BOX,-7,2010-10-17 15:02:00,1.06,13798.0,United Kingdom
C527422,22170,PICTURE FRAME WOOD TRIPLE PORTRAIT,-4,2010-10-17 16:02:00,5.95,15551.0,United Kingdom
C527425,22440,BALLOON WATER BOMB PACK OF 35,-20,2010-10-17 16:10:00,0.42,14953.0,United Kingdom
C527430,21788,KIDS RAIN MAC BLUE,-3,2010-10-17 16:35:00,0.85,12835.0,United Kingdom
C527432,22170,PICTURE FRAME WOOD TRIPLE PORTRAIT,-4,2010-10-17 16:38:00,6.75,15551.0,United Kingdom
C527460,84670,JAPANESE CROCHETED ANIMAL,-100,2010-10-18 10:35:00,0.42,15574.0,United Kingdom
C527464,22507,MEMO BOARD RETROSPOT  DESIGN,-1,2010-10-18 10:48:00,4.95,14395.0,United Kingdom
C527464,82484,WOOD BLACK BOARD ANT WHITE FINISH,-1,2010-10-18 10:48:00,6.45,14395.0,United Kingdom
527465,21915,RED  HARMONICA IN BOX,-390,2010-10-18 10:51:00,0.0,,United Kingdom
C527469,22947,WOODEN ADVENT CALENDAR RED,-1,2010-10-18 11:13:00,16.95,17841.0,United Kingdom
C527469,22271,FELTCRAFT DOLL ROSIE,-1,2010-10-18 11:13:00,2.95,17841.0,United Kingdom
C527476,22215,CAKE STAND WHITE TWO TIER LACE,-4,2010-10-18 11:29:00,8.5,17667.0,United Kingdom
C527477,22070,SMALL RED RETROSPOT MUG IN BOX,-1,2010-10-18 11:31:00,3.75,16499.0,United Kingdom
C527477,22071,SMALL WHITE RETROSPOT MUG IN BOX,-1,2010-10-18 11:31:00,3.75,16499.0,United Kingdom
C527480,22583,PACK OF 6 HANDBAG GIFT BOXES,-17,2010-10-18 11:37:00,2.55,,United Kingdom
C527481,22361,GLASS JAR DAISY FRESH COTTON WOOL,-1,2010-10-18 11:37:00,2.95,16643.0,United Kingdom
C527481,22665,RECIPE BOX BLUE SKETCHBOOK DESIGN,-1,2010-10-18 11:37:00,2.95,16643.0,United Kingdom
C527481,22557,PLASTERS IN TIN VINTAGE PAISLEY,-1,2010-10-18 11:37:00,1.65,16643.0,United Kingdom
C527482,BANK CHARGES,Bank Charges,-1,2010-10-18 11:38:00,129.18,,United Kingdom
C527484,22423,REGENCY CAKESTAND 3 TIER,-2,2010-10-18 11:39:00,12.75,16558.0,United Kingdom
C527485,22911,PAPER CHAIN KIT LONDON,-6,2010-10-18 11:40:00,2.95,14961.0,United Kingdom
527487,17033,"BROCADE PURSE,SMALL ARCH BUTTON",-160,2010-10-18 11:43:00,0.0,,United Kingdom
527489,22689,DOORMAT MERRY CHRISTMAS RED,-36,2010-10-18 11:48:00,0.0,,United Kingdom
C527500,21238,RED SPOTTY CUP,-6,2010-10-18 12:17:00,0.85,17685.0,United Kingdom
C527501,21332,MOROCCAN BEATEN METAL MIRROR,-3,2010-10-18 12:21:00,9.95,16133.0,United Kingdom
C527506,20661,BLUE SPOTTY PURSE,-30,2010-10-18 12:30:00,2.95,17841.0,United Kingdom
C527516,D,Discount,-1,2010-10-18 13:03:00,619.92,18102.0,United Kingdom
C527534,22197,SMALL POPCORN HOLDER,-2,2010-10-18 13:21:00,0.72,15785.0,United Kingdom
C527534,22198,LARGE POPCORN HOLDER,-3,2010-10-18 13:21:00,1.45,15785.0,United Kingdom
C527546,21425,SKULLS STORAGE BOX LARGE,-6,2010-10-18 13:24:00,2.95,13971.0,United Kingdom
C527547,82494L,WOODEN FRAME ANTIQUE WHITE,-1,2010-10-18 13:24:00,2.95,15044.0,United Kingdom
C527547,21232,STRAWBERRY CERAMIC TRINKET BOX,-1,2010-10-18 13:24:00,1.25,15044.0,United Kingdom
C527547,21231,SWEETHEART CERAMIC TRINKET BOX,-1,2010-10-18 13:24:00,1.25,15044.0,United Kingdom
C527553,22671,FRENCH LAUNDRY SIGN BLUE METAL,-1,2010-10-18 13:27:00,1.65,15321.0,United Kingdom
C527553,22758,LARGE PURPLE BABUSHKA NOTEBOOK,-4,2010-10-18 13:27:00,1.25,15321.0,United Kingdom
C527553,22667,RECIPE BOX RETROSPOT,-1,2010-10-18 13:27:00,2.95,15321.0,United Kingdom
C527567,22138,BAKING SET 9 PIECE RETROSPOT,-18,2010-10-18 13:33:00,4.25,17457.0,United Kingdom
C527580,71477,COLOUR GLASS. STAR T-LIGHT HOLDER,-4,2010-10-18 13:36:00,3.25,14911.0,EIRE
C527589,85066,CREAM SWEETHEART MINI CHEST,-2,2010-10-18 13:39:00,12.75,16772.0,United Kingdom
C527589,22335,HEART DECORATION PAINTED ZINC,-24,2010-10-18 13:39:00,0.65,16772.0,United Kingdom
C527600,D,Discount,-1,2010-10-18 13:41:00,112.84,14646.0,Netherlands
C527606,21011,GLITTER SNOW PEAR TREE DECORATION,-3,2010-10-18 13:43:00,1.45,18075.0,United Kingdom
C527606,21735,TWO DOOR CURIO CABINET,-1,2010-10-18 13:43:00,12.75,18075.0,United Kingdom
C527606,21730,GLASS STAR FROSTED T-LIGHT HOLDER,-3,2010-10-18 13:43:00,4.95,18075.0,United Kingdom
C527606,20703,BLUE PADDED SOFT MOBILE,-2,2010-10-18 13:43:00,4.25,18075.0,United Kingdom
C527609,POST,POSTAGE,-1,2010-10-18 13:44:00,1.95,13922.0,United Kingdom
C527609,22604,SET OF 4 NAPKIN CHARMS CUTLERY,-12,2010-10-18 13:44:00,2.55,13922.0,United Kingdom
C527621,22910,PAPER CHAIN KIT VINTAGE CHRISTMAS,-12,2010-10-18 13:47:00,2.95,13368.0,United Kingdom
C527628,21012,ANTIQUE ALL GLASS CANDLESTICK,-2,2010-10-18 13:48:00,2.1,14754.0,United Kingdom
C527637,22156,HEART DECORATION WITH PEARLS,-4,2010-10-18 13:51:00,0.85,16476.0,United Kingdom
C527643,22636,CHILDS BREAKFAST SET CIRCUS PARADE,-1,2010-10-18 13:52:00,8.5,12457.0,Switzerland
C527643,22634,CHILDS BREAKFAST SET SPACEBOY,-3,2010-10-18 13:52:00,9.95,12457.0,Switzerland
C527643,22635,CHILDS BREAKFAST SET DOLLY GIRL,-4,2010-10-18 13:52:00,9.95,12457.0,Switzerland
C527647,84927A,WAKE UP COCKEREL TILE HOOK,-1,2010-10-18 13:54:00,2.1,15281.0,United Kingdom
C527647,85067,CREAM SWEETHEART WALL CABINET,-1,2010-10-18 13:54:00,18.95,15281.0,United Kingdom
C527647,21667,GLASS CAKE COVER AND PLATE,-1,2010-10-18 13:54:00,16.95,15281.0,United Kingdom
C527647,85030,FRENCH CHATEAU OVAL PLATTER,-1,2010-10-18 13:54:00,7.95,15281.0,United Kingdom
C527647,22560,TRADITIONAL MODELLING CLAY,-24,2010-10-18 13:54:00,1.25,15281.0,United Kingdom
527652,16245A,PINK MINI STATIONERY SET W CASE,-1,2010-10-18 13:56:00,0.0,,United Kingdom
C527653,22501,PICNIC BASKET WICKER LARGE,-1,2010-10-18 13:57:00,9.95,15252.0,United Kingdom
C527653,22894,TABLECLOTH RED APPLES DESIGN,-2,2010-10-18 13:57:00,8.5,15252.0,United Kingdom
C527659,22899,CHILDREN'S APRON DOLLY GIRL,-1,2010-10-18 14:20:00,2.1,15827.0,United Kingdom
C527659,22666,RECIPE BOX PANTRY YELLOW DESIGN,-2,2010-10-18 14:20:00,2.95,15827.0,United Kingdom
C527660,22423,REGENCY CAKESTAND 3 TIER,-6,2010-10-18 14:23:00,12.75,15502.0,United Kingdom
C527660,84755,COLOUR GLASS T-LIGHT HOLDER HANGING,-2,2010-10-18 14:23:00,0.65,15502.0,United Kingdom
C527660,22198,LARGE POPCORN HOLDER,-3,2010-10-18 14:23:00,1.65,15502.0,United Kingdom
C527660,85123A,WHITE HANGING HEART T-LIGHT HOLDER,-1,2010-10-18 14:23:00,2.1,15502.0,United Kingdom
C527660,17013D,ORIGAMI ROSE INCENSE IN TUBE,-1,2010-10-18 14:23:00,1.57,15502.0,United Kingdom
C527661,22946,WOODEN ADVENT CALENDAR CREAM,-1,2010-10-18 14:25:00,16.95,13663.0,United Kingdom
C527661,22947,WOODEN ADVENT CALENDAR RED,-1,2010-10-18 14:25:00,16.95,13663.0,United Kingdom
C527663,22156,HEART DECORATION WITH PEARLS,-19,2010-10-18 14:26:00,0.85,17422.0,United Kingdom
C527663,22184,CAKE STAND VICTORIAN FILIGREE LARGE,-2,2010-10-18 14:26:00,3.95,17422.0,United Kingdom
527682,22080,RIBBON REEL SPOTS DESIGN,-283,2010-10-18 14:53:00,0.0,,United Kingdom
527707,22138,BAKING SET 9 PIECE RETROSPOT,-135,2010-10-18 15:16:00,0.0,,United Kingdom
C527723,22423,REGENCY CAKESTAND 3 TIER,-1,2010-10-18 15:37:00,12.75,14572.0,United Kingdom
C527748,22850,BREAD BIN DINER STYLE BLACK,-6,2010-10-18 16:21:00,14.95,14850.0,United Kingdom
C527748,22850,BREAD BIN DINER STYLE BLACK,-2,2010-10-18 16:21:00,16.95,14850.0,United Kingdom
C527750,22059,CERAMIC STRWBERRY DESIGN MUG,-3,2010-10-18 16:31:00,1.49,15346.0,United Kingdom
C527790,22904,CALENDAR PAPER CUT DESIGN,-160,2010-10-19 11:12:00,2.95,12454.0,Spain
C527790,22271,FELTCRAFT DOLL ROSIE,-144,2010-10-19 11:12:00,2.95,12454.0,Spain
C527790,21056,DOCTOR'S BAG SOFT TOY,-40,2010-10-19 11:12:00,8.95,12454.0,Spain
C527790,22903,CALENDAR FAMILY FAVOURITES,-160,2010-10-19 11:12:00,2.95,12454.0,Spain
C527790,22670,FRENCH WC SIGN BLUE METAL,-576,2010-10-19 11:12:00,1.25,12454.0,Spain
C527790,22341,LOVE GARLAND PAINTED ZINC,-576,2010-10-19 11:12:00,1.65,12454.0,Spain
C527790,21381,MINI WOODEN HAPPY BIRTHDAY GARLAND,-288,2010-10-19 11:12:00,1.69,12454.0,Spain
C527790,21380,WOODEN HAPPY BIRTHDAY GARLAND,-288,2010-10-19 11:12:00,2.95,12454.0,Spain
C527844,22423,REGENCY CAKESTAND 3 TIER,-2,2010-10-19 11:29:00,12.75,15885.0,United Kingdom
C527878,22354,RETROSPOT PADDED SEAT CUSHION,-16,2010-10-19 11:38:00,3.75,,United Kingdom
C527878,22109,FULL ENGLISH BREAKFAST PLATE,-1,2010-10-19 11:38:00,3.75,,United Kingdom
C527878,22649,STRAWBERRY FAIRY CAKE TEAPOT,-2,2010-10-19 11:38:00,4.95,,United Kingdom
C527878,37500,TEA TIME TEAPOT IN GIFT BOX,-1,2010-10-19 11:38:00,9.95,,United Kingdom
C527893,M,Manual,-1,2010-10-19 12:22:00,416.46,,United Kingdom
C527897,POST,POSTAGE,-1,2010-10-19 12:36:00,39.67,,Lebanon
C527905,M,Manual,-1,2010-10-19 12:47:00,55.95,,United Kingdom
C527909,BANK CHARGES,Bank Charges,-1,2010-10-19 12:49:00,394.27,,United Kingdom
C527914,20802,SMALL GLASS SUNDAE DISH CLEAR,-8,2010-10-19 13:07:00,1.65,,United Kingdom
C527915,22667,RECIPE BOX RETROSPOT,-12,2010-10-19 13:07:00,2.95,13093.0,United Kingdom
C527916,21843,RED RETROSPOT CAKE STAND,-1,2010-10-19 13:09:00,10.95,14734.0,United Kingdom
C527919,82011A,"BATHROOM SCALES, TROPICAL BEACH",-1,2010-10-19 13:13:00,3.75,14911.0,EIRE
C527920,22634,CHILDS BREAKFAST SET SPACEBOY,-1,2010-10-19 13:16:00,8.5,13090.0,United Kingdom
C527923,22461,SAVOY ART DECO CLOCK,-1,2010-10-19 13:19:00,10.95,13078.0,United Kingdom
C527923,35004B,SET OF 3 BLACK FLYING DUCKS,-1,2010-10-19 13:19:00,1.95,13078.0,United Kingdom
C527927,90185A,AMBER DIAMANTE EXPANDABLE RING,-1,2010-10-19 13:25:00,4.25,14911.0,EIRE
C527927,90185B,AMETHYST DIAMANTE EXPANDABLE RING,-1,2010-10-19 13:25:00,4.25,14911.0,EIRE
C527927,90185C,BLACK DIAMANTE EXPANDABLE RING,-2,2010-10-19 13:25:00,4.25,14911.0,EIRE
C527930,21156,RETROSPOT CHILDRENS APRON,-1,2010-10-19 13:32:00,1.95,16795.0,United Kingdom
C527930,21444,BLUE CHALET BIRDFEEDER,-1,2010-10-19 13:32:00,3.75,16795.0,United Kingdom
C527930,21380,WOODEN HAPPY BIRTHDAY GARLAND,-1,2010-10-19 13:32:00,2.95,16795.0,United Kingdom
C527930,22268,EASTER DECORATION SITTING BUNNY,-1,2010-10-19 13:32:00,0.85,16795.0,United Kingdom
C527930,84839,SWEETHEART KEY CABINET,-1,2010-10-19 13:32:00,6.75,16795.0,United Kingdom
C527930,20832,RED FLOCK LOVE HEART PHOTO FRAME,-3,2010-10-19 13:32:00,0.85,16795.0,United Kingdom
C527931,22333,RETRO SPORT PARTY BAG + STICKER SET,-1,2010-10-19 13:33:00,1.65,17204.0,United Kingdom
C527931,22423,REGENCY CAKESTAND 3 TIER,-1,2010-10-19 13:33:00,12.75,17204.0,United Kingdom
C527931,21781,MA CAMPAGNE CUTLERY BOX,-1,2010-10-19 13:33:00,14.95,17204.0,United Kingdom
C527932,22633,HAND WARMER UNION JACK,-1,2010-10-19 13:34:00,2.1,13655.0,United Kingdom
C527932,22891,TEA FOR ONE POLKADOT,-1,2010-10-19 13:34:00,4.25,13655.0,United Kingdom
C527934,22752,SET 7 BABUSHKA NESTING BOXES,-2,2010-10-19 13:35:00,8.5,12921.0,United Kingdom
C527934,22570,FELTCRAFT CUSHION RABBIT,-4,2010-10-19 13:35:00,3.75,12921.0,United Kingdom
C527934,22274,FELTCRAFT DOLL EMILY,-1,2010-10-19 13:35:00,2.95,12921.0,United Kingdom
C527967,22796,PHOTO FRAME 3 CLASSIC HANGING,-1,2010-10-20 09:58:00,9.95,15281.0,United Kingdom
C527967,22891,TEA FOR ONE POLKADOT,-1,2010-10-20 09:58:00,4.25,15281.0,United Kingdom
C528062,POST,POSTAGE,-1,2010-10-20 12:17:00,52.46,12483.0,Sweden
C528075,22198,LARGE POPCORN HOLDER,-2,2010-10-20 12:39:00,1.65,16797.0,United Kingdom
C528075,22355,CHARLOTTE BAG SUKI DESIGN,-1,2010-10-20 12:39:00,0.85,16797.0,United Kingdom
C528093,S,SAMPLES,-1,2010-10-20 13:21:00,31.98,,United Kingdom
C528093,S,SAMPLES,-1,2010-10-20 13:21:00,104.52,,United Kingdom
C528093,S,SAMPLES,-1,2010-10-20 13:21:00,40.0,,United Kingdom
C528093,S,SAMPLES,-1,2010-10-20 13:21:00,113.97,,United Kingdom
C528093,S,SAMPLES,-1,2010-10-20 13:21:00,104.0,,United Kingdom
C528093,S,SAMPLES,-1,2010-10-20 13:21:00,51.0,,United Kingdom
C528093,S,SAMPLES,-1,2010-10-20 13:21:00,32.0,,United Kingdom
C528096,BANK CHARGES,Bank Charges,-1,2010-10-20 13:26:00,136.95,,United Kingdom
C528099,21914,BLUE HARMONICA IN BOX,-24,2010-10-20 13:31:00,1.25,14952.0,United Kingdom
C528099,84949,SILVER HANGING T-LIGHT HOLDER,-8,2010-10-20 13:31:00,1.65,14952.0,United Kingdom
C528103,S,SAMPLES,-1,2010-10-20 13:41:00,251.87,,United Kingdom
C528107,84664,CHERRY BLOSSOM BATHROOM CABINET,-4,2010-10-20 13:45:00,4.95,15291.0,United Kingdom
C528132,85087,CANDY SPOT CUSHION COVER,-1,2010-10-20 15:02:00,2.95,17817.0,United Kingdom
C528132,22725,ALARM CLOCK BAKELIKE CHOCOLATE,-1,2010-10-20 15:02:00,3.75,17817.0,United Kingdom
C528143,21156,RETROSPOT CHILDRENS APRON,-2,2010-10-20 15:45:00,1.95,12694.0,France
C528144,72760B,VINTAGE CREAM 3 BASKET CAKE STAND,-16,2010-10-20 15:56:00,8.49,16019.0,United Kingdom
C528148,22119,PEACE WOODEN BLOCK LETTERS,-3,2010-10-20 16:07:00,6.95,14911.0,EIRE
C528149,22218,CAKE STAND LACE WHITE,-6,2010-10-20 16:12:00,3.75,16019.0,United Kingdom
C528163,22165,"DIAMANTE HEART SHAPED WALL MIRROR,",-2,2010-10-21 09:33:00,8.8,15750.0,United Kingdom
C528171,22848,BREAD BIN DINER STYLE PINK,-1,2010-10-21 10:06:00,16.95,14644.0,United Kingdom
C528171,22847,BREAD BIN DINER STYLE IVORY,-1,2010-10-21 10:06:00,16.95,14644.0,United Kingdom
C528173,22848,BREAD BIN DINER STYLE PINK,-1,2010-10-21 10:13:00,14.95,14644.0,United Kingdom
C528173,22847,BREAD BIN DINER STYLE IVORY,-1,2010-10-21 10:13:00,14.95,14644.0,United Kingdom
C528174,22357,KINGS CHOICE BISCUIT TIN,-2,2010-10-21 10:14:00,4.25,14388.0,United Kingdom
C528174,21527,RED RETROSPOT TRADITIONAL TEAPOT,-1,2010-10-21 10:14:00,7.95,14388.0,United Kingdom
C528174,22423,REGENCY CAKESTAND 3 TIER,-1,2010-10-21 10:14:00,12.75,14388.0,United Kingdom
C528182,79321,CHILLI LIGHTS,-1,2010-10-21 10:58:00,4.95,12511.0,Greece
C528182,35923,CANDY HEART HANGING DECORATION,-2,2010-10-21 10:58:00,1.25,12511.0,Greece
C528182,22180,RETRO SPOT LAMP,-1,2010-10-21 10:58:00,9.95,12511.0,Greece
C528182,22348,TEA BAG PLATE RED SPOTTY,-1,2010-10-21 10:58:00,0.85,12511.0,Greece
C528183,22442,GROW YOUR OWN FLOWERS SET OF 3,-1,2010-10-21 11:06:00,7.95,16550.0,United Kingdom
C528183,20786,BLACK RETRO BAR STOOL,-1,2010-10-21 11:06:00,39.95,16550.0,United Kingdom
C528228,22161,HEART DECORATION RUSTIC HANGING,-64,2010-10-21 11:39:00,0.38,17422.0,United Kingdom
C528309,D,Discount,-1,2010-10-21 12:12:00,10.1,14527.0,United Kingdom
C528317,21564,PINK  HEART SHAPE LOVE BUCKET,-1,2010-10-21 12:31:00,2.95,14606.0,United Kingdom
C528317,20749,ASSORTED COLOUR MINI CASES,-1,2010-10-21 12:31:00,7.95,14606.0,United Kingdom
C528332,22766,PHOTO FRAME CORNICE,-4,2010-10-21 13:41:00,2.95,15885.0,United Kingdom
C528332,84707B,PINK JEWELLED MIRROR TRINKET TRAY,-4,2010-10-21 13:41:00,9.95,15885.0,United Kingdom
C528339,21491,SET OF THREE VINTAGE GIFT WRAPS,-12,2010-10-21 14:04:00,1.95,15255.0,United Kingdom
C528339,22112,CHOCOLATE HOT WATER BOTTLE,-3,2010-10-21 14:04:00,4.95,15255.0,United Kingdom
C528358,20914,SET/5 RED SPOTTY LID GLASS BOWLS,-1,2010-10-21 15:08:00,2.95,12471.0,Germany
C528358,22423,REGENCY CAKESTAND 3 TIER,-5,2010-10-21 15:08:00,10.95,12471.0,Germany
C528358,22649,STRAWBERRY FAIRY CAKE TEAPOT,-1,2010-10-21 15:08:00,4.95,12471.0,Germany
C528360,POST,POSTAGE,-2,2010-10-21 15:32:00,18.0,12647.0,Germany
C528365,85118,HEART T-LIGHT HOLDER,-2,2010-10-21 16:05:00,1.25,13077.0,United Kingdom
C528365,21414,SCALLOP SHELL SOAP DISH,-1,2010-10-21 16:05:00,2.1,13077.0,United Kingdom
C528365,22178,VICTORIAN GLASS HANGING T-LIGHT,-1,2010-10-21 16:05:00,1.25,13077.0,United Kingdom
C528365,21326,AGED GLASS SILVER T-LIGHT HOLDER,-1,2010-10-21 16:05:00,0.65,13077.0,United Kingdom
C528373,22423,REGENCY CAKESTAND 3 TIER,-1,2010-10-21 17:13:00,12.75,14853.0,United Kingdom
C528378,47594B,SCOTTIES DESIGN WASHBAG,-1,2010-10-21 17:42:00,1.95,13021.0,United Kingdom
C528379,22865,HAND WARMER OWL DESIGN,-1,2010-10-21 17:46:00,2.1,16810.0,United Kingdom
C528379,22910,PAPER CHAIN KIT VINTAGE CHRISTMAS,-1,2010-10-21 17:46:00,2.95,16810.0,United Kingdom
C528379,22946,WOODEN ADVENT CALENDAR CREAM,-1,2010-10-21 17:46:00,16.95,16810.0,United Kingdom
C528380,22854,CREAM SWEETHEART EGG HOLDER,-1,2010-10-21 17:49:00,4.95,14499.0,United Kingdom
C528381,22843,BISCUIT TIN VINTAGE GREEN,-1,2010-10-21 17:51:00,6.75,17646.0,United Kingdom
C528381,22841,ROUND CAKE TIN VINTAGE GREEN,-1,2010-10-21 17:51:00,7.95,17646.0,United Kingdom
C528381,22840,ROUND CAKE TIN VINTAGE RED,-1,2010-10-21 17:51:00,7.95,17646.0,United Kingdom
C528389,22275,WEEKEND BAG VINTAGE ROSE PAISLEY,-1,2010-10-21 18:37:00,8.5,16782.0,United Kingdom
C528392,22645,CERAMIC HEART FAIRY CAKE MONEY BANK,-1,2010-10-21 18:41:00,1.45,12589.0,France
C528392,22634,CHILDS BREAKFAST SET SPACEBOY,-4,2010-10-21 18:41:00,9.95,12589.0,France
C528393,22423,REGENCY CAKESTAND 3 TIER,-6,2010-10-21 18:47:00,12.75,14911.0,EIRE
C528398,22423,REGENCY CAKESTAND 3 TIER,-2,2010-10-22 08:46:00,12.75,14553.0,United Kingdom
C528401,22423,REGENCY CAKESTAND 3 TIER,-3,2010-10-22 08:53:00,12.75,17147.0,United Kingdom
C528402,71477,COLOUR GLASS. STAR T-LIGHT HOLDER,-3,2010-10-22 08:58:00,2.75,14907.0,United Kingdom
C528402,21876,POTTERING MUG,-1,2010-10-22 08:58:00,1.25,14907.0,United Kingdom
C528404,22385,JUMBO BAG SPACEBOY DESIGN,-1,2010-10-22 09:05:00,1.95,18223.0,United Kingdom
C528406,21098,CHRISTMAS TOILET ROLL,-72,2010-10-22 09:09:00,1.06,17829.0,United Arab Emirates
C528409,79321,CHILLI LIGHTS,-1,2010-10-22 09:21:00,4.95,13136.0,United Kingdom
C528409,20750,RED/WHITE DOT MINI CASES,-1,2010-10-22 09:21:00,7.95,13136.0,United Kingdom
C528410,22890,NOVELTY BISCUITS CAKE STAND 3 TIER,-2,2010-10-22 09:22:00,9.95,16465.0,United Kingdom
C528413,21527,RED RETROSPOT TRADITIONAL TEAPOT,-1,2010-10-22 09:25:00,7.95,14296.0,United Kingdom
C528415,22423,REGENCY CAKESTAND 3 TIER,-1,2010-10-22 09:31:00,12.75,13093.0,United Kingdom
C528416,22138,BAKING SET 9 PIECE RETROSPOT,-3,2010-10-22 09:32:00,4.95,12797.0,Portugal
C528418,M,Manual,-1,2010-10-22 09:44:00,780.25,14911.0,EIRE
C528421,22165,"DIAMANTE HEART SHAPED WALL MIRROR,",-2,2010-10-22 09:45:00,3.95,14314.0,United Kingdom
C528425,21412,VINTAGE GOLD TINSEL REEL,-3,2010-10-22 09:53:00,0.42,18260.0,United Kingdom
C528425,85042,ANTIQUE LILY FAIRY LIGHTS,-2,2010-10-22 09:53:00,4.25,18260.0,United Kingdom
C528426,21874,GIN AND TONIC MUG,-2,2010-10-22 09:55:00,1.25,17429.0,United Kingdom
C528427,21209,MULTICOLOUR HONEYCOMB FAN,-6,2010-10-22 09:56:00,1.65,16607.0,United Kingdom
C528428,22699,ROSES REGENCY TEACUP AND SAUCER,-1,2010-10-22 09:58:00,2.95,14051.0,United Kingdom
C528428,21871,SAVE THE PLANET MUG,-8,2010-10-22 09:58:00,1.25,14051.0,United Kingdom
C528430,85099B,JUMBO BAG RED RETROSPOT,-1,2010-10-22 10:06:00,1.95,13927.0,United Kingdom
C528430,21257,VICTORIAN SEWING BOX MEDIUM,-1,2010-10-22 10:06:00,7.95,13927.0,United Kingdom
C528430,22212,FOUR HOOK  WHITE LOVEBIRDS,-4,2010-10-22 10:06:00,2.1,13927.0,United Kingdom
C528433,22138,BAKING SET 9 PIECE RETROSPOT,-2,2010-10-22 10:24:00,4.95,15900.0,United Kingdom
C528437,22138,BAKING SET 9 PIECE RETROSPOT,-3,2010-10-22 10:35:00,4.95,16975.0,United Kingdom
C528439,22618,COOKING SET RETROSPOT,-2,2010-10-22 10:41:00,9.95,12553.0,France
C528441,22456,NATURAL SLATE CHALKBOARD LARGE,-1,2010-10-22 10:55:00,4.95,15719.0,United Kingdom
C528441,82583,HOT BATHS METAL SIGN,-1,2010-10-22 10:55:00,2.1,15719.0,United Kingdom
C528442,22361,GLASS JAR DAISY FRESH COTTON WOOL,-6,2010-10-22 10:56:00,2.55,15489.0,United Kingdom
C528446,85047,WHITE BEADED GARLAND STRING 20LIGHT,-4,2010-10-22 11:01:00,5.55,14440.0,United Kingdom
C528449,22575,METAL MERRY CHRISTMAS WREATH,-8,2010-10-22 11:12:00,1.95,13703.0,United Kingdom
C528449,22078,RIBBON REEL LACE DESIGN,-1,2010-10-22 11:12:00,2.1,13703.0,United Kingdom
C528449,21839,MUMMY MOUSE RED GINGHAM RIBBON,-2,2010-10-22 11:12:00,5.45,13703.0,United Kingdom
C528449,21733,RED HANGING HEART T-LIGHT HOLDER,-6,2010-10-22 11:12:00,2.95,13703.0,United Kingdom
C528449,21181,PLEASE ONE PERSON METAL SIGN,-4,2010-10-22 11:12:00,2.1,13703.0,United Kingdom
C528449,21169,YOU'RE CONFUSING ME METAL SIGN,-1,2010-10-22 11:12:00,1.69,13703.0,United Kingdom
C528449,85014B,RED/WHITE DOTS RUFFLED UMBRELLA,-2,2010-10-22 11:12:00,5.95,13703.0,United Kingdom
C528449,22862,LOVE HEART NAPKIN BOX,-2,2010-10-22 11:12:00,4.25,13703.0,United Kingdom
C528449,22851,SET 20 NAPKINS FAIRY CAKES DESIGN,-1,2010-10-22 11:12:00,0.85,13703.0,United Kingdom
C528449,22173,METAL 4 HOOK HANGER FRENCH CHATEAU,-4,2010-10-22 11:12:00,2.95,13703.0,United Kingdom
C528449,22170,PICTURE FRAME WOOD TRIPLE PORTRAIT,-1,2010-10-22 11:12:00,6.75,13703.0,United Kingdom
C528449,21755,LOVE BUILDING BLOCK WORD,-3,2010-10-22 11:12:00,5.95,13703.0,United Kingdom
C528449,21755,LOVE BUILDING BLOCK WORD,-2,2010-10-22 11:12:00,5.95,13703.0,United Kingdom
C528449,21584,RETRO SPOT SMALL TUBE MATCHES,-6,2010-10-22 11:12:00,1.65,13703.0,United Kingdom
C528449,21143,ANTIQUE GLASS HEART DECORATION,-12,2010-10-22 11:12:00,1.95,13703.0,United Kingdom
C528449,22804,CANDLEHOLDER PINK HANGING HEART,-2,2010-10-22 11:12:00,2.95,13703.0,United Kingdom
C528449,22624,IVORY KITCHEN SCALES,-1,2010-10-22 11:12:00,8.5,13703.0,United Kingdom
C528449,22158,3 HEARTS HANGING DECORATION RUSTIC,-8,2010-10-22 11:12:00,2.95,13703.0,United Kingdom
C528449,22113,GREY HEART HOT WATER BOTTLE,-1,2010-10-22 11:12:00,3.75,13703.0,United Kingdom
C528449,22110,BIRD HOUSE HOT WATER BOTTLE,-2,2010-10-22 11:12:00,2.55,13703.0,United Kingdom
C528449,84836,ZINC METAL HEART DECORATION,-3,2010-10-22 11:12:00,1.25,13703.0,United Kingdom
C528449,22759,SET OF 3 NOTEBOOKS IN PARCEL,-2,2010-10-22 11:12:00,1.65,13703.0,United Kingdom
C528449,22694,WICKER STAR,-2,2010-10-22 11:12:00,2.1,13703.0,United Kingdom
C528449,22348,TEA BAG PLATE RED SPOTTY,-3,2010-10-22 11:12:00,0.85,13703.0,United Kingdom
C528449,22154,ANGEL DECORATION 3 BUTTONS,-6,2010-10-22 11:12:00,0.42,13703.0,United Kingdom
C528449,22121,NOEL WOODEN BLOCK LETTERS,-2,2010-10-22 11:12:00,5.95,13703.0,United Kingdom
C528449,22117,METAL SIGN HER DINNER IS SERVED,-1,2010-10-22 11:12:00,2.95,13703.0,United Kingdom
C528449,22082,RIBBON REEL STRIPES DESIGN,-1,2010-10-22 11:12:00,1.65,13703.0,United Kingdom
C528449,21009,ETCHED GLASS STAR TREE DECORATION,-12,2010-10-22 11:12:00,1.25,13703.0,United Kingdom
C528449,15060B,FAIRY CAKE DESIGN UMBRELLA,-2,2010-10-22 11:12:00,3.75,13703.0,United Kingdom
C528449,84580,MOUSE TOY WITH PINK T-SHIRT,-4,2010-10-22 11:12:00,3.75,13703.0,United Kingdom
C528449,35400,WOODEN BOX ADVENT CALENDAR,-4,2010-10-22 11:12:00,8.95,13703.0,United Kingdom
C528449,22835,HOT WATER BOTTLE I AM SO POORLY,-1,2010-10-22 11:12:00,4.65,13703.0,United Kingdom
C528449,22632,HAND WARMER RED RETROSPOT,-2,2010-10-22 11:12:00,2.1,13703.0,United Kingdom
C528449,20979,36 PENCILS TUBE RED SPOTTY,-2,2010-10-22 11:12:00,1.25,13703.0,United Kingdom
C528449,20978,36 PENCILS TUBE SKULLS,-2,2010-10-22 11:12:00,1.25,13703.0,United Kingdom
C528451,22464,HANGING METAL HEART LANTERN,-8,2010-10-22 11:23:00,1.65,12986.0,United Kingdom
C528451,22607,WOODEN ROUNDERS GARDEN SET,-1,2010-10-22 11:23:00,9.95,12986.0,United Kingdom
C528451,20972,PINK CREAM FELT CRAFT TRINKET BOX,-11,2010-10-22 11:23:00,1.25,12986.0,United Kingdom
C528451,21408,SPOTTY PINK DUCK DOORSTOP,-2,2010-10-22 11:23:00,4.25,12986.0,United Kingdom
C528451,85174,S/4 CACTI CANDLES,-2,2010-10-22 11:23:00,4.95,12986.0,United Kingdom
C528451,22568,FELTCRAFT CUSHION OWL,-4,2010-10-22 11:23:00,3.75,12986.0,United Kingdom
C528451,22273,FELTCRAFT DOLL MOLLY,-5,2010-10-22 11:23:00,2.95,12986.0,United Kingdom
C528451,21445,12 PINK ROSE PEG PLACE SETTINGS,-8,2010-10-22 11:23:00,1.25,12986.0,United Kingdom
C528451,22501,PICNIC BASKET WICKER LARGE,-1,2010-10-22 11:23:00,9.95,12986.0,United Kingdom
C528451,85150,LADIES & GENTLEMEN METAL SIGN,-1,2010-10-22 11:23:00,2.55,12986.0,United Kingdom
C528451,82597,BOMBS AWAY METAL SIGN,-2,2010-10-22 11:23:00,2.1,12986.0,United Kingdom
C528451,22115,METAL SIGN EMPIRE TEA,-1,2010-10-22 11:23:00,2.95,12986.0,United Kingdom
C528451,21164,HOME SWEET HOME METAL SIGN,-2,2010-10-22 11:23:00,2.95,12986.0,United Kingdom
C528451,22528,GARDENERS KNEELING PAD,-2,2010-10-22 11:23:00,1.25,12986.0,United Kingdom
C528451,22149,FELTCRAFT 6 FLOWER FRIENDS,-1,2010-10-22 11:23:00,2.1,12986.0,United Kingdom
C528451,22621,TRADITIONAL KNITTING NANCY,-10,2010-10-22 11:23:00,1.45,12986.0,United Kingdom
C528451,22138,BAKING SET 9 PIECE RETROSPOT,-5,2010-10-22 11:23:00,4.95,12986.0,United Kingdom
C528451,22095,LADS ONLY TISSUE BOX,-11,2010-10-22 11:23:00,1.25,12986.0,United Kingdom
C528451,22179,SET 10 LIGHTS NIGHT OWL,-1,2010-10-22 11:23:00,6.75,12986.0,United Kingdom
C528451,21494,ROTATING LEAVES T-LIGHT HOLDER,-2,2010-10-22 11:23:00,1.25,12986.0,United Kingdom
C528451,21272,SALLE DE BAIN HOOK,-1,2010-10-22 11:23:00,1.25,12986.0,United Kingdom
C528451,22444,GROW YOUR OWN PLANT IN A CAN,-5,2010-10-22 11:23:00,1.25,12986.0,United Kingdom
C528451,21464,DISCO BALL ROTATOR BATTERY OPERATED,-1,2010-10-22 11:23:00,4.25,12986.0,United Kingdom
C528451,21169,YOU'RE CONFUSING ME METAL SIGN,-1,2010-10-22 11:23:00,1.69,12986.0,United Kingdom
C528451,21272,SALLE DE BAIN HOOK,-9,2010-10-22 11:23:00,1.25,12986.0,United Kingdom
C528451,21623,VINTAGE UNION JACK MEMOBOARD,-2,2010-10-22 11:23:00,9.95,12986.0,United Kingdom
C528451,21213,PACK OF 72 SKULL CAKE CASES,-17,2010-10-22 11:23:00,0.55,12986.0,United Kingdom
C528451,22417,PACK OF 60 SPACEBOY CAKE CASES,-20,2010-10-22 11:23:00,0.55,12986.0,United Kingdom
C528451,22179,SET 10 LIGHTS NIGHT OWL,-1,2010-10-22 11:23:00,6.75,12986.0,United Kingdom
C528451,21035,SET/2 RED SPOTTY TEA TOWELS,-5,2010-10-22 11:23:00,2.95,12986.0,United Kingdom
C528451,21217,RED SPOTTY ROUND CAKE TINS,-4,2010-10-22 11:23:00,9.95,12986.0,United Kingdom
C528451,21211,SET OF 72 SKULL PAPER  DOILIES,-12,2010-10-22 11:23:00,1.45,12986.0,United Kingdom
C528458,21258,VICTORIAN SEWING BOX LARGE,-1,2010-10-22 11:32:00,12.75,13299.0,United Kingdom
C528458,22697,GREEN REGENCY TEACUP AND SAUCER,-1,2010-10-22 11:32:00,2.95,13299.0,United Kingdom
C528476,22840,ROUND CAKE TIN VINTAGE RED,-1,2010-10-22 12:01:00,7.95,15296.0,United Kingdom
C528480,20728,LUNCH BAG CARS BLUE,-1,2010-10-22 12:04:00,1.45,17353.0,United Kingdom
C528491,22877,"NUMBER TILE COTTAGE GARDEN, 9",-1,2010-10-22 12:09:00,1.95,18065.0,United Kingdom
C528491,22776,SWEETHEART CAKESTAND 3 TIER,-1,2010-10-22 12:09:00,9.95,18065.0,United Kingdom
C528492,22843,BISCUIT TIN VINTAGE GREEN,-1,2010-10-22 12:11:00,6.75,17646.0,United Kingdom
C528535,22138,BAKING SET 9 PIECE RETROSPOT,-5,2010-10-22 12:35:00,4.95,17757.0,United Kingdom
C528535,22617,BAKING SET SPACEBOY DESIGN,-1,2010-10-22 12:35:00,4.95,17757.0,United Kingdom
C528587,22806,SET OF 6 T-LIGHTS WEDDING CAKE,-48,2010-10-22 14:03:00,2.55,13316.0,United Kingdom
C528602,22450,SILK PURSE RUSSIAN DOLL BLUE,-1,2010-10-22 15:06:00,3.35,12749.0,United Kingdom
C528602,22451,SILK PURSE BABUSHKA RED,-2,2010-10-22 15:06:00,3.35,12749.0,United Kingdom
C528602,22697,GREEN REGENCY TEACUP AND SAUCER,-2,2010-10-22 15:06:00,2.95,12749.0,United Kingdom
C528602,22626,BLACK KITCHEN SCALES,-1,2010-10-22 15:06:00,8.5,12749.0,United Kingdom
C528602,84978,HANGING HEART JAR T-LIGHT HOLDER,-4,2010-10-22 15:06:00,1.25,12749.0,United Kingdom
C528602,21258,VICTORIAN SEWING BOX LARGE,-1,2010-10-22 15:06:00,12.75,12749.0,United Kingdom
C528602,21257,VICTORIAN SEWING BOX MEDIUM,-2,2010-10-22 15:06:00,7.95,12749.0,United Kingdom
C528602,22699,ROSES REGENCY TEACUP AND SAUCER,-1,2010-10-22 15:06:00,2.95,12749.0,United Kingdom
C528602,22968,ROSE COTTAGE KEEPSAKE BOX,-1,2010-10-22 15:06:00,9.95,12749.0,United Kingdom
C528602,22424,ENAMEL BREAD BIN CREAM,-2,2010-10-22 15:06:00,12.75,12749.0,United Kingdom
C528602,75049L,LARGE CIRCULAR MIRROR MOBILE,-1,2010-10-22 15:06:00,1.25,12749.0,United Kingdom
C528602,22765,NEWSPAPER STAND,-1,2010-10-22 15:06:00,14.95,12749.0,United Kingdom
C528602,22763,KEY CABINET MA CAMPAGNE,-2,2010-10-22 15:06:00,9.95,12749.0,United Kingdom
C528602,22769,CHALKBOARD KITCHEN ORGANISER,-1,2010-10-22 15:06:00,24.95,12749.0,United Kingdom
C528602,22760,"TRAY, BREAKFAST IN BED",-2,2010-10-22 15:06:00,12.75,12749.0,United Kingdom
C528604,POST,POSTAGE,-1,2010-10-22 15:19:00,3.0,12787.0,Netherlands
C528606,84876D,BLUE HEART COMPACT MIRROR,-12,2010-10-22 15:29:00,3.75,12748.0,United Kingdom
C528626,84967A,PINK KASHMIRI OCCASIONAL TABLE,-1,2010-10-24 11:04:00,79.95,14800.0,United Kingdom
C528716,21795,SET OF 3 BLUE STRIPE BASKET,-1,2010-10-24 13:12:00,12.75,17377.0,United Kingdom
C528756,35811A,ENAMEL PINK SUGAR CONTAINER,-2,2010-10-24 15:25:00,2.1,13564.0,United Kingdom
C528756,22467,GUMBALL COAT RACK,-1,2010-10-24 15:25:00,2.55,13564.0,United Kingdom
C528756,82494L,WOODEN FRAME ANTIQUE WHITE,-1,2010-10-24 15:25:00,2.95,13564.0,United Kingdom
C528756,85170D,SET/6 PINK BIRD T-LIGHT CANDLES,-1,2010-10-24 15:25:00,2.1,13564.0,United Kingdom
C528756,22666,RECIPE BOX PANTRY YELLOW DESIGN,-1,2010-10-24 15:25:00,2.95,13564.0,United Kingdom
C528867,21667,GLASS CAKE COVER AND PLATE,-1,2010-10-25 11:29:00,16.95,14618.0,United Kingdom
C528877,79323P,PINK CHERRY LIGHTS,-2,2010-10-25 12:14:00,6.75,13267.0,United Kingdom
C528877,79323W,WHITE CHERRY LIGHTS,-2,2010-10-25 12:14:00,6.75,13267.0,United Kingdom
C528878,22769,CHALKBOARD KITCHEN ORGANISER,-1,2010-10-25 12:15:00,24.95,15039.0,United Kingdom
C528878,20713,JUMBO BAG OWLS,-1,2010-10-25 12:15:00,1.95,15039.0,United Kingdom
C528878,21539,RED RETROSPOT BUTTER DISH,-1,2010-10-25 12:15:00,4.95,15039.0,United Kingdom
C528879,11001,ASSTD DESIGN RACING CAR PEN,-1,2010-10-25 12:17:00,1.69,14534.0,United Kingdom
C528879,22386,JUMBO BAG PINK WITH WHITE SPOTS,-1,2010-10-25 12:17:00,1.95,14534.0,United Kingdom
C528885,22843,BISCUIT TIN VINTAGE GREEN,-1,2010-10-25 12:23:00,6.75,17646.0,United Kingdom
C528885,22842,BISCUIT TIN VINTAGE RED,-1,2010-10-25 12:23:00,6.75,17646.0,United Kingdom
C528899,22519,CHILDS GARDEN BRUSH PINK,-12,2010-10-25 13:10:00,2.1,16153.0,United Kingdom
C528899,POST,POSTAGE,-1,2010-10-25 13:10:00,9.58,16153.0,United Kingdom
C528900,21535,RED RETROSPOT SMALL MILK JUG,-1,2010-10-25 13:13:00,2.55,15786.0,United Kingdom
C528902,21733,RED HANGING HEART T-LIGHT HOLDER,-1,2010-10-25 13:14:00,2.95,13093.0,United Kingdom
C528902,20914,SET/5 RED SPOTTY LID GLASS BOWLS,-1,2010-10-25 13:14:00,2.95,13093.0,United Kingdom
C528902,21929,JUMBO BAG PINK VINTAGE PAISLEY,-1,2010-10-25 13:14:00,1.95,13093.0,United Kingdom
C528903,85175,CACTI T-LIGHT CANDLES,-16,2010-10-25 13:16:00,0.42,13292.0,United Kingdom
C528904,22667,RECIPE BOX RETROSPOT,-2,2010-10-25 13:21:00,2.95,13502.0,United Kingdom
C528907,22947,WOODEN ADVENT CALENDAR RED,-1,2010-10-25 13:29:00,16.95,14534.0,United Kingdom
C528911,22385,JUMBO BAG SPACEBOY DESIGN,-1,2010-10-25 13:33:00,1.95,15747.0,United Kingdom
C528914,22383,LUNCH BAG SUKI  DESIGN,-1,2010-10-25 13:54:00,1.65,16996.0,United Kingdom
C528914,71053,WHITE METAL LANTERN,-2,2010-10-25 13:54:00,3.75,16996.0,United Kingdom
C528914,20982,12 PENCILS TALL TUBE SKULLS,-12,2010-10-25 13:54:00,0.85,16996.0,United Kingdom
C528914,22767,TRIPLE PHOTO FRAME CORNICE,-1,2010-10-25 13:54:00,9.95,16996.0,United Kingdom
C528914,82494L,WOODEN FRAME ANTIQUE WHITE,-1,2010-10-25 13:54:00,2.95,16996.0,United Kingdom
C528914,22327,ROUND SNACK BOXES SET OF 4 SKULLS,-4,2010-10-25 13:54:00,2.95,16996.0,United Kingdom
C528914,22360,GLASS JAR ENGLISH CONFECTIONERY,-1,2010-10-25 13:54:00,2.95,16996.0,United Kingdom
C528914,22364,GLASS JAR DIGESTIVE BISCUITS,-1,2010-10-25 13:54:00,2.95,16996.0,United Kingdom
C528925,22890,NOVELTY BISCUITS CAKE STAND 3 TIER,-1,2010-10-25 14:51:00,9.95,12523.0,France
C528929,22818,CARD CHRISTMAS VILLAGE,-12,2010-10-25 15:04:00,0.42,16748.0,United Kingdom
C528930,22652,TRAVEL SEWING KIT,-10,2010-10-25 15:06:00,1.65,14551.0,United Kingdom
C528931,21209,MULTICOLOUR HONEYCOMB FAN,-12,2010-10-25 15:08:00,1.65,12437.0,France
C528931,22222,CAKE PLATE LOVEBIRD WHITE,-1,2010-10-25 15:08:00,4.95,12437.0,France
C528932,22636,CHILDS BREAKFAST SET CIRCUS PARADE,-1,2010-10-25 15:09:00,8.5,17732.0,United Kingdom
C528932,20713,JUMBO BAG OWLS,-1,2010-10-25 15:09:00,1.95,17732.0,United Kingdom
C528933,21258,VICTORIAN SEWING BOX LARGE,-1,2010-10-25 15:11:00,12.75,13836.0,United Kingdom
C528933,22637,PIGGY BANK RETROSPOT,-2,2010-10-25 15:11:00,2.55,13836.0,United Kingdom
C528934,22617,BAKING SET SPACEBOY DESIGN,-3,2010-10-25 15:12:00,4.95,13047.0,United Kingdom
C528934,22138,BAKING SET 9 PIECE RETROSPOT,-3,2010-10-25 15:12:00,4.95,13047.0,United Kingdom
C528934,22184,CAKE STAND VICTORIAN FILIGREE LARGE,-2,2010-10-25 15:12:00,8.5,13047.0,United Kingdom
C528976,D,Discount,-1,2010-10-26 10:56:00,14.35,17858.0,United Kingdom
C528982,37370,RETRO COFFEE MUGS ASSORTED,-2,2010-10-26 10:59:00,1.25,16576.0,United Kingdom
C528984,21285,RETRO SPOT CANDLE  MEDIUM,-12,2010-10-26 11:04:00,2.1,18247.0,United Kingdom
C528984,22423,REGENCY CAKESTAND 3 TIER,-1,2010-10-26 11:04:00,12.75,18247.0,United Kingdom
C528984,71477,COLOUR GLASS. STAR T-LIGHT HOLDER,-1,2010-10-26 11:04:00,3.25,18247.0,United Kingdom
C528984,22061,LARGE CAKE STAND  HANGING STRAWBERY,-3,2010-10-26 11:04:00,9.95,18247.0,United Kingdom
C528986,22652,TRAVEL SEWING KIT,-2,2010-10-26 11:07:00,1.65,15626.0,United Kingdom
C528986,22138,BAKING SET 9 PIECE RETROSPOT,-3,2010-10-26 11:07:00,4.95,15626.0,United Kingdom
C528987,POST,POSTAGE,-1,2010-10-26 11:11:00,3.5,15207.0,United Kingdom
C528987,21789,KIDS RAIN MAC PINK,-24,2010-10-26 11:11:00,0.85,15207.0,United Kingdom
C528988,21463,MIRRORED DISCO BALL,-1,2010-10-26 11:15:00,5.95,13055.0,United Kingdom
C528988,22156,HEART DECORATION WITH PEARLS,-12,2010-10-26 11:15:00,0.85,13055.0,United Kingdom
C529056,21333,CLASSIC WHITE FRAME,-1,2010-10-26 11:57:00,2.95,14546.0,United Kingdom
C529056,85040A,S/4 PINK FLOWER CANDLES IN BOWL,-1,2010-10-26 11:57:00,1.65,14546.0,United Kingdom
C529056,21009,ETCHED GLASS STAR TREE DECORATION,-2,2010-10-26 11:57:00,1.25,14546.0,United Kingdom
C529056,22502,PICNIC BASKET WICKER SMALL,-1,2010-10-26 11:57:00,4.95,14546.0,United Kingdom
C529056,85123A,WHITE HANGING HEART T-LIGHT HOLDER,-1,2010-10-26 11:57:00,2.95,14546.0,United Kingdom
C529056,21319,GLASS CHALICE GREEN  SMALL,-1,2010-10-26 11:57:00,1.65,14546.0,United Kingdom
C529092,POST,POSTAGE,-1,2010-10-26 13:39:00,5.74,15774.0,United Kingdom
C529098,21849,SILVER DIAMANTE PEN IN GIFT BOX,-96,2010-10-26 13:58:00,1.25,15953.0,United Kingdom
529134,22423,REGENCY CAKESTAND 3 TIER,-35,2010-10-26 14:48:00,0.0,,United Kingdom
529135,21843,RED RETROSPOT CAKE STAND,-10,2010-10-26 14:49:00,0.0,,United Kingdom
C529145,85047,WHITE BEADED GARLAND STRING 20LIGHT,-3,2010-10-26 15:33:00,6.35,15874.0,United Kingdom
C529155,22617,BAKING SET SPACEBOY DESIGN,-1,2010-10-26 16:42:00,4.95,14551.0,United Kingdom
C529170,22425,ENAMEL COLANDER CREAM,-3,2010-10-26 18:11:00,4.95,14292.0,United Kingdom
C529171,22666,RECIPE BOX PANTRY YELLOW DESIGN,-3,2010-10-26 18:12:00,2.95,13050.0,United Kingdom
C529172,22890,NOVELTY BISCUITS CAKE STAND 3 TIER,-1,2010-10-26 18:13:00,9.95,12982.0,United Kingdom
C529172,22797,CHEST OF DRAWERS GINGHAM HEART,-1,2010-10-26 18:13:00,16.95,12982.0,United Kingdom
C529172,22617,BAKING SET SPACEBOY DESIGN,-2,2010-10-26 18:13:00,4.95,12982.0,United Kingdom
C529172,22197,SMALL POPCORN HOLDER,-1,2010-10-26 18:13:00,0.85,12982.0,United Kingdom
C529172,71477,COLOUR GLASS. STAR T-LIGHT HOLDER,-1,2010-10-26 18:13:00,3.25,12982.0,United Kingdom
C529172,22138,BAKING SET 9 PIECE RETROSPOT,-2,2010-10-26 18:13:00,4.95,12982.0,United Kingdom
C529172,22646,CERAMIC STRAWBERRY CAKE MONEY BANK,-1,2010-10-26 18:13:00,1.45,12982.0,United Kingdom
C529174,21704,BAG 250g SWIRLY MARBLES,-1,2010-10-26 18:14:00,0.85,13295.0,United Kingdom
C529174,22891,TEA FOR ONE POLKADOT,-1,2010-10-26 18:14:00,4.25,13295.0,United Kingdom
C529176,35400,WOODEN BOX ADVENT CALENDAR,-4,2010-10-26 18:17:00,7.95,15940.0,United Kingdom
C529177,37450,CERAMIC CAKE BOWL + HANGING CAKES,-1,2010-10-26 18:21:00,2.95,14301.0,United Kingdom
C529177,22649,STRAWBERRY FAIRY CAKE TEAPOT,-1,2010-10-26 18:21:00,4.95,14301.0,United Kingdom
C529177,21232,STRAWBERRY CERAMIC TRINKET BOX,-4,2010-10-26 18:21:00,1.25,14301.0,United Kingdom
C529181,21258,VICTORIAN SEWING BOX LARGE,-1,2010-10-26 18:35:00,12.75,12530.0,Germany
C529182,35400,WOODEN BOX ADVENT CALENDAR,-4,2010-10-26 18:37:00,7.95,15377.0,United Kingdom
C529183,22139,RETRO SPOT TEA SET CERAMIC 11 PC,-1,2010-10-26 18:38:00,4.95,15777.0,United Kingdom
C529184,22154,ANGEL DECORATION 3 BUTTONS,-49,2010-10-26 18:39:00,0.42,16950.0,United Kingdom
C529184,22156,HEART DECORATION WITH PEARLS,-36,2010-10-26 18:39:00,0.85,16950.0,United Kingdom
C529185,22127,PARTY CONES CARNIVAL ASSORTED,-1,2010-10-26 18:41:00,1.25,17597.0,United Kingdom
C529185,22139,RETRO SPOT TEA SET CERAMIC 11 PC,-3,2010-10-26 18:41:00,4.95,17597.0,United Kingdom
C529185,22099,CARAVAN SQUARE TISSUE BOX,-3,2010-10-26 18:41:00,1.25,17597.0,United Kingdom
C529185,22760,"TRAY, BREAKFAST IN BED",-1,2010-10-26 18:41:00,12.75,17597.0,United Kingdom
C529185,22769,CHALKBOARD KITCHEN ORGANISER,-1,2010-10-26 18:41:00,24.95,17597.0,United Kingdom
C529187,21907,I'M ON HOLIDAY METAL SIGN,-2,2010-10-26 18:44:00,2.1,13552.0,United Kingdom
C529188,22943,CHRISTMAS LIGHTS 10 VINTAGE BAUBLES,-1,2010-10-26 18:45:00,4.95,13107.0,United Kingdom
C529189,22301,COFFEE MUG CAT + BIRD DESIGN,-2,2010-10-26 18:46:00,2.55,14216.0,United Kingdom
C529189,22300,COFFEE MUG DOG + BALL DESIGN,-1,2010-10-26 18:46:00,2.55,14216.0,United Kingdom
C529210,22862,LOVE HEART NAPKIN BOX,-2,2010-10-27 10:28:00,4.25,15271.0,United Kingdom
C529210,22694,WICKER STAR,-5,2010-10-27 10:28:00,2.1,15271.0,United Kingdom
C529210,22444,GROW YOUR OWN PLANT IN A CAN,-24,2010-10-27 10:28:00,1.25,15271.0,United Kingdom
C529294,22467,GUMBALL COAT RACK,-1,2010-10-27 12:17:00,2.1,12471.0,Germany
C529312,84279P,CHERRY BLOSSOM  DECORATIVE FLASK,-4,2010-10-27 13:07:00,3.39,12647.0,Germany
C529343,72807B,SET/3 OCEAN SCENT CANDLE JEWEL BOX,-1,2010-10-27 16:42:00,4.25,17322.0,United Kingdom
C529352,82482,WOODEN PICTURE FRAME WHITE FINISH,-108,2010-10-28 09:32:00,2.1,17450.0,United Kingdom
C529352,71459,HANGING JAM JAR T-LIGHT HOLDER,-96,2010-10-28 09:32:00,0.72,17450.0,United Kingdom
C529352,82494L,WOODEN FRAME ANTIQUE WHITE,-60,2010-10-28 09:32:00,2.55,17450.0,United Kingdom
C529352,71477,COLOUR GLASS. STAR T-LIGHT HOLDER,-1152,2010-10-28 09:32:00,2.75,17450.0,United Kingdom
C529352,21733,RED HANGING HEART T-LIGHT HOLDER,-320,2010-10-28 09:32:00,2.55,17450.0,United Kingdom
C529352,85123A,WHITE HANGING HEART T-LIGHT HOLDER,-320,2010-10-28 09:32:00,2.55,17450.0,United Kingdom
C529352,22335,HEART DECORATION PAINTED ZINC,-288,2010-10-28 09:32:00,0.55,17450.0,United Kingdom
C529352,22804,CANDLEHOLDER PINK HANGING HEART,-320,2010-10-28 09:32:00,2.55,17450.0,United Kingdom
C529352,22178,VICTORIAN GLASS HANGING T-LIGHT,-96,2010-10-28 09:32:00,1.06,17450.0,United Kingdom
C529353,M,Manual,-1,2010-10-28 09:41:00,2736.16,14156.0,EIRE
C529354,M,Manual,-1,2010-10-28 09:43:00,1155.6,14156.0,EIRE
C529359,47594A,CAROUSEL DESIGN WASHBAG,-2,2010-10-28 09:46:00,1.95,12474.0,Germany
C529506,22654,DELUXE SEWING KIT,-2,2010-10-28 14:20:00,5.95,15198.0,United Kingdom
529519,79140,ASS WINDPROOF MARIJUANA LIGHTERS,-8,2010-10-28 15:32:00,0.0,,United Kingdom
529521,84709A,SILVER OVAL JEWELLED MIRROR,-15,2010-10-28 15:35:00,0.0,,United Kingdom
529523,85165,CANDY PINK FRENCH BOUDOIR CLOCK,-1,2010-10-28 15:37:00,0.0,,United Kingdom
529527,85185D,FROG SOCK PUPPET,-96,2010-10-28 16:04:00,0.0,,United Kingdom
C529535,22487,WHITE WOOD GARDEN PLANT LADDER,-1,2010-10-28 16:30:00,9.95,16188.0,United Kingdom
C529538,72807B,SET/3 OCEAN SCENT CANDLE JEWEL BOX,-2,2010-10-28 16:34:00,4.25,14530.0,United Kingdom
529550,72232,FENG SHUI PILLAR CANDLE,-1400,2010-10-28 17:18:00,0.0,,United Kingdom
529560,20914,SET/5 RED SPOTTY LID GLASS BOWLS,-40,2010-10-28 18:02:00,0.0,,United Kingdom
C529561,22798,ANTIQUE GLASS DRESSING TABLE POT,-1,2010-10-28 18:10:00,2.95,17034.0,United Kingdom
C529561,22575,METAL MERRY CHRISTMAS WREATH,-1,2010-10-28 18:10:00,1.95,17034.0,United Kingdom
C529561,22800,ANTIQUE TALL SWIRLGLASS TRINKET POT,-4,2010-10-28 18:10:00,3.75,17034.0,United Kingdom
C529561,22791,T-LIGHT GLASS FLUTED ANTIQUE,-11,2010-10-28 18:10:00,1.25,17034.0,United Kingdom
C529562,20778,GARDEN PATH NOTEBOOK,-2,2010-10-28 18:12:00,1.65,14515.0,United Kingdom
C529562,20777,CHRYSANTHEMUM NOTEBOOK,-2,2010-10-28 18:12:00,1.65,14515.0,United Kingdom
C529564,85049A,TRADITIONAL CHRISTMAS RIBBONS,-12,2010-10-28 18:14:00,1.25,16422.0,United Kingdom
C529564,22333,RETRO SPORT PARTY BAG + STICKER SET,-384,2010-10-28 18:14:00,1.45,16422.0,United Kingdom
C529564,21491,SET OF THREE VINTAGE GIFT WRAPS,-12,2010-10-28 18:14:00,1.95,16422.0,United Kingdom
C529564,22812,PACK 3 BOXES CHRISTMAS PANNETONE,-12,2010-10-28 18:14:00,1.95,16422.0,United Kingdom
C529565,22320,BIRDS MOBILE VINTAGE DESIGN,-1,2010-10-28 18:19:00,5.95,12790.0,Netherlands
C529565,22572,ROCKING HORSE GREEN CHRISTMAS,-3,2010-10-28 18:19:00,0.85,12790.0,Netherlands
C529565,22635,CHILDS BREAKFAST SET DOLLY GIRL,-2,2010-10-28 18:19:00,9.95,12790.0,Netherlands
C529566,22809,SET OF 6 T-LIGHTS SANTA,-6,2010-10-28 18:21:00,2.95,13485.0,United Kingdom
C529568,90184B,AMETHYST CHUNKY BEAD BRACELET W STR,-2,2010-10-28 18:40:00,8.95,16713.0,United Kingdom
C529568,90175A,WHITE GLASS CHUNKY CHARM BRACELET,-2,2010-10-28 18:40:00,8.95,16713.0,United Kingdom
C529568,90147,CHUNKY SILVER NECKLACE PASTEL FLOWE,-2,2010-10-28 18:40:00,9.95,16713.0,United Kingdom
C529568,90146,FINE SILVER NECKLACE W PASTEL FLOWE,-2,2010-10-28 18:40:00,7.5,16713.0,United Kingdom
C529571,22892,SET OF SALT AND PEPPER TOADSTOOLS,-4,2010-10-28 18:53:00,1.25,18223.0,United Kingdom
C529571,22890,NOVELTY BISCUITS CAKE STAND 3 TIER,-4,2010-10-28 18:53:00,8.5,18223.0,United Kingdom
C529571,22941,CHRISTMAS LIGHTS 10 REINDEER,-1,2010-10-28 18:53:00,8.5,18223.0,United Kingdom
C529572,D,Discount,-1,2010-10-28 18:54:00,13.89,14527.0,United Kingdom
C529575,22866,HAND WARMER SCOTTY DOG DESIGN,-12,2010-10-28 18:55:00,2.1,16700.0,United Kingdom
C529576,21559,STRAWBERRY LUNCH BOX WITH CUTLERY,-12,2010-10-28 18:57:00,2.55,,EIRE
C529577,71038,WHITE HANGING BEADS CANDLE HOLDER,-1,2010-10-28 18:59:00,5.45,16242.0,United Kingdom
C529578,22386,JUMBO BAG PINK WITH WHITE SPOTS,-1,2010-10-28 19:01:00,1.95,13510.0,United Kingdom
C529578,22215,CAKE STAND WHITE TWO TIER LACE,-2,2010-10-28 19:01:00,8.5,13510.0,United Kingdom
529584,79302M,"ART LIGHTS,FUNK MONKEY",-40,2010-10-28 19:26:00,0.0,,United Kingdom
C529606,22728,ALARM CLOCK BAKELIKE PINK,-12,2010-10-29 10:28:00,3.75,17396.0,United Kingdom
C529606,22730,ALARM CLOCK BAKELIKE IVORY,-8,2010-10-29 10:28:00,3.75,17396.0,United Kingdom
C529606,22727,ALARM CLOCK BAKELIKE RED,-12,2010-10-29 10:28:00,3.75,17396.0,United Kingdom
C529606,22726,ALARM CLOCK BAKELIKE GREEN,-12,2010-10-29 10:28:00,3.75,17396.0,United Kingdom
C529606,22725,ALARM CLOCK BAKELIKE CHOCOLATE,-8,2010-10-29 10:28:00,3.75,17396.0,United Kingdom
C529606,22728,ALARM CLOCK BAKELIKE PINK,-12,2010-10-29 10:28:00,3.75,17396.0,United Kingdom
C529612,22111,SCOTTIE DOG HOT WATER BOTTLE,-60,2010-10-29 10:44:00,4.25,14543.0,United Kingdom
C529612,22570,FELTCRAFT CUSHION RABBIT,-150,2010-10-29 10:44:00,3.39,14543.0,United Kingdom
C529612,84029G,KNITTED UNION FLAG HOT WATER BOTTLE,-30,2010-10-29 10:44:00,3.39,14543.0,United Kingdom
C529612,22568,FELTCRAFT CUSHION OWL,-50,2010-10-29 10:44:00,3.39,14543.0,United Kingdom
C529612,22569,FELTCRAFT CUSHION BUTTERFLY,-150,2010-10-29 10:44:00,3.39,14543.0,United Kingdom
C529711,22843,BISCUIT TIN VINTAGE GREEN,-1,2010-10-29 13:10:00,5.95,16652.0,United Kingdom
C529711,22838,3 TIER CAKE TIN RED AND CREAM,-2,2010-10-29 13:10:00,12.75,16652.0,United Kingdom
C529711,22839,3 TIER CAKE TIN GREEN AND CREAM,-1,2010-10-29 13:10:00,12.75,16652.0,United Kingdom
529730,22785,CUSHION COVER PINK UNION FLAG,-9,2010-10-29 14:14:00,0.0,,United Kingdom
529732,22786,CUSHION COVER PINK UNION JACK,-10,2010-10-29 14:14:00,0.0,,United Kingdom
C529769,22423,REGENCY CAKESTAND 3 TIER,-2,2010-10-29 15:05:00,12.75,14081.0,United Kingdom
C529800,20967,GREY FLORAL FELTCRAFT SHOULDER BAG,-6,2010-10-31 10:12:00,3.75,16444.0,United Kingdom
C529822,21034,REX CASH+CARRY JUMBO SHOPPER,-1,2010-10-31 11:34:00,0.95,15351.0,United Kingdom
C529822,22411,JUMBO SHOPPER VINTAGE RED PAISLEY,-1,2010-10-31 11:34:00,1.95,15351.0,United Kingdom
C529822,22575,METAL MERRY CHRISTMAS WREATH,-2,2010-10-31 11:34:00,1.95,15351.0,United Kingdom
C529825,79321,CHILLI LIGHTS,-1,2010-10-31 11:41:00,4.95,17609.0,United Kingdom
C529908,21292,SMALL STRIPES CHOCOLATE GIFT BAG,-16,2010-10-31 14:12:00,0.85,16928.0,United Kingdom
C529908,21291,SMALL SPOTTY CHOCOLATE GIFT BAG,-32,2010-10-31 14:12:00,0.85,16928.0,United Kingdom
C529992,21655,HANGING RIDGE GLASS T-LIGHT HOLDER,-2,2010-10-31 16:21:00,1.69,16984.0,United Kingdom
C529999,M,Manual,-1,2010-11-01 09:11:00,1435.29,,RSA
C530005,84997C,BLUE 3 PIECE MINI DOTS CUTLERY SET,-6,2010-11-01 09:31:00,3.75,14437.0,United Kingdom
C530006,M,Manual,-1,2010-11-01 09:31:00,92.03,13050.0,United Kingdom
C530009,M,Manual,-1,2010-11-01 09:34:00,78.31,13050.0,United Kingdom
C530017,82483,WOOD 2 DRAWER CABINET WHITE FINISH,-1,2010-11-01 10:46:00,5.95,17975.0,United Kingdom
C530054,22173,METAL 4 HOOK HANGER FRENCH CHATEAU,-32,2010-11-01 11:13:00,2.55,16191.0,United Kingdom
C530054,22457,NATURAL SLATE HEART CHALKBOARD,-12,2010-11-01 11:13:00,2.95,16191.0,United Kingdom
C530054,21340,CLASSIC METAL BIRDCAGE PLANT HOLDER,-8,2010-11-01 11:13:00,9.95,16191.0,United Kingdom
C530055,22591,CARDHOLDER GINGHAM CHRISTMAS TREE,-6,2010-11-01 11:17:00,2.55,14648.0,United Kingdom
C530056,85019C,CURIOUS  IMAGES NOTEBOOK SET,-24,2010-11-01 11:21:00,1.25,14460.0,United Kingdom
C530056,85019B,BLOSSOM  IMAGES NOTEBOOK SET,-24,2010-11-01 11:21:00,1.25,14460.0,United Kingdom
C530056,85019A,ROMANTIC IMAGES NOTEBOOK SET,-24,2010-11-01 11:21:00,1.25,14460.0,United Kingdom
C530057,22487,WHITE WOOD GARDEN PLANT LADDER,-4,2010-11-01 11:22:00,8.5,16163.0,United Kingdom
C530058,22171,3 HOOK PHOTO SHELF ANTIQUE WHITE,-1,2010-11-01 11:27:00,8.5,15039.0,United Kingdom
C530063,20975,12 PENCILS SMALL TUBE RED SPOTTY,-56,2010-11-01 11:40:00,0.55,12931.0,United Kingdom
C530065,22398,MAGNETS PACK OF 4 SWALLOWS,-12,2010-11-01 11:45:00,1.25,14934.0,Channel Islands
C530065,22181,SNOWSTORM PHOTO FRAME FRIDGE MAGNET,-12,2010-11-01 11:45:00,0.85,14934.0,Channel Islands
C530065,84050,PINK HEART SHAPE EGG FRYING PAN,-6,2010-11-01 11:45:00,1.65,14934.0,Channel Islands
C530065,21754,HOME BUILDING BLOCK WORD,-4,2010-11-01 11:45:00,5.95,14934.0,Channel Islands
C530065,21755,LOVE BUILDING BLOCK WORD,-4,2010-11-01 11:45:00,5.95,14934.0,Channel Islands
C530065,22077,6 RIBBONS RUSTIC CHARM,-12,2010-11-01 11:45:00,1.65,14934.0,Channel Islands
C530065,21181,PLEASE ONE PERSON METAL SIGN,-6,2010-11-01 11:45:00,2.1,14934.0,Channel Islands
C530065,21907,I'M ON HOLIDAY METAL SIGN,-6,2010-11-01 11:45:00,2.1,14934.0,Channel Islands
C530065,21166,COOK WITH WINE METAL SIGN,-12,2010-11-01 11:45:00,1.95,14934.0,Channel Islands
C530065,22413,METAL SIGN TAKE IT OR LEAVE IT,-6,2010-11-01 11:45:00,2.95,14934.0,Channel Islands
C530065,21877,HOME SWEET HOME MUG,-12,2010-11-01 11:45:00,1.25,14934.0,Channel Islands
C530065,22507,MEMO BOARD RETROSPOT  DESIGN,-4,2010-11-01 11:45:00,4.95,14934.0,Channel Islands
C530065,22378,WALL TIDY RETROSPOT,-5,2010-11-01 11:45:00,2.1,14934.0,Channel Islands
C530065,21916,SET 12 RETRO WHITE CHALK STICKS,-24,2010-11-01 11:45:00,0.42,14934.0,Channel Islands
C530065,22509,SEWING BOX RETROSPOT DESIGN,-1,2010-11-01 11:45:00,16.95,14934.0,Channel Islands
C530065,84692,BOX OF 24 COCKTAIL PARASOLS,-25,2010-11-01 11:45:00,0.42,14934.0,Channel Islands
C530065,20750,RED/WHITE DOT MINI CASES,-2,2010-11-01 11:45:00,7.95,14934.0,Channel Islands
C530065,20725,LUNCH BAG RED SPOTTY,-10,2010-11-01 11:45:00,1.65,14934.0,Channel Islands
C530065,20718,RED SPOTTY SHOPPER BAG,-10,2010-11-01 11:45:00,1.25,14934.0,Channel Islands
C530065,21871,SAVE THE PLANET MUG,-12,2010-11-01 11:45:00,1.25,14934.0,Channel Islands
C530065,21224,SET/4 SKULL BADGES,-10,2010-11-01 11:45:00,1.25,14934.0,Channel Islands
C530065,16235,RECYCLED PENCIL WITH RABBIT ERASER,-60,2010-11-01 11:45:00,0.21,14934.0,Channel Islands
C530065,21870,I CAN ONLY PLEASE ONE PERSON MUG,-12,2010-11-01 11:45:00,1.25,14934.0,Channel Islands
C530065,21908,CHOCOLATE THIS WAY METAL SIGN,-6,2010-11-01 11:45:00,2.1,14934.0,Channel Islands
C530065,21172,PARTY METAL SIGN,-12,2010-11-01 11:45:00,1.45,14934.0,Channel Islands
C530065,21212,PACK OF 72 RETRO SPOT CAKE CASES,-24,2010-11-01 11:45:00,0.55,14934.0,Channel Islands
C530065,21935,SUKI  SHOULDER BAG,-10,2010-11-01 11:45:00,1.65,14934.0,Channel Islands
C530065,21577,SAVE THE PLANET COTTON TOTE BAG,-6,2010-11-01 11:45:00,2.25,14934.0,Channel Islands
C530065,85049C,ROMANTIC PINKS RIBBONS,-12,2010-11-01 11:45:00,1.25,14934.0,Channel Islands
C530069,22070,SMALL RED RETROSPOT MUG IN BOX,-1,2010-11-01 11:57:00,3.75,12494.0,France
C530069,22071,SMALL WHITE RETROSPOT MUG IN BOX,-1,2010-11-01 11:57:00,3.75,12494.0,France
530150,35643,?,-223,2010-11-01 16:53:00,0.0,,United Kingdom
530158,72586,"S/6 HALLOWEEN GHOST T LIGHTS, 5CM H",-500,2010-11-01 16:58:00,0.0,,United Kingdom
C530169,22428,ENAMEL FIRE BUCKET CREAM,-1,2010-11-02 09:53:00,6.95,16823.0,United Kingdom
C530170,22061,LARGE CAKE STAND  HANGING STRAWBERY,-1,2010-11-02 09:55:00,9.95,13126.0,United Kingdom
C530172,22575,METAL MERRY CHRISTMAS WREATH,-74,2010-11-02 09:59:00,1.65,17609.0,United Kingdom
C530174,22361,GLASS JAR DAISY FRESH COTTON WOOL,-2,2010-11-02 10:01:00,2.95,13362.0,United Kingdom
C530176,22072,RED RETROSPOT TEA CUP AND SAUCER,-4,2010-11-02 10:03:00,3.75,18136.0,United Kingdom
C530175,21146,ANTIQUE GLASS RIDGED HANGING BALL,-2,2010-11-02 10:03:00,1.95,17044.0,United Kingdom
C530175,84352,SILVER CHRISTMAS TREE BAUBLE STAND,-1,2010-11-02 10:03:00,16.95,17044.0,United Kingdom
C530175,21143,ANTIQUE GLASS HEART DECORATION,-4,2010-11-02 10:03:00,1.95,17044.0,United Kingdom
C530177,22772,PINK DRAWER KNOB ACRYLIC EDWARDIAN,-12,2010-11-02 10:09:00,1.25,14156.0,EIRE
C530177,22776,SWEETHEART CAKESTAND 3 TIER,-12,2010-11-02 10:09:00,8.5,14156.0,EIRE
C530177,22795,SWEETHEART RECIPE BOOK STAND,-4,2010-11-02 10:09:00,6.75,14156.0,EIRE
C530177,22775,PURPLE DRAWERKNOB ACRYLIC EDWARDIAN,-12,2010-11-02 10:09:00,1.25,14156.0,EIRE
C530177,22774,RED DRAWER KNOB ACRYLIC EDWARDIAN,-12,2010-11-02 10:09:00,1.25,14156.0,EIRE
C530177,22773,GREEN DRAWER KNOB ACRYLIC EDWARDIAN,-12,2010-11-02 10:09:00,1.25,14156.0,EIRE
C530179,21648,ASSORTED TUTTI FRUTTI SMALL PURSE,-5,2010-11-02 10:23:00,1.25,13648.0,United Kingdom
C530179,22891,TEA FOR ONE POLKADOT,-2,2010-11-02 10:23:00,4.25,13648.0,United Kingdom
C530179,20979,36 PENCILS TUBE RED SPOTTY,-16,2010-11-02 10:23:00,1.25,13648.0,United Kingdom
C530181,85066,CREAM SWEETHEART MINI CHEST,-1,2010-11-02 10:34:00,12.75,15337.0,United Kingdom
C530181,22766,PHOTO FRAME CORNICE,-4,2010-11-02 10:34:00,2.95,15337.0,United Kingdom
C530181,84978,HANGING HEART JAR T-LIGHT HOLDER,-3,2010-11-02 10:34:00,1.25,15337.0,United Kingdom
C530182,22089,PAPER BUNTING VINTAGE PAISLEY,-6,2010-11-02 10:38:00,2.95,14934.0,Channel Islands
C530182,22665,RECIPE BOX BLUE SKETCHBOOK DESIGN,-6,2010-11-02 10:38:00,2.95,14934.0,Channel Islands
C530182,21977,PACK OF 60 PINK PAISLEY CAKE CASES,-24,2010-11-02 10:38:00,0.55,14934.0,Channel Islands
C530182,21974,SET OF 36 PAISLEY FLOWER DOILIES,-12,2010-11-02 10:38:00,1.45,14934.0,Channel Islands
C530182,22652,TRAVEL SEWING KIT,-10,2010-11-02 10:38:00,1.65,14934.0,Channel Islands
C530182,22654,DELUXE SEWING KIT,-3,2010-11-02 10:38:00,5.95,14934.0,Channel Islands
C530182,22653,BUTTON BOX,-10,2010-11-02 10:38:00,1.95,14934.0,Channel Islands
C530182,22469,HEART OF WICKER SMALL,-12,2010-11-02 10:38:00,1.65,14934.0,Channel Islands
C530182,84755,COLOUR GLASS T-LIGHT HOLDER HANGING,-16,2010-11-02 10:38:00,0.65,14934.0,Channel Islands
C530182,21755,LOVE BUILDING BLOCK WORD,-3,2010-11-02 10:38:00,5.95,14934.0,Channel Islands
C530182,21135,VICTORIAN  METAL POSTCARD SPRING,-8,2010-11-02 10:38:00,1.69,14934.0,Channel Islands
C530182,22077,6 RIBBONS RUSTIC CHARM,-12,2010-11-02 10:38:00,1.65,14934.0,Channel Islands
C530182,21688,SILVER PLATE CANDLE BOWL SMALL,-6,2010-11-02 10:38:00,2.95,14934.0,Channel Islands
C530182,22114,HOT WATER BOTTLE TEA AND SYMPATHY,-4,2010-11-02 10:38:00,3.95,14934.0,Channel Islands
C530182,C2,CARRIAGE,-1,2010-11-02 10:38:00,50.0,14934.0,Channel Islands
C530182,22410,MONEY BOX HOUSEKEEPING DESIGN,-12,2010-11-02 10:38:00,1.25,14934.0,Channel Islands
C530182,22405,MONEY BOX POCKET MONEY DESIGN,-12,2010-11-02 10:38:00,1.25,14934.0,Channel Islands
C530182,22406,MONEY BOX KINGS CHOICE DESIGN,-12,2010-11-02 10:38:00,1.25,14934.0,Channel Islands
C530182,22359,GLASS JAR KINGS CHOICE,-6,2010-11-02 10:38:00,2.95,14934.0,Channel Islands
C530182,22361,GLASS JAR DAISY FRESH COTTON WOOL,-6,2010-11-02 10:38:00,2.95,14934.0,Channel Islands
C530182,22835,HOT WATER BOTTLE I AM SO POORLY,-4,2010-11-02 10:38:00,4.65,14934.0,Channel Islands
C530182,22086,PAPER CHAIN KIT 50'S CHRISTMAS,-6,2010-11-02 10:38:00,2.95,14934.0,Channel Islands
C530182,22557,PLASTERS IN TIN VINTAGE PAISLEY,-12,2010-11-02 10:38:00,1.65,14934.0,Channel Islands
C530182,21980,PACK OF 12 RED SPOTTY TISSUES,-24,2010-11-02 10:38:00,0.29,14934.0,Channel Islands
C530182,21983,PACK OF 12 BLUE PAISLEY TISSUES,-24,2010-11-02 10:38:00,0.29,14934.0,Channel Islands
C530182,21984,PACK OF 12 PINK PAISLEY TISSUES,-24,2010-11-02 10:38:00,0.29,14934.0,Channel Islands
C530182,21888,BINGO SET,-4,2010-11-02 10:38:00,3.75,14934.0,Channel Islands
C530182,22744,MAKE YOUR OWN MONSOON CARD KIT,-6,2010-11-02 10:38:00,2.95,14934.0,Channel Islands
C530182,22583,PACK OF 6 HANDBAG GIFT BOXES,-6,2010-11-02 10:38:00,2.55,14934.0,Channel Islands
C530182,22585,PACK OF 6 BIRDY GIFT TAGS,-12,2010-11-02 10:38:00,1.25,14934.0,Channel Islands
C530182,22090,PAPER BUNTING RETRO SPOTS,-6,2010-11-02 10:38:00,2.95,14934.0,Channel Islands
C530182,22083,PAPER CHAIN KIT RETRO SPOT,-6,2010-11-02 10:38:00,2.95,14934.0,Channel Islands
C530183,M,Manual,-1,2010-11-02 10:40:00,76.97,14934.0,Channel Islands
C530185,21735,TWO DOOR CURIO CABINET,-148,2010-11-02 10:52:00,10.95,17389.0,United Kingdom
C530186,22752,SET 7 BABUSHKA NESTING BOXES,-24,2010-11-02 10:57:00,7.65,14292.0,United Kingdom
C530187,21169,YOU'RE CONFUSING ME METAL SIGN,-12,2010-11-02 11:01:00,1.69,12986.0,United Kingdom
C530187,82583,HOT BATHS METAL SIGN,-24,2010-11-02 11:01:00,2.1,12986.0,United Kingdom
C530187,22193,RED DINER WALL CLOCK,-3,2010-11-02 11:01:00,8.5,12986.0,United Kingdom
C530187,22633,HAND WARMER UNION JACK,-12,2010-11-02 11:01:00,2.1,12986.0,United Kingdom
C530187,21041,RED SPOTTY OVEN GLOVE DOUBLE,-6,2010-11-02 11:01:00,2.95,12986.0,United Kingdom
C530187,85150,LADIES & GENTLEMEN METAL SIGN,-6,2010-11-02 11:01:00,2.55,12986.0,United Kingdom
C530187,21165,BEWARE OF THE CAT METAL SIGN,-12,2010-11-02 11:01:00,1.69,12986.0,United Kingdom
C530187,47590A,BLUE HAPPY BIRTHDAY BUNTING,-50,2010-11-02 11:01:00,4.65,12986.0,United Kingdom
C530188,22380,TOY TIDY SPACEBOY,-6,2010-11-02 11:10:00,2.1,15645.0,United Kingdom
C530267,22804,CANDLEHOLDER PINK HANGING HEART,-6,2010-11-02 11:46:00,2.95,16455.0,United Kingdom
C530267,22279,POCKET BAG BLUE PAISLEY RED SPOT,-36,2010-11-02 11:46:00,1.25,16455.0,United Kingdom
C530279,37447,CERAMIC CAKE DESIGN SPOTTED PLATE,-8,2010-11-02 12:02:00,1.49,13983.0,United Kingdom
C530282,D,Discount,-1,2010-11-02 12:08:00,8.2,14527.0,United Kingdom
C530283,21706,"FOLDING UMBRELLA , RED/WHITE SPOT",-1,2010-11-02 12:09:00,4.95,13767.0,United Kingdom
C530283,21314,SMALL GLASS HEART TRINKET POT,-3,2010-11-02 12:09:00,2.1,13767.0,United Kingdom
C530284,22180,RETRO SPOT LAMP,-4,2010-11-02 12:10:00,9.95,14897.0,United Kingdom
C530285,22624,IVORY KITCHEN SCALES,-1,2010-11-02 12:11:00,8.5,15382.0,United Kingdom
C530286,22138,BAKING SET 9 PIECE RETROSPOT,-4,2010-11-02 12:13:00,4.95,13824.0,United Kingdom
C530286,22617,BAKING SET SPACEBOY DESIGN,-2,2010-11-02 12:13:00,4.95,13824.0,United Kingdom
C530286,22468,BABUSHKA LIGHTS STRING OF 10,-1,2010-11-02 12:13:00,6.75,13824.0,United Kingdom
C530287,22423,REGENCY CAKESTAND 3 TIER,-2,2010-11-02 12:14:00,10.95,16019.0,United Kingdom
C530290,22427,ENAMEL FLOWER JUG CREAM,-1,2010-11-02 12:18:00,5.95,14593.0,United Kingdom
C530290,22278,OVERNIGHT BAG VINTAGE ROSE PAISLEY,-1,2010-11-02 12:18:00,4.95,14593.0,United Kingdom
C530289,15056BL,EDWARDIAN PARASOL BLACK,-1,2010-11-02 12:18:00,5.95,12797.0,Portugal
C530292,21245,GREEN  SPOTTY PLATE,-4,2010-11-02 12:19:00,1.69,17083.0,United Kingdom
C530291,22278,OVERNIGHT BAG VINTAGE ROSE PAISLEY,-1,2010-11-02 12:19:00,4.95,14593.0,United Kingdom
C530293,84945,MULTI COLOUR SILVER T-LIGHT HOLDER,-1,2010-11-02 12:22:00,0.85,13769.0,United Kingdom
C530293,85174,S/4 CACTI CANDLES,-1,2010-11-02 12:22:00,4.95,13769.0,United Kingdom
C530294,22795,SWEETHEART RECIPE BOOK STAND,-1,2010-11-02 12:32:00,6.75,13093.0,United Kingdom
C530305,21172,PARTY METAL SIGN,-24,2010-11-02 13:15:00,1.45,16255.0,United Kingdom
530309,84978,HANGING HEART JAR T-LIGHT HOLDER,-400,2010-11-02 13:25:00,0.0,,United Kingdom
C530336,22444,GROW YOUR OWN PLANT IN A CAN,-24,2010-11-02 14:14:00,1.25,16372.0,United Kingdom
530347,85215,ASSORTED CHEESE FRIDGE MAGNETS,-490,2010-11-02 15:46:00,0.0,,United Kingdom
530348,16235,RECYCLED PENCIL WITH RABBIT ERASER,-9000,2010-11-02 15:48:00,0.0,,United Kingdom
C530358,POST,POSTAGE,-1,2010-11-02 15:52:00,9.58,16947.0,United Kingdom
C530362,22464,HANGING METAL HEART LANTERN,-1,2010-11-02 15:57:00,1.65,14065.0,United Kingdom
530365,72225C,LAVENDER SCENT CAKE CANDLE,-1609,2010-11-02 16:03:00,0.0,,United Kingdom
530368,84613A,PINK NEW BAROQUE FLOCK CANDLESTICK,-72,2010-11-02 16:07:00,0.0,,United Kingdom
C530398,84967B,BLUE KASHMIRI OCCASIONAL TABLE,-2,2010-11-02 17:32:00,30.0,17858.0,United Kingdom
C530399,22618,COOKING SET RETROSPOT,-6,2010-11-02 17:45:00,9.95,17170.0,United Kingdom
C530415,22231,JIGSAW TREE WITH BIRDHOUSE,-12,2010-11-02 19:16:00,1.45,12594.0,Italy
C530415,22230,JIGSAW TREE WITH WATERING CAN,-12,2010-11-02 19:16:00,0.85,12594.0,Italy
C530438,22667,RECIPE BOX RETROSPOT,-1,2010-11-03 11:19:00,2.95,15078.0,United Kingdom
C530438,22411,JUMBO SHOPPER VINTAGE RED PAISLEY,-1,2010-11-03 11:19:00,1.95,15078.0,United Kingdom
C530507,D,Discount,-1,2010-11-03 11:50:00,20.28,14912.0,Italy
C530516,84970S,HANGING HEART ZINC T-LIGHT HOLDER,-12,2010-11-03 12:31:00,0.85,14769.0,United Kingdom
C530516,22169,FAMILY ALBUM WHITE PICTURE FRAME,-1,2010-11-03 12:31:00,8.5,14769.0,United Kingdom
C530519,35004B,SET OF 3 BLACK FLYING DUCKS,-12,2010-11-03 12:39:00,1.95,15694.0,United Kingdom
C530521,22058,CERAMIC LOVE HEARTS DESIGN MUG,-1,2010-11-03 12:40:00,1.49,13554.0,United Kingdom
C530521,22847,BREAD BIN DINER STYLE IVORY,-1,2010-11-03 12:40:00,16.95,13554.0,United Kingdom
C530521,22487,WHITE WOOD GARDEN PLANT LADDER,-1,2010-11-03 12:40:00,9.95,13554.0,United Kingdom
C530521,22139,RETRO SPOT TEA SET CERAMIC 11 PC,-1,2010-11-03 12:40:00,4.95,13554.0,United Kingdom
C530521,22891,TEA FOR ONE POLKADOT,-1,2010-11-03 12:40:00,4.25,13554.0,United Kingdom
C530523,85103,SILVER T-LIGHT SETTING,-1,2010-11-03 12:43:00,5.95,13831.0,United Kingdom
C530523,84839,SWEETHEART KEY CABINET,-1,2010-11-03 12:43:00,5.55,13831.0,United Kingdom
C530528,82483,WOOD 2 DRAWER CABINET WHITE FINISH,-1,2010-11-03 12:45:00,4.95,18172.0,United Kingdom
C530532,84843,WHITE SOAP RACK WITH 2 BOTTLES,-1,2010-11-03 12:46:00,5.95,13554.0,United Kingdom
C530539,22158,3 HEARTS HANGING DECORATION RUSTIC,-1,2010-11-03 12:55:00,2.95,16034.0,United Kingdom
C530547,22409,MONEY BOX BISCUITS DESIGN,-8,2010-11-03 13:15:00,1.25,12417.0,Belgium
C530549,22840,ROUND CAKE TIN VINTAGE RED,-2,2010-11-03 13:18:00,7.95,13317.0,United Kingdom
C530549,22666,RECIPE BOX PANTRY YELLOW DESIGN,-1,2010-11-03 13:18:00,2.95,13317.0,United Kingdom
C530551,22386,JUMBO BAG PINK WITH WHITE SPOTS,-1,2010-11-03 13:19:00,1.65,17511.0,United Kingdom
C530551,22632,HAND WARMER RED RETROSPOT,-1,2010-11-03 13:19:00,1.85,17511.0,United Kingdom
C530551,21929,JUMBO BAG PINK VINTAGE PAISLEY,-1,2010-11-03 13:19:00,1.65,17511.0,United Kingdom
C530551,22702,BLACK AND WHITE CAT BOWL,-1,2010-11-03 13:19:00,1.85,17511.0,United Kingdom
C530551,22665,RECIPE BOX BLUE SKETCHBOOK DESIGN,-2,2010-11-03 13:19:00,2.95,17511.0,United Kingdom
C530551,22411,JUMBO SHOPPER VINTAGE RED PAISLEY,-1,2010-11-03 13:19:00,1.65,17511.0,United Kingdom
C530554,22138,BAKING SET 9 PIECE RETROSPOT,-3,2010-11-03 13:30:00,4.95,17473.0,United Kingdom
C530555,22778,GLASS CLOCHE SMALL,-2,2010-11-03 13:31:00,3.95,13018.0,United Kingdom
C530555,22801,ANTIQUE GLASS PEDESTAL BOWL,-2,2010-11-03 13:31:00,3.75,13018.0,United Kingdom
C530573,85049A,TRADITIONAL CHRISTMAS RIBBONS,-12,2010-11-03 14:34:00,1.25,16422.0,United Kingdom
C530573,22333,RETRO SPORT PARTY BAG + STICKER SET,-384,2010-11-03 14:34:00,1.45,16422.0,United Kingdom
C530573,21491,SET OF THREE VINTAGE GIFT WRAPS,-12,2010-11-03 14:34:00,1.95,16422.0,United Kingdom
C530573,22812,PACK 3 BOXES CHRISTMAS PANNETONE,-12,2010-11-03 14:34:00,1.95,16422.0,United Kingdom
530591,20830,SILVER PHOTO FRAME,-161,2010-11-03 15:12:00,0.0,,United Kingdom
530597,21051,RIBBONS PURSE,-240,2010-11-03 15:16:00,0.0,,United Kingdom
530603,79000,MOROCCAN TEA GLASS,-1500,2010-11-03 15:18:00,0.0,,United Kingdom
C530614,22655,VINTAGE RED KITCHEN CABINET,-1,2010-11-03 15:49:00,295.0,16570.0,United Kingdom
C530618,82484,WOOD BLACK BOARD ANT WHITE FINISH,-1,2010-11-03 15:59:00,6.45,16350.0,United Kingdom
C530638,20725,LUNCH BAG RED SPOTTY,-1,2010-11-03 16:11:00,1.65,16147.0,United Kingdom
C530639,22535,MAGIC DRAWING SLATE BUNNIES,-24,2010-11-03 16:22:00,0.42,16147.0,United Kingdom
C530639,22530,MAGIC DRAWING SLATE DOLLY GIRL,-24,2010-11-03 16:22:00,0.42,16147.0,United Kingdom
C530639,22534,MAGIC DRAWING SLATE SPACEBOY,-24,2010-11-03 16:22:00,0.42,16147.0,United Kingdom
C530664,22656,VINTAGE BLUE KITCHEN CABINET,-1,2010-11-04 10:43:00,295.0,16732.0,United Kingdom
C530667,21080,SET/20 RED SPOTTY PAPER NAPKINS,-5,2010-11-04 10:54:00,0.85,15738.0,United Kingdom
C530668,79191C,RETRO PLASTIC ELEPHANT TRAY,-12,2010-11-04 10:55:00,0.85,12474.0,Germany
C530668,21976,PACK OF 60 MUSHROOM CAKE CASES,-2,2010-11-04 10:55:00,0.55,12474.0,Germany
C530673,20979,36 PENCILS TUBE RED SPOTTY,-16,2010-11-04 10:58:00,1.25,14276.0,United Kingdom
C530673,84970S,HANGING HEART ZINC T-LIGHT HOLDER,-2,2010-11-04 10:58:00,0.85,14276.0,United Kingdom
C530673,20728,LUNCH BAG CARS BLUE,-5,2010-11-04 10:58:00,1.65,14276.0,United Kingdom
C530673,20725,LUNCH BAG RED SPOTTY,-4,2010-11-04 10:58:00,1.65,14276.0,United Kingdom
C530678,21259,VICTORIAN SEWING BOX SMALL,-1,2010-11-04 10:59:00,5.95,13461.0,United Kingdom
C530678,21258,VICTORIAN SEWING BOX LARGE,-1,2010-11-04 10:59:00,12.75,13461.0,United Kingdom
C530682,21527,RED RETROSPOT TRADITIONAL TEAPOT,-1,2010-11-04 11:01:00,7.95,16670.0,United Kingdom
C530696,85048,15CM CHRISTMAS GLASS BALL 20 LIGHTS,-12,2010-11-04 11:06:00,6.95,14199.0,United Kingdom
C530700,85066,CREAM SWEETHEART MINI CHEST,-1,2010-11-04 11:08:00,12.75,13362.0,United Kingdom
C530700,20830,SILVER PHOTO FRAME,-6,2010-11-04 11:08:00,2.1,13362.0,United Kingdom
C530701,84279P,CHERRY BLOSSOM  DECORATIVE FLASK,-1,2010-11-04 11:10:00,3.75,13981.0,United Kingdom
C530702,22191,EAU DE NIL DINER WALL CLOCK,-1,2010-11-04 11:12:00,8.5,18215.0,United Kingdom
C530703,21931,JUMBO STORAGE BAG SUKI,-1,2010-11-04 11:13:00,1.65,17063.0,United Kingdom
C530704,22890,NOVELTY BISCUITS CAKE STAND 3 TIER,-2,2010-11-04 11:13:00,9.95,14870.0,United Kingdom
C530705,22423,REGENCY CAKESTAND 3 TIER,-1,2010-11-04 11:14:00,12.75,15329.0,United Kingdom
C530706,21464,DISCO BALL ROTATOR BATTERY OPERATED,-1,2010-11-04 11:15:00,4.25,14390.0,United Kingdom
C530706,21463,MIRRORED DISCO BALL,-1,2010-11-04 11:15:00,5.95,14390.0,United Kingdom
C530707,22180,RETRO SPOT LAMP,-2,2010-11-04 11:22:00,9.95,18225.0,United Kingdom
C530710,79323P,PINK CHERRY LIGHTS,-1,2010-11-04 11:31:00,6.75,17362.0,United Kingdom
C530710,79323W,WHITE CHERRY LIGHTS,-1,2010-11-04 11:31:00,6.75,17362.0,United Kingdom
C530711,21658,GLASS  BEURRE DISH,-1,2010-11-04 11:32:00,3.95,15093.0,United Kingdom
C530711,22245,"HOOK, 1 HANGER ,MAGIC GARDEN",-1,2010-11-04 11:32:00,0.85,15093.0,United Kingdom
C530712,22801,ANTIQUE GLASS PEDESTAL BOWL,-2,2010-11-04 11:33:00,3.75,14496.0,United Kingdom
C530713,22357,KINGS CHOICE BISCUIT TIN,-1,2010-11-04 11:34:00,4.25,14400.0,United Kingdom
C530713,84945,MULTI COLOUR SILVER T-LIGHT HOLDER,-6,2010-11-04 11:34:00,0.72,14400.0,United Kingdom
C530713,22358,KINGS CHOICE TEA CADDY,-2,2010-11-04 11:34:00,2.95,14400.0,United Kingdom
C530722,22617,BAKING SET SPACEBOY DESIGN,-24,2010-11-04 11:41:00,4.25,12770.0,Japan
C530736,22625,RED KITCHEN SCALES,-10,2010-11-04 11:50:00,7.65,13692.0,United Kingdom
C530737,21564,PINK  HEART SHAPE LOVE BUCKET,-3,2010-11-04 11:51:00,2.95,16491.0,United Kingdom
C530794,47589,CONGRATULATIONS BUNTING,-2,2010-11-04 12:24:00,5.45,15580.0,United Kingdom
C530794,22483,RED GINGHAM TEDDY BEAR,-1,2010-11-04 12:24:00,2.95,15580.0,United Kingdom
C530798,22556,PLASTERS IN TIN CIRCUS PARADE,-1,2010-11-04 12:29:00,1.65,12708.0,Germany
C530798,22618,COOKING SET RETROSPOT,-1,2010-11-04 12:29:00,9.95,12708.0,Germany
C530798,22617,BAKING SET SPACEBOY DESIGN,-1,2010-11-04 12:29:00,4.95,12708.0,Germany
C530831,21464,DISCO BALL ROTATOR BATTERY OPERATED,-2,2010-11-04 13:35:00,4.25,15652.0,United Kingdom
C530832,85172,HYACINTH BULB T-LIGHT CANDLES,-8,2010-11-04 13:38:00,0.42,15158.0,United Kingdom
C530832,22827,GIANT SEVENTEEN DRAWER SIDEBOARD,-1,2010-11-04 13:38:00,165.0,15158.0,United Kingdom
C530839,22946,WOODEN ADVENT CALENDAR CREAM,-1,2010-11-04 14:07:00,16.95,14777.0,United Kingdom
C530839,22947,WOODEN ADVENT CALENDAR RED,-2,2010-11-04 14:07:00,16.95,14777.0,United Kingdom
C530842,22219,LOVEBIRD HANGING DECORATION WHITE,-12,2010-11-04 14:21:00,0.85,16563.0,United Kingdom
530853,40003,WHITE BAMBOO RIBS LAMPSHADE,-240,2010-11-04 14:54:00,0.0,,United Kingdom
530876,35004B,SET OF 3 BLACK FLYING DUCKS,-230,2010-11-04 15:03:00,0.0,,United Kingdom
C530907,15056N,EDWARDIAN PARASOL NATURAL,-3,2010-11-04 15:50:00,4.95,12917.0,United Kingdom
C530910,22359,GLASS JAR KINGS CHOICE,-6,2010-11-04 15:56:00,2.95,16732.0,United Kingdom
C530910,22361,GLASS JAR DAISY FRESH COTTON WOOL,-6,2010-11-04 15:56:00,2.95,16732.0,United Kingdom
C530910,22364,GLASS JAR DIGESTIVE BISCUITS,-6,2010-11-04 15:56:00,2.95,16732.0,United Kingdom
C530910,22360,GLASS JAR ENGLISH CONFECTIONERY,-6,2010-11-04 15:56:00,2.95,16732.0,United Kingdom
C530929,22825,DECORATIVE PLANT POT WITH FRIEZE,-2,2010-11-04 17:03:00,7.95,16777.0,United Kingdom
C530929,22611,VINTAGE UNION JACK SHOPPING BAG,-3,2010-11-04 17:03:00,4.95,16777.0,United Kingdom
C530930,22461,SAVOY ART DECO CLOCK,-1,2010-11-04 17:06:00,12.75,15535.0,United Kingdom
C530931,22243,"HOOK, 5 HANGER ,MAGIC TOADSTOOL RED",-1,2010-11-04 17:08:00,1.65,12720.0,Germany
C530931,22168,ORGANISER WOOD ANTIQUE WHITE,-1,2010-11-04 17:08:00,8.5,12720.0,Germany
C530931,22198,LARGE POPCORN HOLDER,-6,2010-11-04 17:08:00,1.65,12720.0,Germany
C530933,20727,LUNCH BAG  BLACK SKULL.,-1,2010-11-04 17:10:00,1.65,12393.0,Australia
C530933,22382,LUNCH BAG SPACEBOY DESIGN,-1,2010-11-04 17:10:00,1.65,12393.0,Australia
C530933,22320,BIRDS MOBILE VINTAGE DESIGN,-1,2010-11-04 17:10:00,5.95,12393.0,Australia
C530933,22325,MOBILE VINTAGE HEARTS,-1,2010-11-04 17:10:00,4.95,12393.0,Australia
C530933,20703,BLUE PADDED SOFT MOBILE,-2,2010-11-04 17:10:00,4.25,12393.0,Australia
C530934,22064,PINK DOUGHNUT TRINKET POT,-1,2010-11-04 17:15:00,1.65,14714.0,United Kingdom
C530934,22668,PINK BABY BUNTING,-1,2010-11-04 17:15:00,2.95,14714.0,United Kingdom
C530935,85048,15CM CHRISTMAS GLASS BALL 20 LIGHTS,-1,2010-11-04 17:16:00,7.95,14847.0,United Kingdom
C530935,22654,DELUXE SEWING KIT,-2,2010-11-04 17:16:00,5.95,14847.0,United Kingdom
C530935,22168,ORGANISER WOOD ANTIQUE WHITE,-1,2010-11-04 17:16:00,8.5,14847.0,United Kingdom
C530942,20871,OPULENT VELVET SET/3 CANDLES,-1,2010-11-04 17:45:00,2.1,15294.0,United Kingdom
C530942,35400,WOODEN BOX ADVENT CALENDAR,-1,2010-11-04 17:45:00,8.95,15294.0,United Kingdom
C530943,84945,MULTI COLOUR SILVER T-LIGHT HOLDER,-2,2010-11-04 17:47:00,0.85,15620.0,United Kingdom
C530943,85226A,WHITE/BLUE PULL BACK RACING CAR,-2,2010-11-04 17:47:00,0.55,15620.0,United Kingdom
C530943,79403,FROSTED WHITE BASE,-1,2010-11-04 17:47:00,0.85,15620.0,United Kingdom
C530944,71477,COLOUR GLASS. STAR T-LIGHT HOLDER,-6,2010-11-04 17:51:00,2.75,15602.0,United Kingdom
C530944,22575,METAL MERRY CHRISTMAS WREATH,-2,2010-11-04 17:51:00,1.65,15602.0,United Kingdom
C530946,22825,DECORATIVE PLANT POT WITH FRIEZE,-1,2010-11-04 18:00:00,7.95,,United Kingdom
C530949,72807B,SET/3 OCEAN SCENT CANDLE JEWEL BOX,-2,2010-11-04 18:11:00,4.25,12445.0,Spain
C530954,22067,CHOC TRUFFLE GOLD TRINKET POT,-1,2010-11-04 18:45:00,1.65,18168.0,United Kingdom
C530954,21232,STRAWBERRY CERAMIC TRINKET BOX,-1,2010-11-04 18:45:00,1.25,18168.0,United Kingdom
C530954,21531,RED RETROSPOT SUGAR JAM BOWL,-1,2010-11-04 18:45:00,2.55,18168.0,United Kingdom
C530954,22055,MINI CAKE STAND  HANGING STRAWBERY,-1,2010-11-04 18:45:00,1.65,18168.0,United Kingdom
C530971,22138,BAKING SET 9 PIECE RETROSPOT,-24,2010-11-05 09:37:00,4.25,12770.0,Japan
C530979,21877,HOME SWEET HOME MUG,-1,2010-11-05 10:42:00,1.25,17276.0,United Kingdom
C530979,22118,JOY WOODEN BLOCK LETTERS,-1,2010-11-05 10:42:00,4.95,17276.0,United Kingdom
C530979,22946,WOODEN ADVENT CALENDAR CREAM,-3,2010-11-05 10:42:00,16.95,17276.0,United Kingdom
C530993,21733,RED HANGING HEART T-LIGHT HOLDER,-1,2010-11-05 11:02:00,2.95,13646.0,United Kingdom
C530994,84945,MULTI COLOUR SILVER T-LIGHT HOLDER,-1,2010-11-05 11:05:00,0.85,12476.0,Germany
C530994,22632,HAND WARMER RED RETROSPOT,-2,2010-11-05 11:05:00,2.1,12476.0,Germany
C530994,22090,PAPER BUNTING RETRO SPOTS,-1,2010-11-05 11:05:00,2.95,12476.0,Germany
C530994,35400,WOODEN BOX ADVENT CALENDAR,-1,2010-11-05 11:05:00,8.95,12476.0,Germany
C530994,85199L,LARGE HANGING IVORY & RED WOOD BIRD,-2,2010-11-05 11:05:00,0.65,12476.0,Germany
C530995,22764,"RUSTIC WOODEN CABINET, GLASS DOORS",-2,2010-11-05 11:06:00,21.95,12476.0,Germany
C530996,21844,RED RETROSPOT MUG,-2,2010-11-05 11:07:00,2.95,12476.0,Germany
C531001,21906,PHARMACIE FIRST AID TIN,-10,2010-11-05 11:32:00,6.75,17404.0,Sweden
C531005,D,Discount,-1,2010-11-05 11:37:00,10.08,14527.0,United Kingdom
C531045,22061,LARGE CAKE STAND  HANGING STRAWBERY,-1,2010-11-05 12:00:00,9.95,14911.0,EIRE
C531091,22469,HEART OF WICKER SMALL,-1,2010-11-05 12:19:00,1.45,13113.0,United Kingdom
C531091,85066,CREAM SWEETHEART MINI CHEST,-1,2010-11-05 12:19:00,10.95,13113.0,United Kingdom
C531127,22585,PACK OF 6 BIRDY GIFT TAGS,-12,2010-11-05 13:26:00,1.25,14286.0,United Kingdom
C531133,22489,PACK OF 12 TRADITIONAL CRAYONS,-144,2010-11-05 13:58:00,0.36,14911.0,EIRE
C531133,22423,REGENCY CAKESTAND 3 TIER,-4,2010-11-05 13:58:00,10.95,14911.0,EIRE
C531134,M,Manual,-1,2010-11-05 14:01:00,1.25,16984.0,United Kingdom
C531134,21429,RED GINGHAM ROSE JEWELLERY BOX,-1,2010-11-05 14:01:00,1.65,16984.0,United Kingdom
C531134,22838,3 TIER CAKE TIN RED AND CREAM,-1,2010-11-05 14:01:00,14.95,16984.0,United Kingdom
C531134,22297,HEART IVORY TRELLIS SMALL,-1,2010-11-05 14:01:00,1.25,16984.0,United Kingdom
C531134,22359,GLASS JAR KINGS CHOICE,-1,2010-11-05 14:01:00,2.95,16984.0,United Kingdom
C531134,22363,GLASS JAR MARMALADE,-1,2010-11-05 14:01:00,2.95,16984.0,United Kingdom
C531134,22360,GLASS JAR ENGLISH CONFECTIONERY,-1,2010-11-05 14:01:00,2.95,16984.0,United Kingdom
C531134,82607E,GLASS BONBON JAR. D'AMANDES,-1,2010-11-05 14:01:00,1.25,16984.0,United Kingdom
531137,22734,SET OF 6 RIBBONS VINTAGE CHRISTMAS,-900,2010-11-05 14:09:00,0.0,,United Kingdom
C531136,21931,JUMBO STORAGE BAG SUKI,-1,2010-11-05 14:09:00,1.95,16010.0,United Kingdom
531140,15002,rex use,-1000,2010-11-05 14:11:00,0.0,,United Kingdom
531177,20852,given away,-8800,2010-11-05 14:40:00,0.0,,United Kingdom
C531179,22617,BAKING SET SPACEBOY DESIGN,-6,2010-11-05 14:56:00,4.95,15796.0,United Kingdom
C531179,22138,BAKING SET 9 PIECE RETROSPOT,-6,2010-11-05 14:56:00,4.95,15796.0,United Kingdom
C531188,22776,SWEETHEART CAKESTAND 3 TIER,-1,2010-11-05 15:04:00,9.95,13921.0,United Kingdom
C531191,20798,CLEAR MILKSHAKE GLASS,-1,2010-11-05 15:11:00,2.1,15253.0,United Kingdom
C531201,20798,CLEAR MILKSHAKE GLASS,-1,2010-11-05 15:19:00,2.1,15253.0,United Kingdom
C531203,84949,SILVER HANGING T-LIGHT HOLDER,-6,2010-11-05 15:22:00,1.65,14496.0,United Kingdom
C531211,22667,RECIPE BOX RETROSPOT,-2,2010-11-05 16:12:00,2.95,15628.0,United Kingdom
C531211,21777,RECIPE BOX WITH METAL HEART,-1,2010-11-05 16:12:00,7.95,15628.0,United Kingdom
C531238,22947,WOODEN ADVENT CALENDAR RED,-1,2010-11-07 10:26:00,16.95,14534.0,United Kingdom
C531242,22627,MINT KITCHEN SCALES,-1,2010-11-07 10:45:00,8.5,16746.0,United Kingdom
C531242,47591D,PINK FAIRY CAKE CHILD'S APRON,-1,2010-11-07 10:45:00,1.95,16746.0,United Kingdom
C531242,22355,CHARLOTTE BAG SUKI DESIGN,-1,2010-11-07 10:45:00,0.85,16746.0,United Kingdom
C531296,22034,ROBIN CHRISTMAS CARD,-12,2010-11-07 12:02:00,0.42,16401.0,United Kingdom
C531296,22042,CHRISTMAS CARD SINGING ANGEL,-12,2010-11-07 12:02:00,0.42,16401.0,United Kingdom
C531296,84247E,PACK/12 XMAS FUN CARD,-48,2010-11-07 12:02:00,2.55,16401.0,United Kingdom
C531331,21114,LAVENDER SCENTED FABRIC HEART,-15,2010-11-07 12:23:00,1.25,16401.0,United Kingdom
C531339,21735,TWO DOOR CURIO CABINET,-1,2010-11-07 12:48:00,12.75,16928.0,United Kingdom
C531355,85099B,JUMBO BAG RED RETROSPOT,-1,2010-11-07 13:51:00,1.95,17107.0,United Kingdom
C531360,22283,6 EGG HOUSE PAINTED WOOD,-1,2010-11-07 14:18:00,7.95,13276.0,United Kingdom
C531384,84077,WORLD WAR 2 GLIDERS ASSTD DESIGNS,-24,2010-11-07 17:44:00,0.29,,United Kingdom
C531384,84247E,PACK/12 XMAS FUN CARD,-11,2010-11-07 17:44:00,2.95,,United Kingdom
C531400,AMAZONFEE,AMAZON FEE,-1,2010-11-08 10:08:00,6706.71,,United Kingdom
C531424,22890,NOVELTY BISCUITS CAKE STAND 3 TIER,-1,2010-11-08 10:45:00,9.95,15039.0,United Kingdom
C531428,22727,ALARM CLOCK BAKELIKE RED,-1,2010-11-08 11:14:00,3.75,16732.0,United Kingdom
C531429,22198,LARGE POPCORN HOLDER,-1,2010-11-08 11:38:00,1.65,16401.0,United Kingdom
C531429,20681,PINK SPOTTY CHILDS UMBRELLA,-1,2010-11-08 11:38:00,3.25,16401.0,United Kingdom
C531434,20686,DOLLY MIXTURE CHILDREN'S UMBRELLA,-1,2010-11-08 12:00:00,3.25,17084.0,United Kingdom
C531443,35400,WOODEN BOX ADVENT CALENDAR,-1,2010-11-08 12:34:00,8.95,14236.0,United Kingdom
C531446,22467,GUMBALL COAT RACK,-1,2010-11-08 12:37:00,2.55,12651.0,France
C531446,85232B,SET/3 RUSSIAN DOLL STACKING TINS,-2,2010-11-08 12:37:00,4.95,12651.0,France
C531448,22949,36 DOILIES DOLLY GIRL,-4,2010-11-08 12:45:00,1.45,17735.0,United Kingdom
C531448,22618,COOKING SET RETROSPOT,-4,2010-11-08 12:45:00,9.95,17735.0,United Kingdom
C531449,22767,TRIPLE PHOTO FRAME CORNICE,-3,2010-11-08 12:54:00,9.95,14209.0,United Kingdom
C531451,22776,SWEETHEART CAKESTAND 3 TIER,-1,2010-11-08 13:02:00,9.95,13466.0,United Kingdom
C531451,22697,GREEN REGENCY TEACUP AND SAUCER,-1,2010-11-08 13:02:00,2.95,13466.0,United Kingdom
C531451,22784,LANTERN CREAM GAZEBO,-9,2010-11-08 13:02:00,4.25,13466.0,United Kingdom
C531454,22423,REGENCY CAKESTAND 3 TIER,-1,2010-11-08 13:16:00,12.75,12708.0,Germany
C531455,22197,SMALL POPCORN HOLDER,-2,2010-11-08 13:17:00,0.85,12681.0,France
C531455,21843,RED RETROSPOT CAKE STAND,-3,2010-11-08 13:17:00,10.95,12681.0,France
C531456,22168,ORGANISER WOOD ANTIQUE WHITE,-2,2010-11-08 13:22:00,8.5,13815.0,Germany
C531456,20972,PINK CREAM FELT CRAFT TRINKET BOX,-6,2010-11-08 13:22:00,1.25,13815.0,Germany
C531456,21429,RED GINGHAM ROSE JEWELLERY BOX,-8,2010-11-08 13:22:00,1.65,13815.0,Germany
C531456,84078A,SET/4 WHITE RETRO STORAGE CUBES,-4,2010-11-08 13:22:00,34.95,13815.0,Germany
C531461,21361,LOVE LARGE WOOD LETTERS,-1,2010-11-08 13:38:00,12.75,13937.0,United Kingdom
C531465,22243,"HOOK, 5 HANGER ,MAGIC TOADSTOOL RED",-11,2010-11-08 13:54:00,1.65,12720.0,Germany
C531483,22149,FELTCRAFT 6 FLOWER FRIENDS,-2,2010-11-08 14:40:00,2.1,13004.0,United Kingdom
C531483,85099B,JUMBO BAG RED RETROSPOT,-2,2010-11-08 14:40:00,1.95,13004.0,United Kingdom
C531483,22386,JUMBO BAG PINK WITH WHITE SPOTS,-2,2010-11-08 14:40:00,1.95,13004.0,United Kingdom
C531514,22555,PLASTERS IN TIN STRONGMAN,-12,2010-11-08 16:32:00,1.65,15314.0,United Kingdom
C531555,71038,WHITE HANGING BEADS CANDLE HOLDER,-2,2010-11-09 10:01:00,5.45,13660.0,United Kingdom
C531557,22904,CALENDAR PAPER CUT DESIGN,-160,2010-11-09 10:06:00,2.55,12454.0,Spain
C531557,22271,FELTCRAFT DOLL ROSIE,-144,2010-11-09 10:06:00,2.55,12454.0,Spain
C531557,22670,FRENCH WC SIGN BLUE METAL,-576,2010-11-09 10:06:00,1.06,12454.0,Spain
C531557,21381,MINI WOODEN HAPPY BIRTHDAY GARLAND,-288,2010-11-09 10:06:00,1.45,12454.0,Spain
C531557,22341,LOVE GARLAND PAINTED ZINC,-576,2010-11-09 10:06:00,1.45,12454.0,Spain
C531557,22903,CALENDAR FAMILY FAVOURITES,-160,2010-11-09 10:06:00,2.55,12454.0,Spain
C531557,21380,WOODEN HAPPY BIRTHDAY GARLAND,-288,2010-11-09 10:06:00,2.55,12454.0,Spain
C531557,21056,DOCTOR'S BAG SOFT TOY,-40,2010-11-09 10:06:00,7.95,12454.0,Spain
C531563,21136,PAINTED METAL PEARS ASSORTED,-4,2010-11-09 10:15:00,1.69,14515.0,United Kingdom
C531565,20829,GLITTER HANGING BUTTERFLY STRING,-270,2010-11-09 10:22:00,1.69,16684.0,United Kingdom
C531565,22423,REGENCY CAKESTAND 3 TIER,-8,2010-11-09 10:22:00,10.95,16684.0,United Kingdom
C531565,21843,RED RETROSPOT CAKE STAND,-9,2010-11-09 10:22:00,10.95,16684.0,United Kingdom
C531569,37444A,YELLOW BREAKFAST CUP AND SAUCER,-1,2010-11-09 10:32:00,2.95,16684.0,United Kingdom
C531576,79321,CHILLI LIGHTS,-24,2010-11-09 10:46:00,4.25,16013.0,United Kingdom
C531576,71477,COLOUR GLASS. STAR T-LIGHT HOLDER,-96,2010-11-09 10:46:00,2.75,16013.0,United Kingdom
C531588,21098,CHRISTMAS TOILET ROLL,-36,2010-11-09 11:11:00,1.06,14482.0,United Kingdom
C531697,M,Manual,-1,2010-11-09 11:55:00,10.0,15197.0,United Kingdom
C531743,22630,DOLLY GIRL LUNCH BOX,-11,2010-11-09 12:50:00,1.95,16960.0,United Kingdom
C531749,D,Discount,-1,2010-11-09 13:04:00,23.19,14527.0,United Kingdom
C531751,22629,SPACEBOY LUNCH BOX,-1,2010-11-09 13:10:00,1.95,13266.0,United Kingdom
C531755,22784,LANTERN CREAM GAZEBO,-1,2010-11-09 13:21:00,4.95,17841.0,United Kingdom
C531765,22941,CHRISTMAS LIGHTS 10 REINDEER,-1,2010-11-09 13:55:00,8.5,15570.0,United Kingdom
C531775,15056BL,EDWARDIAN PARASOL BLACK,-2,2010-11-09 14:42:00,5.95,14062.0,United Kingdom
C531775,35004C,SET OF 3 COLOURED  FLYING DUCKS,-1,2010-11-09 14:42:00,5.45,14062.0,United Kingdom
C531775,20676,RED SPOTTY BOWL,-72,2010-11-09 14:42:00,1.06,14062.0,United Kingdom
C531790,71053,WHITE METAL LANTERN,-1,2010-11-09 15:07:00,3.75,12476.0,Germany
C531790,22072,RED RETROSPOT TEA CUP AND SAUCER,-2,2010-11-09 15:07:00,3.75,12476.0,Germany
C531790,85232B,SET/3 RUSSIAN DOLL STACKING TINS,-1,2010-11-09 15:07:00,4.95,12476.0,Germany
C531790,84949,SILVER HANGING T-LIGHT HOLDER,-1,2010-11-09 15:07:00,1.65,12476.0,Germany
C531790,22840,ROUND CAKE TIN VINTAGE RED,-2,2010-11-09 15:07:00,7.95,12476.0,Germany
C531790,22841,ROUND CAKE TIN VINTAGE GREEN,-2,2010-11-09 15:07:00,7.95,12476.0,Germany
C531790,22073,RED RETROSPOT STORAGE JAR,-1,2010-11-09 15:07:00,3.75,12476.0,Germany
C531793,M,Manual,-1,2010-11-09 15:24:00,106.53,,United Kingdom
C531794,M,Manual,-1,2010-11-09 15:25:00,498.42,,United Kingdom
C531797,M,Manual,-1,2010-11-09 15:29:00,498.42,,United Kingdom
C531798,M,Manual,-1,2010-11-09 15:30:00,664.56,,United Kingdom
C531807,21755,LOVE BUILDING BLOCK WORD,-6,2010-11-09 16:12:00,5.95,15215.0,United Kingdom
C531807,21240,BLUE  SPOTTY CUP,-8,2010-11-09 16:12:00,0.85,15215.0,United Kingdom
C531807,22945,CHRISTMAS METAL TAGS ASSORTED,-12,2010-11-09 16:12:00,0.85,15215.0,United Kingdom
C531807,22835,HOT WATER BOTTLE I AM SO POORLY,-4,2010-11-09 16:12:00,4.65,15215.0,United Kingdom
C531807,22699,ROSES REGENCY TEACUP AND SAUCER,-12,2010-11-09 16:12:00,2.95,15215.0,United Kingdom
C531807,22619,SET OF 6 SOLDIER SKITTLES,-4,2010-11-09 16:12:00,3.75,15215.0,United Kingdom
C531807,22501,PICNIC BASKET WICKER LARGE,-2,2010-11-09 16:12:00,9.95,15215.0,United Kingdom
C531807,22127,PARTY CONES CARNIVAL ASSORTED,-12,2010-11-09 16:12:00,1.25,15215.0,United Kingdom
C531807,22077,6 RIBBONS RUSTIC CHARM,-12,2010-11-09 16:12:00,1.65,15215.0,United Kingdom
C531807,21841,BABY MOUSE RED GINGHAM DRESS,-3,2010-11-09 16:12:00,4.25,15215.0,United Kingdom
C531807,21623,VINTAGE UNION JACK MEMOBOARD,-2,2010-11-09 16:12:00,9.95,15215.0,United Kingdom
C531807,22834,HAND WARMER BABUSHKA DESIGN,-12,2010-11-09 16:12:00,2.1,15215.0,United Kingdom
C531807,22752,SET 7 BABUSHKA NESTING BOXES,-2,2010-11-09 16:12:00,8.5,15215.0,United Kingdom
C531807,22585,PACK OF 6 BIRDY GIFT TAGS,-12,2010-11-09 16:12:00,1.25,15215.0,United Kingdom
C531807,22423,REGENCY CAKESTAND 3 TIER,-10,2010-11-09 16:12:00,12.75,15215.0,United Kingdom
C531807,22274,FELTCRAFT DOLL EMILY,-10,2010-11-09 16:12:00,2.95,15215.0,United Kingdom
C531807,21974,SET OF 36 PAISLEY FLOWER DOILIES,-12,2010-11-09 16:12:00,1.45,15215.0,United Kingdom
C531807,21239,PINK  SPOTTY CUP,-8,2010-11-09 16:12:00,0.85,15215.0,United Kingdom
C531807,48185,DOOR MAT FAIRY CAKE,-2,2010-11-09 16:12:00,7.95,15215.0,United Kingdom
C531807,48138,DOOR MAT UNION FLAG,-2,2010-11-09 16:12:00,7.95,15215.0,United Kingdom
C531807,22866,HAND WARMER SCOTTY DOG DESIGN,-12,2010-11-09 16:12:00,2.1,15215.0,United Kingdom
C531807,22624,IVORY KITCHEN SCALES,-2,2010-11-09 16:12:00,8.5,15215.0,United Kingdom
C531807,22366,DOORMAT AIRMAIL,-2,2010-11-09 16:12:00,7.95,15215.0,United Kingdom
C531807,22114,HOT WATER BOTTLE TEA AND SYMPATHY,-4,2010-11-09 16:12:00,3.95,15215.0,United Kingdom
C531807,22112,CHOCOLATE HOT WATER BOTTLE,-3,2010-11-09 16:12:00,4.95,15215.0,United Kingdom
C531807,21955,DOOR MAT UNION JACK GUNS AND ROSES,-2,2010-11-09 16:12:00,7.95,15215.0,United Kingdom
C531807,21877,HOME SWEET HOME MUG,-12,2010-11-09 16:12:00,1.25,15215.0,United Kingdom
C531807,21586,KINGS CHOICE GIANT TUBE MATCHES,-12,2010-11-09 16:12:00,2.55,15215.0,United Kingdom
C531807,21355,TOAST ITS - I LOVE YOU,-12,2010-11-09 16:12:00,1.25,15215.0,United Kingdom
C531807,21135,VICTORIAN  METAL POSTCARD SPRING,-8,2010-11-09 16:12:00,1.69,15215.0,United Kingdom
C531807,48194,DOORMAT HEARTS,-2,2010-11-09 16:12:00,7.95,15215.0,United Kingdom
C531807,22751,FELTCRAFT PRINCESS OLIVIA DOLL,-4,2010-11-09 16:12:00,3.75,15215.0,United Kingdom
C531807,22733,3D TRADITIONAL CHRISTMAS STICKERS,-20,2010-11-09 16:12:00,1.25,15215.0,United Kingdom
C531807,22731,3D CHRISTMAS STAMPS STICKERS,-20,2010-11-09 16:12:00,1.25,15215.0,United Kingdom
C531807,22698,PINK REGENCY TEACUP AND SAUCER,-6,2010-11-09 16:12:00,2.95,15215.0,United Kingdom
C531807,22083,PAPER CHAIN KIT RETRO SPOT,-6,2010-11-09 16:12:00,2.95,15215.0,United Kingdom
C531807,21871,SAVE THE PLANET MUG,-12,2010-11-09 16:12:00,1.25,15215.0,United Kingdom
C531807,22697,GREEN REGENCY TEACUP AND SAUCER,-6,2010-11-09 16:12:00,2.95,15215.0,United Kingdom
C531810,M,Manual,-1,2010-11-09 16:35:00,16.0,15981.0,United Kingdom
C531811,21667,GLASS CAKE COVER AND PLATE,-6,2010-11-09 16:38:00,14.95,13851.0,United Kingdom
C531813,22801,ANTIQUE GLASS PEDESTAL BOWL,-1,2010-11-09 16:40:00,3.75,14105.0,United Kingdom
C531813,22800,ANTIQUE TALL SWIRLGLASS TRINKET POT,-1,2010-11-09 16:40:00,3.75,14105.0,United Kingdom
C531813,22798,ANTIQUE GLASS DRESSING TABLE POT,-2,2010-11-09 16:40:00,2.95,14105.0,United Kingdom
C531813,21452,TOADSTOOL MONEY BOX,-2,2010-11-09 16:40:00,2.95,14105.0,United Kingdom
C531821,22941,CHRISTMAS LIGHTS 10 REINDEER,-1,2010-11-09 17:22:00,8.5,14047.0,United Kingdom
C531821,85048,15CM CHRISTMAS GLASS BALL 20 LIGHTS,-1,2010-11-09 17:22:00,7.95,14047.0,United Kingdom
C531822,22558,CLOTHES PEGS RETROSPOT PACK 24,-12,2010-11-09 17:24:00,1.49,,EIRE
C531823,84991,60 TEATIME FAIRY CAKE CASES,-21,2010-11-09 17:30:00,0.55,13772.0,United Kingdom
C531823,21527,RED RETROSPOT TRADITIONAL TEAPOT,-1,2010-11-09 17:30:00,7.95,13772.0,United Kingdom
C531828,84406B,CREAM CUPID HEARTS COAT HANGER,-31,2010-11-09 18:05:00,3.25,13599.0,United Kingdom
C531841,21844,RED RETROSPOT MUG,-5,2010-11-10 09:03:00,2.95,13089.0,United Kingdom
C531845,22423,REGENCY CAKESTAND 3 TIER,-2,2010-11-10 09:36:00,10.95,16839.0,United Kingdom
C531845,22776,SWEETHEART CAKESTAND 3 TIER,-4,2010-11-10 09:36:00,8.5,16839.0,United Kingdom
C531846,72349B,SET/6 PURPLE BUTTERFLY T-LIGHTS,-12,2010-11-10 09:38:00,2.1,14122.0,United Kingdom
C531846,21620,S/4 ROSE    BOTANICAL  CANDLE,-6,2010-11-10 09:38:00,3.75,14122.0,United Kingdom
C531847,20831,GOLD PHOTO FRAME,-6,2010-11-10 09:39:00,2.1,13557.0,United Kingdom
C531850,82483,WOOD 2 DRAWER CABINET WHITE FINISH,-2,2010-11-10 09:47:00,5.95,17894.0,United Kingdom
C531858,22838,3 TIER CAKE TIN RED AND CREAM,-1,2010-11-10 10:25:00,14.95,17702.0,United Kingdom
C531858,22667,RECIPE BOX RETROSPOT,-1,2010-11-10 10:25:00,2.95,17702.0,United Kingdom
C531858,22556,PLASTERS IN TIN CIRCUS PARADE,-1,2010-11-10 10:25:00,1.65,17702.0,United Kingdom
C531858,22618,COOKING SET RETROSPOT,-2,2010-11-10 10:25:00,9.95,17702.0,United Kingdom
C531859,22758,LARGE PURPLE BABUSHKA NOTEBOOK,-2,2010-11-10 10:27:00,1.25,13615.0,United Kingdom
C531859,22752,SET 7 BABUSHKA NESTING BOXES,-1,2010-11-10 10:27:00,8.5,13615.0,United Kingdom
C531859,22349,"DOG BOWL , CHASING BALL DESIGN",-2,2010-11-10 10:27:00,3.75,13615.0,United Kingdom
C531859,22319,HAIRCLIPS FORTIES FABRIC ASSORTED,-2,2010-11-10 10:27:00,0.65,13615.0,United Kingdom
C531859,21147,JINGLE BELLS TREE DECORATION,-2,2010-11-10 10:27:00,2.1,13615.0,United Kingdom
C531860,21258,VICTORIAN SEWING BOX LARGE,-1,2010-11-10 10:39:00,12.75,13138.0,United Kingdom
531862,85232B,SET/3 RUSSIAN DOLL STACKING TINS,-258,2010-11-10 10:49:00,0.0,,United Kingdom
C531871,21452,TOADSTOOL MONEY BOX,-1,2010-11-10 11:38:00,2.95,14105.0,United Kingdom
C531873,82482,WOODEN PICTURE FRAME WHITE FINISH,-1,2010-11-10 11:39:00,2.55,17340.0,United Kingdom
C531873,84949,SILVER HANGING T-LIGHT HOLDER,-1,2010-11-10 11:39:00,1.65,17340.0,United Kingdom
C531873,21735,TWO DOOR CURIO CABINET,-4,2010-11-10 11:39:00,10.95,17340.0,United Kingdom
C531874,22838,3 TIER CAKE TIN RED AND CREAM,-1,2010-11-10 11:42:00,14.95,15906.0,United Kingdom
C531874,22501,PICNIC BASKET WICKER LARGE,-1,2010-11-10 11:42:00,9.95,15906.0,United Kingdom
C531874,22847,BREAD BIN DINER STYLE IVORY,-1,2010-11-10 11:42:00,16.95,15906.0,United Kingdom
C531883,72351B,SET/6 PINK  BUTTERFLY T-LIGHTS,-12,2010-11-10 11:55:00,2.1,14725.0,United Kingdom
C531883,72351A,SET/6 TURQUOISE BUTTERFLY T-LIGHTS,-12,2010-11-10 11:55:00,2.1,14725.0,United Kingdom
C532009,85063,CREAM SWEETHEART MAGAZINE RACK,-2,2010-11-10 12:42:00,16.95,14180.0,United Kingdom
C532027,21216,"SET 3 RED SPOT TIN TEA,COFFEE,SUGAR",-1,2010-11-10 13:20:00,4.95,13735.0,United Kingdom
C532027,22423,REGENCY CAKESTAND 3 TIER,-3,2010-11-10 13:20:00,12.75,13735.0,United Kingdom
C532031,22719,GUMBALL MONOCHROME COAT RACK,-2,2010-11-10 13:23:00,1.06,15311.0,United Kingdom
C532031,22355,CHARLOTTE BAG SUKI DESIGN,-2,2010-11-10 13:23:00,0.72,15311.0,United Kingdom
C532041,22631,CIRCUS PARADE LUNCH BOX,-1,2010-11-10 13:55:00,1.95,12474.0,Germany
C532041,20682,RED SPOTTY CHILDS UMBRELLA,-2,2010-11-10 13:55:00,3.25,12474.0,Germany
C532086,35004B,SET OF 3 BLACK FLYING DUCKS,-3,2010-11-10 15:26:00,1.95,14031.0,United Kingdom
C532098,22889,"NUMBER TILE VINTAGE FONT, No",-13,2010-11-10 16:14:00,2.1,15031.0,United Kingdom
C532102,48187,DOOR MAT NEW ENGLAND,-1,2010-11-10 16:19:00,7.95,15276.0,United Kingdom
C532102,21432,SET OF 3 CASES WOODLAND DESIGN,-1,2010-11-10 16:19:00,5.95,15276.0,United Kingdom
C532102,22488,NATURAL SLATE RECTANGLE CHALKBOARD,-1,2010-11-10 16:19:00,1.65,15276.0,United Kingdom
C532102,22807,SET OF 6 T-LIGHTS TOADSTOOLS,-1,2010-11-10 16:19:00,2.95,15276.0,United Kingdom
C532112,22634,CHILDS BREAKFAST SET SPACEBOY,-2,2010-11-10 16:46:00,9.95,12621.0,Germany
C532130,22618,COOKING SET RETROSPOT,-5,2010-11-11 10:46:00,9.95,14911.0,EIRE
C532136,D,Discount,-1,2010-11-11 11:04:00,62.1,14088.0,United Kingdom
C532138,81950B,FLOWER BLUE CLOCK W/SUCKER,-1,2010-11-11 11:17:00,0.85,13979.0,United Kingdom
C532144,22507,MEMO BOARD RETROSPOT  DESIGN,-3,2010-11-11 11:46:00,4.95,15729.0,United Kingdom
C532155,84569C,PACK 4 FLOWER/BUTTERFLY PATCHES,-12,2010-11-11 12:17:00,1.25,16945.0,United Kingdom
C532174,21467,CHERRY CROCHET FOOD COVER,-1,2010-11-11 12:21:00,3.75,13246.0,United Kingdom
C532174,22218,CAKE STAND LACE WHITE,-1,2010-11-11 12:21:00,4.25,13246.0,United Kingdom
C532203,BANK CHARGES,Bank Charges,-1,2010-11-11 12:31:00,15.0,,United Kingdom
C532255,D,Discount,-1,2010-11-11 12:50:00,1269.51,14088.0,United Kingdom
C532262,85099B,JUMBO BAG RED RETROSPOT,-2,2010-11-11 12:54:00,1.95,13857.0,United Kingdom
C532283,85099B,JUMBO BAG RED RETROSPOT,-18,2010-11-11 13:11:00,1.95,13246.0,United Kingdom
C532283,22650,CERAMIC PIRATE CHEST MONEY BANK,-1,2010-11-11 13:11:00,1.45,13246.0,United Kingdom
C532326,22828,REGENCY MIRROR WITH SHUTTERS,-2,2010-11-11 15:25:00,145.0,15270.0,United Kingdom
C532327,21452,TOADSTOOL MONEY BOX,-2,2010-11-11 15:28:00,2.95,15016.0,United Kingdom
C532327,21314,SMALL GLASS HEART TRINKET POT,-1,2010-11-11 15:28:00,2.1,15016.0,United Kingdom
C532329,22515,CHILDS GARDEN SPADE PINK,-1,2010-11-11 15:34:00,2.1,14713.0,United Kingdom
C532341,22198,LARGE POPCORN HOLDER,-5,2010-11-11 16:05:00,1.65,14680.0,United Kingdom
C532341,21258,VICTORIAN SEWING BOX LARGE,-12,2010-11-11 16:05:00,10.95,14680.0,United Kingdom
C532343,22198,LARGE POPCORN HOLDER,-5,2010-11-11 16:08:00,1.65,14680.0,United Kingdom
C532343,21258,VICTORIAN SEWING BOX LARGE,-12,2010-11-11 16:08:00,10.95,14680.0,United Kingdom
C532353,21333,CLASSIC WHITE FRAME,-4,2010-11-11 16:32:00,2.95,,Unspecified
C532359,82483,WOOD 2 DRAWER CABINET WHITE FINISH,-4,2010-11-11 17:06:00,5.95,16670.0,United Kingdom
C532362,22946,WOODEN ADVENT CALENDAR CREAM,-1,2010-11-11 17:24:00,16.95,13365.0,United Kingdom
C532362,22634,CHILDS BREAKFAST SET SPACEBOY,-1,2010-11-11 17:24:00,9.95,13365.0,United Kingdom
C532367,48184,DOOR MAT ENGLISH ROSE,-2,2010-11-11 17:51:00,7.95,17374.0,United Kingdom
C532368,22637,PIGGY BANK RETROSPOT,-2,2010-11-11 17:54:00,2.55,12505.0,Italy
C532368,22634,CHILDS BREAKFAST SET SPACEBOY,-2,2010-11-11 17:54:00,9.95,12505.0,Italy
C532368,22362,GLASS JAR PEACOCK BATH SALTS,-2,2010-11-11 17:54:00,2.95,12505.0,Italy
C532368,22361,GLASS JAR DAISY FRESH COTTON WOOL,-4,2010-11-11 17:54:00,2.95,12505.0,Italy
C532372,22617,BAKING SET SPACEBOY DESIGN,-6,2010-11-11 17:56:00,4.95,14981.0,United Kingdom
C532372,22138,BAKING SET 9 PIECE RETROSPOT,-6,2010-11-11 17:56:00,4.95,14981.0,United Kingdom
C532374,21846,PINK DIAMANTE PEN IN GIFT BOX,-14,2010-11-11 17:58:00,1.25,14194.0,United Kingdom
C532374,22800,ANTIQUE TALL SWIRLGLASS TRINKET POT,-1,2010-11-11 17:58:00,3.75,14194.0,United Kingdom
C532375,84978,HANGING HEART JAR T-LIGHT HOLDER,-3,2010-11-11 17:59:00,1.25,13049.0,United Kingdom
C532375,21314,SMALL GLASS HEART TRINKET POT,-11,2010-11-11 17:59:00,1.85,13049.0,United Kingdom
C532376,22359,GLASS JAR KINGS CHOICE,-2,2010-11-11 18:01:00,2.95,16677.0,United Kingdom
C532376,22764,"RUSTIC WOODEN CABINET, GLASS DOORS",-1,2010-11-11 18:01:00,24.95,16677.0,United Kingdom
C532379,M,Manual,-1,2010-11-11 18:11:00,27.96,,United Kingdom
C532380,22158,3 HEARTS HANGING DECORATION RUSTIC,-2,2010-11-11 18:12:00,2.95,16782.0,United Kingdom
C532380,22186,RED STAR CARD HOLDER,-1,2010-11-11 18:12:00,2.95,16782.0,United Kingdom
C532381,22666,RECIPE BOX PANTRY YELLOW DESIGN,-1,2010-11-11 18:20:00,2.95,13359.0,United Kingdom
C532381,20749,ASSORTED COLOUR MINI CASES,-2,2010-11-11 18:20:00,7.95,13359.0,United Kingdom
C532381,22357,KINGS CHOICE BISCUIT TIN,-1,2010-11-11 18:20:00,4.25,13359.0,United Kingdom
C532381,21217,RED SPOTTY ROUND CAKE TINS,-1,2010-11-11 18:20:00,9.95,13359.0,United Kingdom
C532383,22569,FELTCRAFT CUSHION BUTTERFLY,-1,2010-11-11 18:25:00,3.75,12943.0,United Kingdom
C532385,22297,HEART IVORY TRELLIS SMALL,-243,2010-11-11 18:36:00,1.25,12748.0,United Kingdom
C532387,21410,COUNTRY COTTAGE  DOORSTOP GREEN,-1,2010-11-11 19:10:00,4.25,18075.0,United Kingdom
C532387,85018D,YULETIDE IMAGES S/6 PAPER BOXES,-9,2010-11-11 19:10:00,0.85,18075.0,United Kingdom
C532388,85042,ANTIQUE LILY FAIRY LIGHTS,-1,2010-11-11 19:10:00,4.25,17677.0,United Kingdom
C532389,22168,ORGANISER WOOD ANTIQUE WHITE,-1,2010-11-11 19:11:00,8.5,17476.0,United Kingdom
C532389,22797,CHEST OF DRAWERS GINGHAM HEART,-1,2010-11-11 19:11:00,16.95,17476.0,United Kingdom
C532390,22634,CHILDS BREAKFAST SET SPACEBOY,-1,2010-11-11 19:12:00,9.95,12437.0,France
C532390,22618,COOKING SET RETROSPOT,-2,2010-11-11 19:12:00,9.95,12437.0,France
C532392,22236,CAKE STAND 3 TIER MAGIC GARDEN,-1,2010-11-11 19:14:00,12.75,13453.0,United Kingdom
C532393,22154,ANGEL DECORATION 3 BUTTONS,-26,2010-11-11 19:15:00,0.42,17135.0,United Kingdom
C532394,22799,SWEETHEART WIRE FRUIT BOWL,-1,2010-11-11 19:16:00,8.5,18141.0,United Kingdom
C532395,22778,GLASS CLOCHE SMALL,-5,2010-11-11 19:18:00,3.95,15694.0,United Kingdom
C532396,46775D,SUNSET COLOUR CHUNKY KNITTED THROW,-1,2010-11-11 19:20:00,16.95,14794.0,United Kingdom
C532397,21781,MA CAMPAGNE CUTLERY BOX,-1,2010-11-11 19:25:00,14.95,15796.0,United Kingdom
C532398,21559,STRAWBERRY LUNCH BOX WITH CUTLERY,-1,2010-11-11 19:28:00,2.55,15724.0,United Kingdom
C532398,21558,SKULL LUNCH BOX WITH CUTLERY,-1,2010-11-11 19:28:00,2.55,15724.0,United Kingdom
C532400,21905,MORE BUTTER METAL SIGN,-1,2010-11-11 19:29:00,2.1,16128.0,United Kingdom
C532399,22580,ADVENT CALENDAR GINGHAM SACK,-1,2010-11-11 19:29:00,5.95,16503.0,United Kingdom
C532401,22947,WOODEN ADVENT CALENDAR RED,-1,2010-11-11 19:30:00,12.75,13329.0,United Kingdom
C532402,84625D,WHITE NEWBAROQUE CANDLESTICK CANDLE,-6,2010-11-11 19:32:00,2.95,16265.0,United Kingdom
C532403,85063,CREAM SWEETHEART MAGAZINE RACK,-1,2010-11-11 19:35:00,16.95,15874.0,United Kingdom
C532403,85025B,EAU DE NILE HEART SHAPE PHOTO FRAME,-2,2010-11-11 19:35:00,1.65,15874.0,United Kingdom
C532403,84709B,PINK OVAL JEWELLED MIRROR,-1,2010-11-11 19:35:00,5.95,15874.0,United Kingdom
C532403,72741,GRAND CHOCOLATECANDLE,-2,2010-11-11 19:35:00,1.45,15874.0,United Kingdom
C532403,82482,WOODEN PICTURE FRAME WHITE FINISH,-3,2010-11-11 19:35:00,2.55,15874.0,United Kingdom
C532403,82494L,WOODEN FRAME ANTIQUE WHITE,-1,2010-11-11 19:35:00,2.95,15874.0,United Kingdom
C532403,20931,BLUE POT PLANT CANDLE,-2,2010-11-11 19:35:00,3.75,15874.0,United Kingdom
C532403,85040B,SET/4 BLUE FLOWER CANDLES IN BOWL,-3,2010-11-11 19:35:00,1.65,15874.0,United Kingdom
C532403,21231,SWEETHEART CERAMIC TRINKET BOX,-1,2010-11-11 19:35:00,1.25,15874.0,United Kingdom
C532403,72351A,SET/6 TURQUOISE BUTTERFLY T-LIGHTS,-1,2010-11-11 19:35:00,2.1,15874.0,United Kingdom
C532404,22073,RED RETROSPOT STORAGE JAR,-1,2010-11-11 19:36:00,3.75,14426.0,United Kingdom
C532405,21192,WHITE BELL HONEYCOMB PAPER,-48,2010-11-11 19:37:00,1.45,16705.0,United Kingdom
C532406,20914,SET/5 RED SPOTTY LID GLASS BOWLS,-3,2010-11-11 19:38:00,2.95,13093.0,United Kingdom
C532407,21111,"SWISS ROLL TOWEL, CHOCOLATE  SPOTS",-1,2010-11-11 19:40:00,2.95,16546.0,United Kingdom
C532409,85018D,YULETIDE IMAGES S/6 PAPER BOXES,-12,2010-11-11 19:44:00,2.55,13394.0,United Kingdom
C532409,22307,GOLD MUG BONE CHINA TREE OF LIFE,-1,2010-11-11 19:44:00,1.95,13394.0,United Kingdom
C532410,82483,WOOD 2 DRAWER CABINET WHITE FINISH,-1,2010-11-11 19:46:00,5.95,14732.0,United Kingdom
C532410,22171,3 HOOK PHOTO SHELF ANTIQUE WHITE,-1,2010-11-11 19:46:00,8.5,14732.0,United Kingdom
C532411,22061,LARGE CAKE STAND  HANGING STRAWBERY,-1,2010-11-11 19:47:00,9.95,13453.0,United Kingdom
C532413,21351,CINAMMON & ORANGE WREATH,-1,2010-11-11 19:50:00,6.75,17696.0,United Kingdom
C532414,22423,REGENCY CAKESTAND 3 TIER,-1,2010-11-11 19:51:00,12.75,16143.0,United Kingdom
C532415,20682,RED SPOTTY CHILDS UMBRELLA,-1,2010-11-11 19:54:00,2.75,16118.0,United Kingdom
C532417,84944,SET OF 6 KASHMIR FOLKART BAUBLES,-10,2010-11-12 08:50:00,4.25,12924.0,United Kingdom
C532540,22362,GLASS JAR PEACOCK BATH SALTS,-6,2010-11-12 12:07:00,2.95,13607.0,United Kingdom
C532552,84944,SET OF 6 KASHMIR FOLKART BAUBLES,-10,2010-11-12 12:26:00,4.25,17954.0,United Kingdom
C532561,22722,SET OF 6 SPICE TINS PANTRY DESIGN,-6,2010-11-12 13:03:00,3.95,13821.0,United Kingdom
C532583,35004C,SET OF 3 COLOURED  FLYING DUCKS,-1,2010-11-12 14:24:00,4.65,15311.0,United Kingdom
C532583,82482,WOODEN PICTURE FRAME WHITE FINISH,-1,2010-11-12 14:24:00,2.1,15311.0,United Kingdom
C532583,20719,WOODLAND CHARLOTTE BAG,-1,2010-11-12 14:24:00,0.72,15311.0,United Kingdom
C532583,22777,GLASS CLOCHE LARGE,-1,2010-11-12 14:24:00,8.5,15311.0,United Kingdom
C532586,71101E,STANDING FAIRY POLE SUPPORT,-3,2010-11-12 14:28:00,0.85,16471.0,United Kingdom
C532621,D,Discount,-1,2010-11-12 15:31:00,107.52,16013.0,United Kingdom
C532640,20725,LUNCH BAG RED SPOTTY,-1,2010-11-12 16:55:00,1.65,17366.0,United Kingdom
C532645,35400,WOODEN BOX ADVENT CALENDAR,-4,2010-11-14 09:59:00,8.95,16444.0,United Kingdom
C532676,84944,SET OF 6 KASHMIR FOLKART BAUBLES,-15,2010-11-14 12:06:00,4.25,,United Kingdom
C532797,82486,WOOD S/3 CABINET ANT WHITE FINISH,-1,2010-11-14 14:39:00,7.95,17802.0,United Kingdom
C532797,82483,WOOD 2 DRAWER CABINET WHITE FINISH,-1,2010-11-14 14:39:00,5.95,17802.0,United Kingdom
C532820,47567B,TEA TIME KITCHEN APRON,-1,2010-11-14 16:27:00,5.95,14382.0,United Kingdom
C532830,21429,RED GINGHAM ROSE JEWELLERY BOX,-2,2010-11-15 09:56:00,1.65,14911.0,EIRE
532843,35400,WOODEN BOX ADVENT CALENDAR,-189,2010-11-15 10:11:00,0.0,,United Kingdom
C532847,21351,CINAMMON & ORANGE WREATH,-16,2010-11-15 10:37:00,1.95,17696.0,United Kingdom
C532848,22061,LARGE CAKE STAND  HANGING STRAWBERY,-1,2010-11-15 10:45:00,9.95,16523.0,United Kingdom
C532848,37447,CERAMIC CAKE DESIGN SPOTTED PLATE,-1,2010-11-15 10:45:00,1.49,16523.0,United Kingdom
C532852,22634,CHILDS BREAKFAST SET SPACEBOY,-1,2010-11-15 10:47:00,9.95,16033.0,United Kingdom
C532958,20681,PINK SPOTTY CHILDS UMBRELLA,-1,2010-11-15 12:21:00,3.25,14606.0,United Kingdom
C532958,22178,VICTORIAN GLASS HANGING T-LIGHT,-2,2010-11-15 12:21:00,1.25,14606.0,United Kingdom
C532967,21217,RED SPOTTY ROUND CAKE TINS,-1,2010-11-15 12:53:00,9.95,17757.0,United Kingdom
C532970,22942,CHRISTMAS LIGHTS 10 SANTAS,-1,2010-11-15 13:04:00,8.5,17231.0,United Kingdom
C532970,22505,MEMO BOARD COTTAGE DESIGN,-1,2010-11-15 13:04:00,4.95,17231.0,United Kingdom
C532970,90185D,CRYSTAL DIAMANTE EXPANDABLE RING,-1,2010-11-15 13:04:00,4.25,17231.0,United Kingdom
C532987,35471A,SET OF 3 BIRD L.BLUE FEATHER,-24,2010-11-15 13:59:00,1.25,14911.0,EIRE
C532987,85047,WHITE BEADED GARLAND STRING 20LIGHT,-3,2010-11-15 13:59:00,6.35,14911.0,EIRE
C533002,22943,CHRISTMAS LIGHTS 10 VINTAGE BAUBLES,-1,2010-11-15 14:58:00,4.95,18260.0,United Kingdom
C533002,85048,15CM CHRISTMAS GLASS BALL 20 LIGHTS,-1,2010-11-15 14:58:00,7.95,18260.0,United Kingdom
C533016,21452,TOADSTOOL MONEY BOX,-1,2010-11-15 15:52:00,2.55,12709.0,Germany
C533016,22409,MONEY BOX BISCUITS DESIGN,-1,2010-11-15 15:52:00,1.25,12709.0,Germany
C533016,22625,RED KITCHEN SCALES,-1,2010-11-15 15:52:00,7.65,12709.0,Germany
C533016,22243,"HOOK, 5 HANGER ,MAGIC TOADSTOOL RED",-1,2010-11-15 15:52:00,1.65,12709.0,Germany
C533016,21658,GLASS  BEURRE DISH,-1,2010-11-15 15:52:00,3.95,12709.0,Germany
C533016,21741,COSY SLIPPER SHOES LARGE GREEN,-1,2010-11-15 15:52:00,2.55,12709.0,Germany
C533044,22198,LARGE POPCORN HOLDER,-2,2010-11-15 16:18:00,1.45,15311.0,United Kingdom
C533068,22505,MEMO BOARD COTTAGE DESIGN,-1,2010-11-15 17:26:00,4.95,16161.0,United Kingdom
C533068,71053,WHITE METAL LANTERN,-1,2010-11-15 17:26:00,3.75,16161.0,United Kingdom
C533068,85040A,S/4 PINK FLOWER CANDLES IN BOWL,-1,2010-11-15 17:26:00,1.65,16161.0,United Kingdom
C533068,22465,HANGING METAL STAR LANTERN,-3,2010-11-15 17:26:00,1.65,16161.0,United Kingdom
C533068,22580,ADVENT CALENDAR GINGHAM SACK,-1,2010-11-15 17:26:00,5.95,16161.0,United Kingdom
C533068,20682,RED SPOTTY CHILDS UMBRELLA,-1,2010-11-15 17:26:00,3.25,16161.0,United Kingdom
C533068,15060B,FAIRY CAKE DESIGN UMBRELLA,-1,2010-11-15 17:26:00,3.75,16161.0,United Kingdom
C533081,21832,CHOCOLATE CALCULATOR,-1,2010-11-16 09:36:00,1.65,17994.0,United Kingdom
C533090,85063,CREAM SWEETHEART MAGAZINE RACK,-6,2010-11-16 10:07:00,14.95,14217.0,United Kingdom
C533099,22890,NOVELTY BISCUITS CAKE STAND 3 TIER,-1,2010-11-16 11:14:00,9.95,13353.0,United Kingdom
C533099,21843,RED RETROSPOT CAKE STAND,-1,2010-11-16 11:14:00,10.95,13353.0,United Kingdom
C533099,22840,ROUND CAKE TIN VINTAGE RED,-1,2010-11-16 11:14:00,7.95,13353.0,United Kingdom
C533100,22843,BISCUIT TIN VINTAGE GREEN,-1,2010-11-16 11:23:00,6.75,13534.0,United Kingdom
C533100,85099B,JUMBO BAG RED RETROSPOT,-1,2010-11-16 11:23:00,1.95,13534.0,United Kingdom
C533108,22752,SET 7 BABUSHKA NESTING BOXES,-24,2010-11-16 11:55:00,7.65,12406.0,Denmark
C533107,21658,GLASS  BEURRE DISH,-1,2010-11-16 11:55:00,3.95,12997.0,United Kingdom
C533107,21231,SWEETHEART CERAMIC TRINKET BOX,-1,2010-11-16 11:55:00,1.25,12997.0,United Kingdom
C533109,22423,REGENCY CAKESTAND 3 TIER,-16,2010-11-16 12:00:00,10.95,15093.0,United Kingdom
C533111,84750B,BLACK SMALL GLASS CAKE STAND,-2,2010-11-16 12:10:00,1.95,13767.0,United Kingdom
C533111,22801,ANTIQUE GLASS PEDESTAL BOWL,-1,2010-11-16 12:10:00,3.75,13767.0,United Kingdom
C533117,21843,RED RETROSPOT CAKE STAND,-1,2010-11-16 12:30:00,9.95,14299.0,United Kingdom
C533117,22423,REGENCY CAKESTAND 3 TIER,-1,2010-11-16 12:30:00,10.95,14299.0,United Kingdom
C533117,21843,RED RETROSPOT CAKE STAND,-4,2010-11-16 12:30:00,9.95,14299.0,United Kingdom
C533117,M,Manual,-1,2010-11-16 12:30:00,12.75,14299.0,United Kingdom
C533122,85045,GREEN CHRISTMAS TREE STRING 20LIGHT,-6,2010-11-16 12:39:00,4.25,17695.0,United Kingdom
C533124,21352,EUCALYPTUS & PINECONE  WREATH,-1,2010-11-16 12:41:00,6.75,15281.0,United Kingdom
C533124,21217,RED SPOTTY ROUND CAKE TINS,-1,2010-11-16 12:41:00,9.95,15281.0,United Kingdom
C533124,21275,ZINC TOP  2 DOOR WOODEN SHELF,-1,2010-11-16 12:41:00,16.95,15281.0,United Kingdom
C533124,22788,BROCANTE COAT RACK,-1,2010-11-16 12:41:00,9.95,15281.0,United Kingdom
C533125,18007,ESSENTIAL BALM 3.5g TIN IN ENVELOPE,-2400,2010-11-16 12:42:00,0.05,14609.0,United Kingdom
C533126,22138,BAKING SET 9 PIECE RETROSPOT,-7,2010-11-16 12:44:00,4.25,17389.0,United Kingdom
C533129,22769,CHALKBOARD KITCHEN ORGANISER,-2,2010-11-16 12:48:00,24.95,14180.0,United Kingdom
C533150,22890,NOVELTY BISCUITS CAKE STAND 3 TIER,-1,2010-11-16 13:48:00,9.95,13763.0,United Kingdom
C533151,POST,POSTAGE,-1,2010-11-16 13:53:00,5.0,13597.0,United Kingdom
C533151,21931,JUMBO STORAGE BAG SUKI,-10,2010-11-16 13:53:00,1.95,13597.0,United Kingdom
C533153,84949,SILVER HANGING T-LIGHT HOLDER,-3,2010-11-16 14:00:00,1.45,16705.0,United Kingdom
C533153,22413,METAL SIGN TAKE IT OR LEAVE IT,-100,2010-11-16 14:00:00,2.55,16705.0,United Kingdom
C533155,22197,SMALL POPCORN HOLDER,-1,2010-11-16 14:01:00,0.72,17017.0,United Kingdom
C533155,22198,LARGE POPCORN HOLDER,-3,2010-11-16 14:01:00,1.45,17017.0,United Kingdom
C533157,21324,HANGING MEDINA LANTERN SMALL,-1,2010-11-16 14:05:00,2.95,18075.0,United Kingdom
C533157,22139,RETRO SPOT TEA SET CERAMIC 11 PC,-1,2010-11-16 14:05:00,4.95,18075.0,United Kingdom
C533159,85042,ANTIQUE LILY FAIRY LIGHTS,-1,2010-11-16 14:06:00,4.95,13468.0,United Kingdom
C533159,22801,ANTIQUE GLASS PEDESTAL BOWL,-3,2010-11-16 14:06:00,3.75,13468.0,United Kingdom
C533279,20727,LUNCH BAG  BLACK SKULL.,-1,2010-11-16 15:26:00,1.65,13564.0,United Kingdom
C533303,71477,COLOUR GLASS. STAR T-LIGHT HOLDER,-2,2010-11-16 16:51:00,3.25,12982.0,United Kingdom
C533303,22890,NOVELTY BISCUITS CAKE STAND 3 TIER,-1,2010-11-16 16:51:00,9.95,12982.0,United Kingdom
C533304,22940,FELTCRAFT CHRISTMAS FAIRY,-1,2010-11-16 16:52:00,4.25,12681.0,France
C533304,21905,MORE BUTTER METAL SIGN,-1,2010-11-16 16:52:00,2.1,12681.0,France
C533305,22130,PARTY CONE CHRISTMAS DECORATION,-1,2010-11-16 16:54:00,0.85,16094.0,United Kingdom
C533305,21539,RED RETROSPOT BUTTER DISH,-1,2010-11-16 16:54:00,4.95,16094.0,United Kingdom
C533306,21754,HOME BUILDING BLOCK WORD,-1,2010-11-16 16:56:00,5.95,16600.0,United Kingdom
C533307,22149,FELTCRAFT 6 FLOWER FRIENDS,-2,2010-11-16 16:59:00,2.1,18277.0,United Kingdom
C533307,22801,ANTIQUE GLASS PEDESTAL BOWL,-1,2010-11-16 16:59:00,3.75,18277.0,United Kingdom
C533308,22149,FELTCRAFT 6 FLOWER FRIENDS,-1,2010-11-16 16:59:00,2.1,12951.0,United Kingdom
C533308,22667,RECIPE BOX RETROSPOT,-2,2010-11-16 16:59:00,2.95,12951.0,United Kingdom
C533308,22909,SET OF 20 VINTAGE CHRISTMAS NAPKINS,-1,2010-11-16 16:59:00,0.85,12951.0,United Kingdom
C533309,85118,HEART T-LIGHT HOLDER,-23,2010-11-16 17:01:00,0.38,16642.0,United Kingdom
C533309,21808,"CHRISTMAS GARLAND STARS,TREES",-7,2010-11-16 17:01:00,1.25,16642.0,United Kingdom
C533310,21843,RED RETROSPOT CAKE STAND,-1,2010-11-16 17:02:00,9.95,17677.0,United Kingdom
C533312,22423,REGENCY CAKESTAND 3 TIER,-2,2010-11-16 17:04:00,10.95,12471.0,Germany
C533317,M,Manual,-1,2010-11-16 17:22:00,24.0,13027.0,United Kingdom
C533319,22654,DELUXE SEWING KIT,-1,2010-11-16 17:24:00,5.95,16048.0,United Kingdom
C533321,22943,CHRISTMAS LIGHTS 10 VINTAGE BAUBLES,-1,2010-11-16 17:27:00,4.95,13065.0,United Kingdom
C533322,22178,VICTORIAN GLASS HANGING T-LIGHT,-3,2010-11-16 17:30:00,1.25,15197.0,United Kingdom
C533322,22423,REGENCY CAKESTAND 3 TIER,-1,2010-11-16 17:30:00,12.75,15197.0,United Kingdom
C533323,21730,GLASS STAR FROSTED T-LIGHT HOLDER,-1,2010-11-16 17:34:00,4.95,15270.0,United Kingdom
C533323,22152,PLACE SETTING WHITE STAR,-4,2010-11-16 17:34:00,0.42,15270.0,United Kingdom
C533323,22186,RED STAR CARD HOLDER,-3,2010-11-16 17:34:00,2.95,15270.0,United Kingdom
C533323,22158,3 HEARTS HANGING DECORATION RUSTIC,-1,2010-11-16 17:34:00,2.95,15270.0,United Kingdom
C533327,22892,SET OF SALT AND PEPPER TOADSTOOLS,-12,2010-11-16 17:45:00,1.25,12431.0,Australia
C533329,71477,COLOUR GLASS. STAR T-LIGHT HOLDER,-4,2010-11-16 17:57:00,2.75,14258.0,United Kingdom
C533331,22941,CHRISTMAS LIGHTS 10 REINDEER,-1,2010-11-16 17:58:00,8.5,15842.0,United Kingdom
C533331,85062,PEARL CRYSTAL PUMPKIN T-LIGHT HLDR,-1,2010-11-16 17:58:00,1.65,15842.0,United Kingdom
C533331,84949,SILVER HANGING T-LIGHT HOLDER,-6,2010-11-16 17:58:00,1.65,15842.0,United Kingdom
C533332,22776,SWEETHEART CAKESTAND 3 TIER,-1,2010-11-16 18:01:00,9.95,14038.0,United Kingdom
C533332,21843,RED RETROSPOT CAKE STAND,-3,2010-11-16 18:01:00,10.95,14038.0,United Kingdom
C533332,21844,RED RETROSPOT MUG,-2,2010-11-16 18:01:00,2.95,14038.0,United Kingdom
C533334,84569B,PACK 3 FIRE ENGINE/CAR PATCHES,-1,2010-11-16 18:08:00,1.25,12662.0,Germany
C533334,22326,ROUND SNACK BOXES SET OF4 WOODLAND,-1,2010-11-16 18:08:00,2.95,12662.0,Germany
C533334,22307,GOLD MUG BONE CHINA TREE OF LIFE,-1,2010-11-16 18:08:00,1.95,12662.0,Germany
C533335,35400,WOODEN BOX ADVENT CALENDAR,-2,2010-11-16 18:09:00,8.95,13506.0,United Kingdom
C533347,21258,VICTORIAN SEWING BOX LARGE,-6,2010-11-17 09:15:00,10.95,15100.0,United Kingdom
C533367,21892,TRADITIONAL WOODEN CATCH CUP GAME,-1,2010-11-17 10:28:00,1.25,14049.0,United Kingdom
C533367,22492,MINI PAINT SET VINTAGE,-1,2010-11-17 10:28:00,0.65,14049.0,United Kingdom
C533367,21888,BINGO SET,-1,2010-11-17 10:28:00,3.75,14049.0,United Kingdom
C533371,90185B,AMETHYST DIAMANTE EXPANDABLE RING,-6,2010-11-17 10:31:00,4.25,17965.0,United Kingdom
C533371,90185A,AMBER DIAMANTE EXPANDABLE RING,-6,2010-11-17 10:31:00,4.25,17965.0,United Kingdom
C533371,90185C,BLACK DIAMANTE EXPANDABLE RING,-6,2010-11-17 10:31:00,4.25,17965.0,United Kingdom
C533378,22328,ROUND SNACK BOXES SET OF 4 FRUITS,-2,2010-11-17 10:41:00,2.95,12755.0,Japan
C533377,22328,ROUND SNACK BOXES SET OF 4 FRUITS,-1,2010-11-17 10:41:00,2.95,12755.0,Japan
C533394,85065,CREAM SWEETHEART TRAYS,-23,2010-11-17 11:09:00,9.95,14088.0,United Kingdom
C533445,22575,METAL MERRY CHRISTMAS WREATH,-1,2010-11-17 11:36:00,1.95,16770.0,United Kingdom
C533445,22139,RETRO SPOT TEA SET CERAMIC 11 PC,-1,2010-11-17 11:36:00,4.95,16770.0,United Kingdom
C533456,72793,BLACK BOX MIRROR LANTERN,-1,2010-11-17 11:53:00,5.95,13506.0,United Kingdom
C533464,22138,BAKING SET 9 PIECE RETROSPOT,-1,2010-11-17 12:17:00,4.95,12838.0,United Kingdom
C533464,22617,BAKING SET SPACEBOY DESIGN,-2,2010-11-17 12:17:00,4.95,12838.0,United Kingdom
C533467,22171,3 HOOK PHOTO SHELF ANTIQUE WHITE,-2,2010-11-17 12:22:00,8.5,14515.0,United Kingdom
C533470,79321,CHILLI LIGHTS,-1,2010-11-17 12:40:00,4.95,15402.0,United Kingdom
C533470,21630,FLOOR CUSHION ELEPHANT CARNIVAL,-1,2010-11-17 12:40:00,8.95,15402.0,United Kingdom
C533493,22667,RECIPE BOX RETROSPOT,-1,2010-11-17 13:30:00,2.95,12766.0,Portugal
C533493,20979,36 PENCILS TUBE RED SPOTTY,-16,2010-11-17 13:30:00,1.25,12766.0,Portugal
C533493,22618,COOKING SET RETROSPOT,-1,2010-11-17 13:30:00,9.95,12766.0,Portugal
C533494,35400,WOODEN BOX ADVENT CALENDAR,-1,2010-11-17 13:31:00,8.95,12766.0,Portugal
C533497,21534,DAIRY MAID LARGE MILK JUG,-1,2010-11-17 13:42:00,4.95,17768.0,United Kingdom
C533559,22064,PINK DOUGHNUT TRINKET POT,-1,2010-11-18 09:46:00,1.65,14796.0,United Kingdom
C533564,85063,CREAM SWEETHEART MAGAZINE RACK,-1,2010-11-18 10:12:00,16.95,14441.0,United Kingdom
C533566,21927,BLUE/CREAM STRIPE CUSHION COVER,-12,2010-11-18 10:23:00,1.25,12779.0,Poland
C533567,35400,WOODEN BOX ADVENT CALENDAR,-1,2010-11-18 10:30:00,8.95,16905.0,United Kingdom
C533587,D,Discount,-1,2010-11-18 11:52:00,19.02,14527.0,United Kingdom
C533590,21829,DINOSAUR KEYRINGS ASSORTED,-1,2010-11-18 11:56:00,0.21,14776.0,United Kingdom
C533590,21790,VINTAGE SNAP CARDS,-1,2010-11-18 11:56:00,0.85,14776.0,United Kingdom
C533662,21621,VINTAGE UNION JACK BUNTING,-15,2010-11-18 13:07:00,8.5,17377.0,United Kingdom
C533696,84970S,HANGING HEART ZINC T-LIGHT HOLDER,-24,2010-11-18 13:20:00,0.85,12807.0,Sweden
C533724,21232,STRAWBERRY CERAMIC TRINKET BOX,-2,2010-11-18 13:29:00,1.25,12471.0,Germany
C533724,22423,REGENCY CAKESTAND 3 TIER,-2,2010-11-18 13:29:00,10.95,12471.0,Germany
C533724,21231,SWEETHEART CERAMIC TRINKET BOX,-1,2010-11-18 13:29:00,1.25,12471.0,Germany
C533724,22908,PACK OF 20 NAPKINS RED APPLES,-1,2010-11-18 13:29:00,0.85,12471.0,Germany
C533758,72803B,OCEAN SCENT CANDLE JEWELLED DRAWER,-1,2010-11-18 14:34:00,4.25,17315.0,United Kingdom
C533768,22168,ORGANISER WOOD ANTIQUE WHITE,-2,2010-11-18 15:29:00,8.5,16634.0,United Kingdom
C533774,22736,RIBBON REEL MAKING SNOWMEN,-10,2010-11-18 15:53:00,1.65,12467.0,USA
C533774,22709,WRAP WEDDING DAY,-25,2010-11-18 15:53:00,0.42,12467.0,USA
C533774,22909,SET OF 20 VINTAGE CHRISTMAS NAPKINS,-12,2010-11-18 15:53:00,0.85,12467.0,USA
C533774,22372,AIRLINE BAG VINTAGE WORLD CHAMPION,-4,2010-11-18 15:53:00,4.25,12467.0,USA
C533774,21491,SET OF THREE VINTAGE GIFT WRAPS,-12,2010-11-18 15:53:00,1.95,12467.0,USA
C533774,22959,WRAP CHRISTMAS VILLAGE,-25,2010-11-18 15:53:00,0.42,12467.0,USA
C533774,22710,WRAP I LOVE LONDON,-25,2010-11-18 15:53:00,0.42,12467.0,USA
C533774,22666,RECIPE BOX PANTRY YELLOW DESIGN,-6,2010-11-18 15:53:00,2.95,12467.0,USA
C533774,22738,RIBBON REEL SNOWY VILLAGE,-10,2010-11-18 15:53:00,1.65,12467.0,USA
C533775,21696,SMALL SILVER TRELLIS CANDLEPOT,-12,2010-11-18 16:05:00,2.95,17977.0,United Kingdom
C533775,21637,ASSORTED SANSKRIT MINI NOTEBOOK,-18,2010-11-18 16:05:00,1.25,17977.0,United Kingdom
C533778,22768,FAMILY PHOTO FRAME CORNICE,-1,2010-11-18 16:16:00,9.95,14911.0,EIRE
C533778,22618,COOKING SET RETROSPOT,-3,2010-11-18 16:16:00,9.95,14911.0,EIRE
C533801,POST,POSTAGE,-1,2010-11-18 19:29:00,7.05,,United Kingdom
C533802,22461,SAVOY ART DECO CLOCK,-5,2010-11-18 19:49:00,10.95,13078.0,United Kingdom
C533807,84949,SILVER HANGING T-LIGHT HOLDER,-3,2010-11-19 08:26:00,1.65,14496.0,United Kingdom
C533808,22767,TRIPLE PHOTO FRAME CORNICE,-1,2010-11-19 08:27:00,9.95,13317.0,United Kingdom
C533808,22801,ANTIQUE GLASS PEDESTAL BOWL,-4,2010-11-19 08:27:00,3.75,13317.0,United Kingdom
C533808,22065,CHRISTMAS PUDDING TRINKET POT,-4,2010-11-19 08:27:00,1.45,13317.0,United Kingdom
C533809,22776,SWEETHEART CAKESTAND 3 TIER,-1,2010-11-19 08:28:00,9.95,16145.0,United Kingdom
C533810,22139,RETRO SPOT TEA SET CERAMIC 11 PC,-1,2010-11-19 08:28:00,4.95,18226.0,United Kingdom
C533810,21232,STRAWBERRY CERAMIC TRINKET BOX,-1,2010-11-19 08:28:00,1.25,18226.0,United Kingdom
C533811,85123A,WHITE HANGING HEART T-LIGHT HOLDER,-1,2010-11-19 08:29:00,2.95,15750.0,United Kingdom
C533811,22968,ROSE COTTAGE KEEPSAKE BOX,-1,2010-11-19 08:29:00,9.95,15750.0,United Kingdom
C533812,72807C,SET/3 VANILLA SCENTED CANDLE IN BOX,-2,2010-11-19 08:31:00,4.25,15468.0,United Kingdom
C533812,22460,EMBOSSED GLASS TEALIGHT HOLDER,-2,2010-11-19 08:31:00,1.25,15468.0,United Kingdom
C533812,22798,ANTIQUE GLASS DRESSING TABLE POT,-1,2010-11-19 08:31:00,2.95,15468.0,United Kingdom
C533813,22465,HANGING METAL STAR LANTERN,-1,2010-11-19 08:32:00,1.65,16602.0,United Kingdom
C533813,71477,COLOUR GLASS. STAR T-LIGHT HOLDER,-1,2010-11-19 08:32:00,3.25,16602.0,United Kingdom
C533813,22784,LANTERN CREAM GAZEBO,-1,2010-11-19 08:32:00,4.95,16602.0,United Kingdom
C533814,85047,WHITE BEADED GARLAND STRING 20LIGHT,-1,2010-11-19 08:53:00,5.55,17714.0,United Kingdom
C533817,21464,DISCO BALL ROTATOR BATTERY OPERATED,-1,2010-11-19 09:17:00,4.25,18276.0,United Kingdom
C533817,22779,WOODEN OWLS LIGHT GARLAND,-1,2010-11-19 09:17:00,4.25,18276.0,United Kingdom
C533823,22776,SWEETHEART CAKESTAND 3 TIER,-12,2010-11-19 09:41:00,8.5,17621.0,United Kingdom
C533833,22775,PURPLE DRAWERKNOB ACRYLIC EDWARDIAN,-30,2010-11-19 10:32:00,1.25,17396.0,United Kingdom
C533834,47591D,PINK FAIRY CAKE CHILD'S APRON,-1,2010-11-19 10:39:00,1.95,16161.0,United Kingdom
C533834,21055,TOOL BOX SOFT TOY,-1,2010-11-19 10:39:00,8.95,16161.0,United Kingdom
C533840,21407,BROWN CHECK CAT DOORSTOP,-1,2010-11-19 11:07:00,4.25,15311.0,United Kingdom
C533840,21870,I CAN ONLY PLEASE ONE PERSON MUG,-1,2010-11-19 11:07:00,1.25,15311.0,United Kingdom
533868,21843,RED RETROSPOT CAKE STAND,-25,2010-11-19 11:34:00,0.0,,United Kingdom
533872,22423,REGENCY CAKESTAND 3 TIER,-29,2010-11-19 11:35:00,0.0,,United Kingdom
C533899,22087,PAPER BUNTING WHITE LACE,-6,2010-11-19 11:50:00,2.95,13993.0,United Kingdom
C533927,22968,ROSE COTTAGE KEEPSAKE BOX,-2,2010-11-19 12:02:00,9.95,12471.0,Germany
C533958,22844,VINTAGE CREAM DOG FOOD CONTAINER,-1,2010-11-19 12:54:00,8.5,16602.0,United Kingdom
C533970,22719,GUMBALL MONOCHROME COAT RACK,-7,2010-11-19 13:17:00,1.06,15311.0,United Kingdom
C533970,85042,ANTIQUE LILY FAIRY LIGHTS,-1,2010-11-19 13:17:00,4.25,15311.0,United Kingdom
C533970,40001,WHITE BAMBOO RIBS LAMPSHADE,-3,2010-11-19 13:17:00,0.64,15311.0,United Kingdom
C533970,85123A,WHITE HANGING HEART T-LIGHT HOLDER,-1,2010-11-19 13:17:00,2.55,15311.0,United Kingdom
C533970,21931,JUMBO STORAGE BAG SUKI,-1,2010-11-19 13:17:00,1.65,15311.0,United Kingdom
C533985,22328,ROUND SNACK BOXES SET OF 4 FRUITS,-5,2010-11-19 13:50:00,2.95,12755.0,Japan
C533993,22360,GLASS JAR ENGLISH CONFECTIONERY,-6,2010-11-19 14:05:00,2.95,18221.0,United Kingdom
C533993,22359,GLASS JAR KINGS CHOICE,-6,2010-11-19 14:05:00,2.95,18221.0,United Kingdom
C533993,20934,SET/3 POT PLANT CANDLES,-2,2010-11-19 14:05:00,5.45,18221.0,United Kingdom
533992,85063,CREAM SWEETHEART MAGAZINE RACK,-16,2010-11-19 14:05:00,0.0,,United Kingdom
C533994,22840,ROUND CAKE TIN VINTAGE RED,-2,2010-11-19 14:08:00,7.95,17495.0,United Kingdom
C533994,22236,CAKE STAND 3 TIER MAGIC GARDEN,-1,2010-11-19 14:08:00,12.75,17495.0,United Kingdom
C533994,22909,SET OF 20 VINTAGE CHRISTMAS NAPKINS,-1,2010-11-19 14:08:00,0.85,17495.0,United Kingdom
C533994,22841,ROUND CAKE TIN VINTAGE GREEN,-1,2010-11-19 14:08:00,7.95,17495.0,United Kingdom
C533994,21320,GLASS CHALICE GREEN  LARGE,-4,2010-11-19 14:08:00,2.55,17495.0,United Kingdom
C533995,22180,RETRO SPOT LAMP,-1,2010-11-19 14:11:00,9.95,13510.0,United Kingdom
C533997,22797,CHEST OF DRAWERS GINGHAM HEART,-6,2010-11-19 14:14:00,14.95,14440.0,United Kingdom
C533998,22156,HEART DECORATION WITH PEARLS,-3,2010-11-19 14:17:00,0.85,15602.0,United Kingdom
C534000,21231,SWEETHEART CERAMIC TRINKET BOX,-1,2010-11-19 14:21:00,1.25,16218.0,United Kingdom
C534000,22668,PINK BABY BUNTING,-1,2010-11-19 14:21:00,2.95,16218.0,United Kingdom
C534000,22420,LIPSTICK PEN BABY PINK,-1,2010-11-19 14:21:00,0.42,16218.0,United Kingdom
C534000,22419,LIPSTICK PEN RED,-2,2010-11-19 14:21:00,0.42,16218.0,United Kingdom
C534000,21232,STRAWBERRY CERAMIC TRINKET BOX,-2,2010-11-19 14:21:00,1.25,16218.0,United Kingdom
C534000,22646,CERAMIC STRAWBERRY CAKE MONEY BANK,-1,2010-11-19 14:21:00,1.45,16218.0,United Kingdom
C534000,22644,CERAMIC CHERRY CAKE MONEY BANK,-2,2010-11-19 14:21:00,1.45,16218.0,United Kingdom
C534004,85118,HEART T-LIGHT HOLDER,-21,2010-11-19 14:28:00,0.38,15138.0,United Kingdom
C534004,22841,ROUND CAKE TIN VINTAGE GREEN,-1,2010-11-19 14:28:00,7.95,15138.0,United Kingdom
C534014,22847,BREAD BIN DINER STYLE IVORY,-1,2010-11-19 14:31:00,16.95,12749.0,United Kingdom
C534014,22838,3 TIER CAKE TIN RED AND CREAM,-2,2010-11-19 14:31:00,14.95,12749.0,United Kingdom
C534014,22849,BREAD BIN DINER STYLE MINT,-1,2010-11-19 14:31:00,16.95,12749.0,United Kingdom
C534014,84879,ASSORTED COLOUR BIRD ORNAMENT,-1,2010-11-19 14:31:00,1.69,12749.0,United Kingdom
C534014,22465,HANGING METAL STAR LANTERN,-1,2010-11-19 14:31:00,1.65,12749.0,United Kingdom
C534014,22424,ENAMEL BREAD BIN CREAM,-1,2010-11-19 14:31:00,12.75,12749.0,United Kingdom
C534014,35400,WOODEN BOX ADVENT CALENDAR,-1,2010-11-19 14:31:00,8.95,12749.0,United Kingdom
C534014,22427,ENAMEL FLOWER JUG CREAM,-1,2010-11-19 14:31:00,5.95,12749.0,United Kingdom
C534022,84949,SILVER HANGING T-LIGHT HOLDER,-1,2010-11-19 14:54:00,1.65,13213.0,United Kingdom
C534022,71477,COLOUR GLASS. STAR T-LIGHT HOLDER,-2,2010-11-19 14:54:00,3.25,13213.0,United Kingdom
C534023,22892,SET OF SALT AND PEPPER TOADSTOOLS,-3,2010-11-19 14:57:00,1.25,18223.0,United Kingdom
C534023,85099B,JUMBO BAG RED RETROSPOT,-1,2010-11-19 14:57:00,1.95,18223.0,United Kingdom
C534023,22198,LARGE POPCORN HOLDER,-1,2010-11-19 14:57:00,1.65,18223.0,United Kingdom
C534023,21232,STRAWBERRY CERAMIC TRINKET BOX,-3,2010-11-19 14:57:00,1.25,18223.0,United Kingdom
C534024,D,Discount,-1,2010-11-19 15:00:00,39.04,17581.0,United Kingdom
C534025,21356,TOAST ITS - FAIRY FLOWER,-1,2010-11-19 15:02:00,1.25,14676.0,United Kingdom
C534026,21868,POTTING SHED TEA MUG,-4,2010-11-19 15:06:00,1.25,14907.0,United Kingdom
C534026,71477,COLOUR GLASS. STAR T-LIGHT HOLDER,-1,2010-11-19 15:06:00,2.75,14907.0,United Kingdom
C534026,21876,POTTERING MUG,-13,2010-11-19 15:06:00,1.25,14907.0,United Kingdom
C534027,85227,SET OF 6 3D KIT CARDS FOR KIDS,-1,2010-11-19 15:08:00,0.85,16571.0,United Kingdom
C534027,22646,CERAMIC STRAWBERRY CAKE MONEY BANK,-1,2010-11-19 15:08:00,1.45,16571.0,United Kingdom
C534029,22890,NOVELTY BISCUITS CAKE STAND 3 TIER,-4,2010-11-19 15:09:00,9.95,15329.0,United Kingdom
C534031,72741,GRAND CHOCOLATECANDLE,-1,2010-11-19 15:13:00,1.45,13961.0,United Kingdom
C534031,21735,TWO DOOR CURIO CABINET,-3,2010-11-19 15:13:00,12.75,13961.0,United Kingdom
C534042,22654,DELUXE SEWING KIT,-1,2010-11-19 16:41:00,5.95,17659.0,United Kingdom
C534043,84949,SILVER HANGING T-LIGHT HOLDER,-2,2010-11-19 16:42:00,1.65,13198.0,United Kingdom
C534045,22798,ANTIQUE GLASS DRESSING TABLE POT,-1,2010-11-19 16:56:00,2.95,17411.0,United Kingdom
C534063,22654,DELUXE SEWING KIT,-1,2010-11-21 11:06:00,5.95,16768.0,United Kingdom
C534063,22236,CAKE STAND 3 TIER MAGIC GARDEN,-1,2010-11-21 11:06:00,12.75,16768.0,United Kingdom
C534090,22155,STAR DECORATION RUSTIC,-4,2010-11-21 11:55:00,0.42,13668.0,United Kingdom
C534090,22156,HEART DECORATION WITH PEARLS,-11,2010-11-21 11:55:00,0.85,13668.0,United Kingdom
C534159,22198,LARGE POPCORN HOLDER,-12,2010-11-21 12:51:00,1.65,14912.0,Italy
C534199,84949,SILVER HANGING T-LIGHT HOLDER,-6,2010-11-21 15:11:00,1.65,14606.0,United Kingdom
C534206,16161U,"WRAP,SUKI AND FRIENDS",-25,2010-11-21 15:43:00,0.42,15579.0,United Kingdom
C534206,22047,EMPIRE GIFT WRAP,-25,2010-11-21 15:43:00,0.42,15579.0,United Kingdom
C534206,16161M,WRAP  PINK FLOCK,-25,2010-11-21 15:43:00,0.42,15579.0,United Kingdom
C534207,79067,CORONA MEXICAN TRAY,-1,2010-11-21 15:45:00,3.75,15579.0,United Kingdom
C534226,POST,POSTAGE,-1,2010-11-22 09:16:00,40.0,12807.0,Sweden
C534231,22801,ANTIQUE GLASS PEDESTAL BOWL,-1,2010-11-22 10:02:00,3.75,16905.0,United Kingdom
C534241,22623,BOX OF VINTAGE JIGSAW BLOCKS,-1,2010-11-22 10:46:00,4.95,17251.0,United Kingdom
C534241,37477B,"FLOWER FAIRY MUG+COASTER,LAVENDER",-1,2010-11-22 10:46:00,3.75,17251.0,United Kingdom
C534243,21564,PINK  HEART SHAPE LOVE BUCKET,-2,2010-11-22 10:47:00,2.95,,United Kingdom
C534261,22138,BAKING SET 9 PIECE RETROSPOT,-3,2010-11-22 11:10:00,4.95,15347.0,United Kingdom
C534263,22138,BAKING SET 9 PIECE RETROSPOT,-3,2010-11-22 11:11:00,4.95,15347.0,United Kingdom
C534372,22617,BAKING SET SPACEBOY DESIGN,-6,2010-11-22 12:13:00,4.95,12616.0,France
C534386,D,Discount,-1,2010-11-22 12:56:00,36.03,14527.0,United Kingdom
C534408,84946,ANTIQUE SILVER TEA GLASS ETCHED,-2,2010-11-22 14:29:00,1.25,13668.0,United Kingdom
C534442,22567,20 DOLLY PEGS RETROSPOT,-12,2010-11-22 15:23:00,1.25,17894.0,United Kingdom
C534442,85035A,GARDENIA 3 WICK MORRIS BOXED CANDLE,-2,2010-11-22 15:23:00,4.25,17894.0,United Kingdom
C534442,85123A,WHITE HANGING HEART T-LIGHT HOLDER,-1,2010-11-22 15:23:00,2.95,17894.0,United Kingdom
C534442,84247E,PACK/12 XMAS FUN CARD,-1,2010-11-22 15:23:00,2.95,17894.0,United Kingdom
C534442,22910,PAPER CHAIN KIT VINTAGE CHRISTMAS,-2,2010-11-22 15:23:00,2.95,17894.0,United Kingdom
C534442,22816,CARD MOTORBIKE SANTA,-12,2010-11-22 15:23:00,0.42,17894.0,United Kingdom
C534442,21980,PACK OF 12 RED SPOTTY TISSUES,-12,2010-11-22 15:23:00,0.29,17894.0,United Kingdom
C534463,35400,WOODEN BOX ADVENT CALENDAR,-2,2010-11-23 09:47:00,8.95,13651.0,United Kingdom
534493,21653,GLASS ETCHED T-LIGHT HOLDER LARGE,-130,2010-11-23 10:55:00,0.0,,United Kingdom
C534498,22494,EMERGENCY FIRST AID TIN,-1,2010-11-23 11:06:00,1.25,17811.0,United Kingdom
534502,20786,BLACK RETRO BAR STOOL,-18,2010-11-23 11:29:00,0.0,,United Kingdom
534503,20787,BLUE RETRO BAR STOOL,-1,2010-11-23 11:30:00,0.0,,United Kingdom
C534533,22361,GLASS JAR DAISY FRESH COTTON WOOL,-4,2010-11-23 12:06:00,2.95,12380.0,Belgium
C534533,22363,GLASS JAR MARMALADE,-4,2010-11-23 12:06:00,2.95,12380.0,Belgium
C534533,22362,GLASS JAR PEACOCK BATH SALTS,-4,2010-11-23 12:06:00,2.95,12380.0,Belgium
C534647,22781,GUMBALL MAGAZINE RACK,-1,2010-11-23 13:12:00,6.75,16019.0,United Kingdom
C534647,22719,GUMBALL MONOCHROME COAT RACK,-1,2010-11-23 13:12:00,1.06,16019.0,United Kingdom
C534666,M,Manual,-1,2010-11-23 13:54:00,100.0,17570.0,United Kingdom
C534675,22423,REGENCY CAKESTAND 3 TIER,-96,2010-11-23 14:29:00,10.95,13089.0,United Kingdom
C534675,84949,SILVER HANGING T-LIGHT HOLDER,-96,2010-11-23 14:29:00,1.45,13089.0,United Kingdom
C534677,84949,SILVER HANGING T-LIGHT HOLDER,-48,2010-11-23 14:36:00,1.45,13089.0,United Kingdom
C534678,21704,BAG 250g SWIRLY MARBLES,-24,2010-11-23 14:38:00,0.85,12748.0,United Kingdom
C534695,22184,CAKE STAND VICTORIAN FILIGREE LARGE,-2,2010-11-23 15:48:00,8.5,14911.0,EIRE
C534695,22770,MIRROR CORNICE,-2,2010-11-23 15:48:00,14.95,14911.0,EIRE
C534698,22119,PEACE WOODEN BLOCK LETTERS,-1,2010-11-23 15:59:00,6.95,16242.0,United Kingdom
C534698,22667,RECIPE BOX RETROSPOT,-1,2010-11-23 15:59:00,2.95,16242.0,United Kingdom
C534698,21790,VINTAGE SNAP CARDS,-1,2010-11-23 15:59:00,0.85,16242.0,United Kingdom
C534698,35400,WOODEN BOX ADVENT CALENDAR,-1,2010-11-23 15:59:00,8.95,16242.0,United Kingdom
C534698,22119,PEACE WOODEN BLOCK LETTERS,-1,2010-11-23 15:59:00,6.95,16242.0,United Kingdom
C534717,20952,PORCELAIN CHERUB BELL SMALL,-248,2010-11-23 17:47:00,0.42,16684.0,United Kingdom
C534717,85123A,WHITE HANGING HEART T-LIGHT HOLDER,-96,2010-11-23 17:47:00,2.55,16684.0,United Kingdom
C534717,84406B,CREAM CUPID HEARTS COAT HANGER,-108,2010-11-23 17:47:00,2.75,16684.0,United Kingdom
C534717,82494L,WOODEN FRAME ANTIQUE WHITE,-60,2010-11-23 17:47:00,2.55,16684.0,United Kingdom
C534717,82482,WOODEN PICTURE FRAME WHITE FINISH,-96,2010-11-23 17:47:00,2.1,16684.0,United Kingdom
C534717,22170,PICTURE FRAME WOOD TRIPLE PORTRAIT,-12,2010-11-23 17:47:00,5.95,16684.0,United Kingdom
C534717,22187,GREEN CHRISTMAS TREE CARD HOLDER,-24,2010-11-23 17:47:00,3.75,16684.0,United Kingdom
C534717,22470,HEART OF WICKER LARGE,-320,2010-11-23 17:47:00,2.55,16684.0,United Kingdom
C534717,85175,CACTI T-LIGHT CANDLES,-256,2010-11-23 17:47:00,0.36,16684.0,United Kingdom
C534717,22694,WICKER STAR,-120,2010-11-23 17:47:00,1.85,16684.0,United Kingdom
C534717,22178,VICTORIAN GLASS HANGING T-LIGHT,-288,2010-11-23 17:47:00,1.06,16684.0,United Kingdom
C534717,22171,3 HOOK PHOTO SHELF ANTIQUE WHITE,-24,2010-11-23 17:47:00,7.65,16684.0,United Kingdom
C534717,84879,ASSORTED COLOUR BIRD ORNAMENT,-160,2010-11-23 17:47:00,1.45,16684.0,United Kingdom
C534725,21843,RED RETROSPOT CAKE STAND,-1,2010-11-23 18:40:00,10.95,13993.0,United Kingdom
C534727,21430,SET/3 RED GINGHAM ROSE STORAGE BOX,-4,2010-11-23 18:42:00,3.75,13624.0,United Kingdom
C534727,22968,ROSE COTTAGE KEEPSAKE BOX,-2,2010-11-23 18:42:00,9.95,13624.0,United Kingdom
C534729,22890,NOVELTY BISCUITS CAKE STAND 3 TIER,-1,2010-11-23 18:51:00,9.95,17865.0,United Kingdom
C534729,21843,RED RETROSPOT CAKE STAND,-1,2010-11-23 18:51:00,10.95,17865.0,United Kingdom
C534729,22423,REGENCY CAKESTAND 3 TIER,-6,2010-11-23 18:51:00,10.95,17865.0,United Kingdom
C534731,35400,WOODEN BOX ADVENT CALENDAR,-1,2010-11-23 18:55:00,8.95,16350.0,United Kingdom
C534732,21258,VICTORIAN SEWING BOX LARGE,-4,2010-11-23 18:57:00,10.95,15100.0,United Kingdom
C534733,22186,RED STAR CARD HOLDER,-1,2010-11-23 19:01:00,2.95,16590.0,United Kingdom
C534733,22086,PAPER CHAIN KIT 50'S CHRISTMAS,-1,2010-11-23 19:01:00,2.95,16590.0,United Kingdom
C534733,84754,S/15 SILVER GLASS BAUBLES IN BAG,-2,2010-11-23 19:01:00,1.25,16590.0,United Kingdom
C534733,22947,WOODEN ADVENT CALENDAR RED,-2,2010-11-23 19:01:00,16.95,16590.0,United Kingdom
C534734,21822,GLITTER CHRISTMAS TREE WITH BELLS,-6,2010-11-23 19:05:00,1.95,14499.0,United Kingdom
C534736,47594B,SCOTTIES DESIGN WASHBAG,-1,2010-11-23 19:08:00,1.95,14649.0,United Kingdom
C534736,22838,3 TIER CAKE TIN RED AND CREAM,-1,2010-11-23 19:08:00,14.95,14649.0,United Kingdom
C534757,22580,ADVENT CALENDAR GINGHAM SACK,-1,2010-11-24 10:07:00,4.95,16133.0,United Kingdom
C534771,21658,GLASS  BEURRE DISH,-1,2010-11-24 10:40:00,3.95,16782.0,United Kingdom
C534778,85048,15CM CHRISTMAS GLASS BALL 20 LIGHTS,-2,2010-11-24 11:10:00,7.95,13756.0,United Kingdom
C534781,71477,COLOUR GLASS. STAR T-LIGHT HOLDER,-1,2010-11-24 11:17:00,3.25,16016.0,United Kingdom
C534781,21385,IVORY HANGING DECORATION  HEART,-2,2010-11-24 11:17:00,0.85,16016.0,United Kingdom
C534782,21735,TWO DOOR CURIO CABINET,-2,2010-11-24 11:17:00,12.75,14911.0,EIRE
C534782,22801,ANTIQUE GLASS PEDESTAL BOWL,-2,2010-11-24 11:17:00,3.75,14911.0,EIRE
C534784,82484,WOOD BLACK BOARD ANT WHITE FINISH,-1,2010-11-24 11:19:00,6.45,17096.0,United Kingdom
C534784,22169,FAMILY ALBUM WHITE PICTURE FRAME,-2,2010-11-24 11:19:00,8.5,17096.0,United Kingdom
C534785,20751,FUNKY WASHING UP GLOVES ASSORTED,-1,2010-11-24 11:20:00,2.1,13767.0,United Kingdom
C534787,47567B,TEA TIME KITCHEN APRON,-1,2010-11-24 11:21:00,5.95,14606.0,United Kingdom
C534789,22322,BIRD DECORATION GREEN  SPOT,-1,2010-11-24 11:31:00,0.85,16554.0,United Kingdom
C534789,85034A,3 GARDENIA MORRIS BOXED CANDLES,-3,2010-11-24 11:31:00,4.25,16554.0,United Kingdom
C534789,21533,RETRO SPOT LARGE MILK JUG,-1,2010-11-24 11:31:00,4.95,16554.0,United Kingdom
C534789,21285,RETRO SPOT CANDLE  MEDIUM,-12,2010-11-24 11:31:00,2.1,16554.0,United Kingdom
C534789,22776,SWEETHEART CAKESTAND 3 TIER,-1,2010-11-24 11:31:00,9.95,16554.0,United Kingdom
C534789,22798,ANTIQUE GLASS DRESSING TABLE POT,-2,2010-11-24 11:31:00,2.95,16554.0,United Kingdom
C534790,22892,SET OF SALT AND PEPPER TOADSTOOLS,-1,2010-11-24 11:33:00,1.0,17706.0,United Kingdom
C534790,21876,POTTERING MUG,-1,2010-11-24 11:33:00,1.0,17706.0,United Kingdom
C534790,21539,RED RETROSPOT BUTTER DISH,-1,2010-11-24 11:33:00,3.96,17706.0,United Kingdom
C534791,85047,WHITE BEADED GARLAND STRING 20LIGHT,-1,2010-11-24 11:35:00,5.55,17677.0,United Kingdom
C534792,22841,ROUND CAKE TIN VINTAGE GREEN,-1,2010-11-24 11:37:00,7.95,13643.0,United Kingdom
C534795,22891,TEA FOR ONE POLKADOT,-1,2010-11-24 11:47:00,4.25,13019.0,United Kingdom
C534798,21642,ASSORTED TUTTI FRUTTI PEN,-24,2010-11-24 11:51:00,0.85,16903.0,United Kingdom
C534798,21452,TOADSTOOL MONEY BOX,-1,2010-11-24 11:51:00,2.95,16903.0,United Kingdom
C534798,35400,WOODEN BOX ADVENT CALENDAR,-1,2010-11-24 11:51:00,8.95,16903.0,United Kingdom
C534803,85123A,WHITE HANGING HEART T-LIGHT HOLDER,-20,2010-11-24 12:20:00,2.95,17019.0,United Kingdom
C534806,22752,SET 7 BABUSHKA NESTING BOXES,-1,2010-11-24 12:30:00,8.5,,United Kingdom
C534806,21777,RECIPE BOX WITH METAL HEART,-2,2010-11-24 12:30:00,7.95,,United Kingdom
C534815,22665,RECIPE BOX BLUE SKETCHBOOK DESIGN,-1,2010-11-24 12:48:00,2.95,18109.0,United Kingdom
C534815,85123A,WHITE HANGING HEART T-LIGHT HOLDER,-1,2010-11-24 12:48:00,2.95,18109.0,United Kingdom
C534819,82494L,WOODEN FRAME ANTIQUE WHITE,-2,2010-11-24 12:52:00,2.95,12747.0,United Kingdom
C534817,35004C,SET OF 3 COLOURED  FLYING DUCKS,-3,2010-11-24 12:52:00,5.45,15611.0,United Kingdom
C534823,21430,SET/3 RED GINGHAM ROSE STORAGE BOX,-1,2010-11-24 12:55:00,3.75,15182.0,United Kingdom
C534824,22618,COOKING SET RETROSPOT,-2,2010-11-24 12:56:00,9.95,14206.0,United Kingdom
C534825,22801,ANTIQUE GLASS PEDESTAL BOWL,-1,2010-11-24 12:57:00,3.75,13319.0,United Kingdom
C534826,84946,ANTIQUE SILVER TEA GLASS ETCHED,-1,2010-11-24 12:58:00,1.25,14869.0,United Kingdom
C534826,22768,FAMILY PHOTO FRAME CORNICE,-1,2010-11-24 12:58:00,9.95,14869.0,United Kingdom
C534826,22674,FRENCH TOILET SIGN BLUE METAL,-1,2010-11-24 12:58:00,1.25,14869.0,United Kingdom
C534826,22154,ANGEL DECORATION 3 BUTTONS,-2,2010-11-24 12:58:00,0.42,14869.0,United Kingdom
C534826,22670,FRENCH WC SIGN BLUE METAL,-3,2010-11-24 12:58:00,1.25,14869.0,United Kingdom
C534826,22073,RED RETROSPOT STORAGE JAR,-1,2010-11-24 12:58:00,3.75,14869.0,United Kingdom
C534826,22464,HANGING METAL HEART LANTERN,-1,2010-11-24 12:58:00,1.65,14869.0,United Kingdom
C534827,22770,MIRROR CORNICE,-1,2010-11-24 12:58:00,14.95,14911.0,EIRE
C534828,22318,FIVE HEART HANGING DECORATION,-1,2010-11-24 12:59:00,2.95,18280.0,United Kingdom
C534828,22423,REGENCY CAKESTAND 3 TIER,-1,2010-11-24 12:59:00,12.75,18280.0,United Kingdom
C534831,22112,CHOCOLATE HOT WATER BOTTLE,-1,2010-11-24 13:02:00,4.95,15311.0,United Kingdom
C534833,22796,PHOTO FRAME 3 CLASSIC HANGING,-2,2010-11-24 13:04:00,9.95,16121.0,United Kingdom
C534837,22371,AIRLINE BAG VINTAGE TOKYO 78,-1,2010-11-24 13:09:00,4.25,16065.0,United Kingdom
C534838,84598,BOYS ALPHABET IRON ON PATCHES,-288,2010-11-24 13:10:00,0.21,16634.0,United Kingdom
C534838,84568,GIRLS ALPHABET IRON ON PATCHES,-288,2010-11-24 13:10:00,0.21,16634.0,United Kingdom
C534845,20750,RED/WHITE DOT MINI CASES,-8,2010-11-24 13:25:00,6.35,14646.0,Netherlands
C534845,22554,PLASTERS IN TIN WOODLAND ANIMALS,-96,2010-11-24 13:25:00,1.45,14646.0,Netherlands
C534845,85123A,WHITE HANGING HEART T-LIGHT HOLDER,-32,2010-11-24 13:25:00,2.55,14646.0,Netherlands
C534845,84997B,RED 3 PIECE MINI DOTS CUTLERY SET,-72,2010-11-24 13:25:00,3.39,14646.0,Netherlands
C534845,22385,JUMBO BAG SPACEBOY DESIGN,-300,2010-11-24 13:25:00,1.65,14646.0,Netherlands
C534845,22899,CHILDREN'S APRON DOLLY GIRL,-1,2010-11-24 13:25:00,1.85,14646.0,Netherlands
C534845,22898,CHILDRENS APRON APPLES DESIGN,-1,2010-11-24 13:25:00,1.65,14646.0,Netherlands
C534845,22662,LUNCH BAG DOLLY GIRL DESIGN,-50,2010-11-24 13:25:00,1.65,14646.0,Netherlands
C534845,22423,REGENCY CAKESTAND 3 TIER,-6,2010-11-24 13:25:00,10.95,14646.0,Netherlands
C534845,22656,VINTAGE BLUE KITCHEN CABINET,-2,2010-11-24 13:25:00,150.0,14646.0,Netherlands
C534845,22944,CHRISTMAS METAL POSTCARD WITH BELLS,-288,2010-11-24 13:25:00,1.06,14646.0,Netherlands
C534845,22551,PLASTERS IN TIN SPACEBOY,-192,2010-11-24 13:25:00,1.45,14646.0,Netherlands
C534845,22393,PAPERWEIGHT VINTAGE COLLAGE,-48,2010-11-24 13:25:00,2.1,14646.0,Netherlands
C534845,21265,PINK GOOSE FEATHER TREE 60CM,-18,2010-11-24 13:25:00,1.95,14646.0,Netherlands
C534845,22714,CARD BIRTHDAY COWBOY,-72,2010-11-24 13:25:00,0.36,14646.0,Netherlands
C534845,22358,KINGS CHOICE TEA CADDY,-24,2010-11-24 13:25:00,2.55,14646.0,Netherlands
C534845,D,Discount,-1,2010-11-24 13:25:00,114.75,14646.0,Netherlands
C534849,22149,FELTCRAFT 6 FLOWER FRIENDS,-2,2010-11-24 13:36:00,2.1,18172.0,United Kingdom
C534850,21527,RED RETROSPOT TRADITIONAL TEAPOT,-1,2010-11-24 13:41:00,7.95,14911.0,EIRE
C534852,22301,COFFEE MUG CAT + BIRD DESIGN,-1,2010-11-24 13:44:00,2.55,13870.0,United Kingdom
C534863,22660,DOORMAT I LOVE LONDON,-6,2010-11-24 14:09:00,7.95,14047.0,United Kingdom
C534867,22846,BREAD BIN DINER STYLE RED,-2,2010-11-24 14:26:00,16.95,13883.0,United Kingdom
C534868,22776,SWEETHEART CAKESTAND 3 TIER,-6,2010-11-24 14:27:00,9.95,14175.0,United Kingdom
C534868,22617,BAKING SET SPACEBOY DESIGN,-2,2010-11-24 14:27:00,4.95,14175.0,United Kingdom
C534868,22138,BAKING SET 9 PIECE RETROSPOT,-1,2010-11-24 14:27:00,4.95,14175.0,United Kingdom
C534868,22890,NOVELTY BISCUITS CAKE STAND 3 TIER,-1,2010-11-24 14:27:00,9.95,14175.0,United Kingdom
C534868,22197,SMALL POPCORN HOLDER,-1,2010-11-24 14:27:00,0.85,14175.0,United Kingdom
C534874,17107D,"FLOWER FAIRY,5 SUMMER B'DRAW LINERS",-2,2010-11-24 14:36:00,2.55,,United Kingdom
C534878,21830,ASSORTED CREEPY CRAWLIES,-576,2010-11-24 14:39:00,0.36,15027.0,United Kingdom
C534880,37370,RETRO COFFEE MUGS ASSORTED,-2,2010-11-24 14:40:00,1.25,13900.0,United Kingdom
C534881,21735,TWO DOOR CURIO CABINET,-2,2010-11-24 14:44:00,12.75,17340.0,United Kingdom
C534883,85066,CREAM SWEETHEART MINI CHEST,-2,2010-11-24 14:46:00,12.75,14817.0,United Kingdom
C534916,22111,SCOTTIE DOG HOT WATER BOTTLE,-6,2010-11-24 15:17:00,4.95,15476.0,United Kingdom
C534927,22649,STRAWBERRY FAIRY CAKE TEAPOT,-1,2010-11-24 15:22:00,4.95,17696.0,United Kingdom
C534931,22618,COOKING SET RETROSPOT,-8,2010-11-24 15:23:00,9.95,18062.0,United Kingdom
C534938,21843,RED RETROSPOT CAKE STAND,-1,2010-11-24 15:24:00,10.95,13329.0,United Kingdom
C534938,22659,LUNCH BOX I LOVE LONDON,-1,2010-11-24 15:24:00,1.95,13329.0,United Kingdom
C534945,POST,POSTAGE,-1,2010-11-24 15:29:00,1.17,17677.0,United Kingdom
C534962,21826,EIGHT PIECE DINOSAUR SET,-30,2010-11-24 15:35:00,1.25,17998.0,United Kingdom
C535002,84536A,ENGLISH ROSE NOTEBOOK A7 SIZE,-6,2010-11-24 15:50:00,0.42,16791.0,United Kingdom
C535002,20967,GREY FLORAL FELTCRAFT SHOULDER BAG,-12,2010-11-24 15:50:00,3.75,16791.0,United Kingdom
C535006,22766,PHOTO FRAME CORNICE,-1,2010-11-24 15:52:00,2.95,13611.0,United Kingdom
C535006,22865,HAND WARMER OWL DESIGN,-1,2010-11-24 15:52:00,2.1,13611.0,United Kingdom
C535011,21463,MIRRORED DISCO BALL,-1,2010-11-24 15:53:00,5.95,15434.0,United Kingdom
C535013,22776,SWEETHEART CAKESTAND 3 TIER,-1,2010-11-24 15:55:00,9.95,15164.0,United Kingdom
C535013,22119,PEACE WOODEN BLOCK LETTERS,-1,2010-11-24 15:55:00,6.95,15164.0,United Kingdom
C535038,22423,REGENCY CAKESTAND 3 TIER,-16,2010-11-24 16:46:00,10.95,16812.0,United Kingdom
C535046,21696,SMALL SILVER TRELLIS CANDLEPOT,-6,2010-11-24 17:05:00,2.95,12933.0,United Kingdom
C535087,22699,ROSES REGENCY TEACUP AND SAUCER,-2,2010-11-25 09:50:00,2.95,15730.0,United Kingdom
C535093,82486,WOOD S/3 CABINET ANT WHITE FINISH,-1,2010-11-25 10:26:00,6.95,15291.0,United Kingdom
C535093,22797,CHEST OF DRAWERS GINGHAM HEART,-2,2010-11-25 10:26:00,16.95,15291.0,United Kingdom
C535098,22197,SMALL POPCORN HOLDER,-1,2010-11-25 10:42:00,0.85,14655.0,United Kingdom
C535120,37447,CERAMIC CAKE DESIGN SPOTTED PLATE,-1,2010-11-25 11:30:00,1.49,13113.0,United Kingdom
C535120,22501,PICNIC BASKET WICKER LARGE,-4,2010-11-25 11:30:00,8.5,13113.0,United Kingdom
C535120,22061,LARGE CAKE STAND  HANGING STRAWBERY,-3,2010-11-25 11:30:00,9.95,13113.0,United Kingdom
C535120,85066,CREAM SWEETHEART MINI CHEST,-2,2010-11-25 11:30:00,10.95,13113.0,United Kingdom
C535146,22890,NOVELTY BISCUITS CAKE STAND 3 TIER,-1,2010-11-25 11:42:00,9.95,17068.0,United Kingdom
C535146,85099F,JUMBO BAG STRAWBERRY,-2,2010-11-25 11:42:00,1.95,17068.0,United Kingdom
C535223,82483,WOOD 2 DRAWER CABINET WHITE FINISH,-1,2010-11-25 12:21:00,5.95,15044.0,United Kingdom
C535246,D,Discount,-1,2010-11-25 12:39:00,16.3,14527.0,United Kingdom
C535256,21314,SMALL GLASS HEART TRINKET POT,-1,2010-11-25 13:13:00,2.1,14415.0,United Kingdom
C535256,22073,RED RETROSPOT STORAGE JAR,-1,2010-11-25 13:13:00,3.75,14415.0,United Kingdom
C535256,21259,VICTORIAN SEWING BOX SMALL,-1,2010-11-25 13:13:00,5.95,14415.0,United Kingdom
C535256,21844,RED RETROSPOT MUG,-1,2010-11-25 13:13:00,2.95,14415.0,United Kingdom
C535256,84789,ENCHANTED BIRD PLANT CAGE,-1,2010-11-25 13:13:00,3.75,14415.0,United Kingdom
C535256,82582,AREA PATROLLED METAL SIGN,-1,2010-11-25 13:13:00,2.1,14415.0,United Kingdom
C535276,82483,WOOD 2 DRAWER CABINET WHITE FINISH,-6,2010-11-25 13:56:00,5.95,15021.0,United Kingdom
C535279,21931,JUMBO STORAGE BAG SUKI,-1,2010-11-25 14:08:00,1.95,17063.0,United Kingdom
535280,16169C,WRAP BLUE REINDEER,-200,2010-11-25 14:16:00,0.0,,United Kingdom
C535281,22618,COOKING SET RETROSPOT,-12,2010-11-25 14:17:00,8.49,13090.0,United Kingdom
C535284,22661,CHARLOTTE BAG DOLLY GIRL DESIGN,-2,2010-11-25 14:23:00,0.85,12408.0,Belgium
C535284,79190A,RETRO PLASTIC 70'S TRAY,-30,2010-11-25 14:23:00,0.42,12408.0,Belgium
C535309,21936,RED RETROSPOT PICNIC BAG,-50,2010-11-25 14:45:00,2.55,14482.0,United Kingdom
C535323,POST,POSTAGE,-1,2010-11-25 15:19:00,15.0,12385.0,Belgium
C535327,72760B,VINTAGE CREAM 3 BASKET CAKE STAND,-1,2010-11-25 15:40:00,9.95,16292.0,United Kingdom
C535333,84949,SILVER HANGING T-LIGHT HOLDER,-1,2010-11-25 15:55:00,1.65,16961.0,United Kingdom
C535337,84078A,SET/4 WHITE RETRO STORAGE CUBES,-1,2010-11-25 16:13:00,34.95,12980.0,United Kingdom
C535337,35004C,SET OF 3 COLOURED  FLYING DUCKS,-2,2010-11-25 16:13:00,4.65,12980.0,United Kingdom
535339,85084,HOLLY TOP CHRISTMAS STOCKING,-15,2010-11-25 16:16:00,0.0,,United Kingdom
C535340,85048,15CM CHRISTMAS GLASS BALL 20 LIGHTS,-1,2010-11-25 16:20:00,7.95,18260.0,United Kingdom
C535357,22197,SMALL POPCORN HOLDER,-15,2010-11-25 17:14:00,0.72,17930.0,United Kingdom
C535357,22198,LARGE POPCORN HOLDER,-8,2010-11-25 17:14:00,1.45,17930.0,United Kingdom
C535360,22769,CHALKBOARD KITCHEN ORGANISER,-1,2010-11-25 17:21:00,24.95,13823.0,United Kingdom
C535360,22171,3 HOOK PHOTO SHELF ANTIQUE WHITE,-2,2010-11-25 17:21:00,8.5,13823.0,United Kingdom
C535360,21333,CLASSIC WHITE FRAME,-1,2010-11-25 17:21:00,2.95,13823.0,United Kingdom
C535361,22169,FAMILY ALBUM WHITE PICTURE FRAME,-2,2010-11-25 17:22:00,8.5,13050.0,United Kingdom
C535362,22654,DELUXE SEWING KIT,-2,2010-11-25 17:23:00,5.95,13078.0,United Kingdom
C535362,22461,SAVOY ART DECO CLOCK,-2,2010-11-25 17:23:00,10.95,13078.0,United Kingdom
C535363,21527,RED RETROSPOT TRADITIONAL TEAPOT,-2,2010-11-25 17:24:00,7.95,13317.0,United Kingdom
C535363,21232,STRAWBERRY CERAMIC TRINKET BOX,-4,2010-11-25 17:24:00,1.25,13317.0,United Kingdom
C535363,21843,RED RETROSPOT CAKE STAND,-1,2010-11-25 17:24:00,10.95,13317.0,United Kingdom
C535364,22890,NOVELTY BISCUITS CAKE STAND 3 TIER,-1,2010-11-25 17:25:00,9.95,17071.0,United Kingdom
C535373,21231,SWEETHEART CERAMIC TRINKET BOX,-1,2010-11-25 18:18:00,1.25,18097.0,United Kingdom
C535383,22130,PARTY CONE CHRISTMAS DECORATION,-12,2010-11-25 19:28:00,0.85,17921.0,United Kingdom
C535401,21686,MEDINA STAMPED METAL STOOL,-6,2010-11-26 11:13:00,34.95,15550.0,United Kingdom
C535410,22618,COOKING SET RETROSPOT,-1,2010-11-26 11:25:00,9.95,17377.0,United Kingdom
C535410,21257,VICTORIAN SEWING BOX MEDIUM,-1,2010-11-26 11:25:00,7.95,17377.0,United Kingdom
C535420,21558,SKULL LUNCH BOX WITH CUTLERY,-2,2010-11-26 11:50:00,2.55,18118.0,United Kingdom
C535428,35400,WOODEN BOX ADVENT CALENDAR,-1,2010-11-26 12:05:00,8.95,13202.0,United Kingdom
C535432,22504,CABIN BAG VINTAGE RETROSPOT,-1,2010-11-26 12:29:00,29.95,17921.0,United Kingdom
C535460,22617,BAKING SET SPACEBOY DESIGN,-2,2010-11-26 12:58:00,4.95,12474.0,Germany
C535460,22941,CHRISTMAS LIGHTS 10 REINDEER,-2,2010-11-26 12:58:00,8.5,12474.0,Germany
C535489,22125,UNION JACK HOT WATER BOTTLE,-12,2010-11-26 14:51:00,4.95,17841.0,United Kingdom
C535631,84949,SILVER HANGING T-LIGHT HOLDER,-4,2010-11-26 17:10:00,1.65,13213.0,United Kingdom
C535640,22618,COOKING SET RETROSPOT,-1,2010-11-28 10:21:00,9.95,13884.0,United Kingdom
C535643,22795,SWEETHEART RECIPE BOOK STAND,-1,2010-11-28 10:29:00,6.75,15059.0,United Kingdom
C535649,22371,AIRLINE BAG VINTAGE TOKYO 78,-2,2010-11-28 10:54:00,4.25,13118.0,United Kingdom
C535651,21463,MIRRORED DISCO BALL,-1,2010-11-28 11:01:00,5.95,15580.0,United Kingdom
C535663,D,Discount,-1,2010-11-28 11:41:00,11.86,14527.0,United Kingdom
C535663,D,Discount,-1,2010-11-28 11:41:00,13.89,14527.0,United Kingdom
C535663,D,Discount,-1,2010-11-28 11:41:00,6.13,14527.0,United Kingdom
C535663,D,Discount,-1,2010-11-28 11:41:00,1.0,14527.0,United Kingdom
C535663,D,Discount,-1,2010-11-28 11:41:00,7.84,14527.0,United Kingdom
C535663,D,Discount,-1,2010-11-28 11:41:00,5.67,14527.0,United Kingdom
C535671,21770,OPEN CLOSED METAL SIGN,-2,2010-11-28 12:04:00,4.95,13884.0,United Kingdom
C535678,22487,WHITE WOOD GARDEN PLANT LADDER,-1,2010-11-28 12:20:00,9.95,13735.0,United Kingdom
C535755,22961,JAM MAKING SET PRINTED,-13,2010-11-28 13:23:00,1.45,14508.0,United Kingdom
C535778,22726,ALARM CLOCK BAKELIKE GREEN,-12,2010-11-28 13:43:00,3.75,16033.0,United Kingdom
C535793,22666,RECIPE BOX PANTRY YELLOW DESIGN,-4,2010-11-28 14:32:00,2.95,17322.0,United Kingdom
C535793,22665,RECIPE BOX BLUE SKETCHBOOK DESIGN,-2,2010-11-28 14:32:00,2.95,17322.0,United Kingdom
C535800,M,Manual,-6,2010-11-28 14:54:00,32.0,16720.0,United Kingdom
C535800,22702,BLACK AND WHITE CAT BOWL,-1,2010-11-28 14:54:00,2.1,16720.0,United Kingdom
C535800,22443,GROW YOUR OWN HERBS SET OF 3,-1,2010-11-28 14:54:00,7.95,16720.0,United Kingdom
C535804,22154,ANGEL DECORATION 3 BUTTONS,-96,2010-11-28 15:02:00,0.42,17987.0,United Kingdom
C535804,21326,AGED GLASS SILVER T-LIGHT HOLDER,-36,2010-11-28 15:02:00,0.65,17987.0,United Kingdom
C535804,22806,SET OF 6 T-LIGHTS WEDDING CAKE,-4,2010-11-28 15:02:00,2.95,17987.0,United Kingdom
C535808,22060,LARGE CAKE STAND HANGING HEARTS,-5,2010-11-28 15:11:00,9.95,17368.0,United Kingdom
C535843,22423,REGENCY CAKESTAND 3 TIER,-1,2010-11-29 10:22:00,12.75,16292.0,United Kingdom
535884,84270,ASSTD DESIGN BUBBLE GUM RING,-411,2010-11-29 11:11:00,0.0,,United Kingdom
C535941,22946,WOODEN ADVENT CALENDAR CREAM,-1,2010-11-29 11:49:00,16.95,16161.0,United Kingdom
C535947,22059,CERAMIC STRWBERRY DESIGN MUG,-1,2010-11-29 11:56:00,1.49,13113.0,United Kingdom
C535947,22501,PICNIC BASKET WICKER LARGE,-2,2010-11-29 11:56:00,8.5,13113.0,United Kingdom
C535947,22243,"HOOK, 5 HANGER ,MAGIC TOADSTOOL RED",-1,2010-11-29 11:56:00,1.65,13113.0,United Kingdom
C535955,22663,JUMBO BAG DOLLY GIRL DESIGN,-23,2010-11-29 12:20:00,1.95,17345.0,United Kingdom
C535955,22156,HEART DECORATION WITH PEARLS,-1,2010-11-29 12:20:00,0.85,17345.0,United Kingdom
C535983,22198,LARGE POPCORN HOLDER,-1,2010-11-29 13:17:00,1.65,14606.0,United Kingdom
C535983,22136,LOVE HEART SOCK HANGER,-1,2010-11-29 13:17:00,1.65,14606.0,United Kingdom
C535986,22591,CARDHOLDER GINGHAM CHRISTMAS TREE,-6,2010-11-29 13:19:00,2.55,14008.0,United Kingdom
C536015,84507B,STRIPES DESIGN MONKEY DOLL,-1,2010-11-29 15:32:00,2.55,15005.0,United Kingdom
C536015,22165,"DIAMANTE HEART SHAPED WALL MIRROR,",-2,2010-11-29 15:32:00,12.75,15005.0,United Kingdom
C536015,21232,STRAWBERRY CERAMIC TRINKET BOX,-2,2010-11-29 15:32:00,1.25,15005.0,United Kingdom
C536015,22197,SMALL POPCORN HOLDER,-1,2010-11-29 15:32:00,0.85,15005.0,United Kingdom
C536015,22055,MINI CAKE STAND  HANGING STRAWBERY,-1,2010-11-29 15:32:00,1.65,15005.0,United Kingdom
C536015,82483,WOOD 2 DRAWER CABINET WHITE FINISH,-1,2010-11-29 15:32:00,5.95,15005.0,United Kingdom
C536023,21918,SET 12 KIDS COLOUR  CHALK STICKS,-1,2010-11-29 16:06:00,0.42,15555.0,United Kingdom
C536023,20977,36 PENCILS TUBE WOODLAND,-1,2010-11-29 16:06:00,1.25,15555.0,United Kingdom
C536023,22617,BAKING SET SPACEBOY DESIGN,-2,2010-11-29 16:06:00,4.95,15555.0,United Kingdom
C536023,21067,VINTAGE RED TEATIME MUG,-1,2010-11-29 16:06:00,0.38,15555.0,United Kingdom
C536023,22383,LUNCH BAG SUKI  DESIGN,-1,2010-11-29 16:06:00,1.65,15555.0,United Kingdom
C536023,22623,BOX OF VINTAGE JIGSAW BLOCKS,-1,2010-11-29 16:06:00,4.95,15555.0,United Kingdom
C536023,22138,BAKING SET 9 PIECE RETROSPOT,-1,2010-11-29 16:06:00,4.95,15555.0,United Kingdom
C536023,71477,COLOUR GLASS. STAR T-LIGHT HOLDER,-1,2010-11-29 16:06:00,3.25,15555.0,United Kingdom
C536023,16033,MINI HIGHLIGHTER PENS,-120,2010-11-29 16:06:00,0.12,15555.0,United Kingdom
C536062,22941,CHRISTMAS LIGHTS 10 REINDEER,-17,2010-11-30 10:35:00,7.65,13102.0,United Kingdom
C536065,22943,CHRISTMAS LIGHTS 10 VINTAGE BAUBLES,-1,2010-11-30 10:45:00,4.95,17420.0,United Kingdom
C536069,21658,GLASS  BEURRE DISH,-1,2010-11-30 10:49:00,3.95,16782.0,United Kingdom
C536069,21468,BUTTERFLY CROCHET FOOD COVER,-1,2010-11-30 10:49:00,3.75,16782.0,United Kingdom
C536069,85123A,WHITE HANGING HEART T-LIGHT HOLDER,-1,2010-11-30 10:49:00,2.95,16782.0,United Kingdom
C536070,21845,DAIRY MAID STRIPE MUG,-6,2010-11-30 10:51:00,2.95,17688.0,United Kingdom
C536071,21136,PAINTED METAL PEARS ASSORTED,-212,2010-11-30 10:53:00,1.45,18084.0,United Kingdom
C536071,84879,ASSORTED COLOUR BIRD ORNAMENT,-213,2010-11-30 10:53:00,1.45,18084.0,United Kingdom
C536078,84949,SILVER HANGING T-LIGHT HOLDER,-1,2010-11-30 11:08:00,1.65,17612.0,United Kingdom
C536078,22300,COFFEE MUG DOG + BALL DESIGN,-1,2010-11-30 11:08:00,2.55,17612.0,United Kingdom
C536077,84945,MULTI COLOUR SILVER T-LIGHT HOLDER,-3,2010-11-30 11:08:00,0.85,12951.0,United Kingdom
C536079,22943,CHRISTMAS LIGHTS 10 VINTAGE BAUBLES,-1,2010-11-30 11:10:00,4.95,17420.0,United Kingdom
C536080,84949,SILVER HANGING T-LIGHT HOLDER,-1,2010-11-30 11:11:00,1.65,13626.0,United Kingdom
C536080,22825,DECORATIVE PLANT POT WITH FRIEZE,-2,2010-11-30 11:11:00,7.95,13626.0,United Kingdom
C536150,22719,GUMBALL MONOCHROME COAT RACK,-1,2010-11-30 11:49:00,1.25,12476.0,Germany
C536160,22195,LARGE HEART MEASURING SPOONS,-1,2010-11-30 12:01:00,1.65,15596.0,United Kingdom
C536160,21527,RED RETROSPOT TRADITIONAL TEAPOT,-2,2010-11-30 12:01:00,7.95,15596.0,United Kingdom
C536164,21188,3D HEARTS  HONEYCOMB PAPER GARLAND,-34,2010-11-30 12:09:00,2.55,15369.0,United Kingdom
C536164,72351B,SET/6 PINK  BUTTERFLY T-LIGHTS,-110,2010-11-30 12:09:00,1.69,15369.0,United Kingdom
C536164,72351A,SET/6 TURQUOISE BUTTERFLY T-LIGHTS,-19,2010-11-30 12:09:00,1.87,15369.0,United Kingdom
C536164,75013B,"STRING OF 8 BUTTERFLIES,PINK",-1,2010-11-30 12:09:00,2.7,15369.0,United Kingdom
C536164,M,Manual,-1,2010-11-30 12:09:00,1.45,15369.0,United Kingdom
C536164,84989A,75 GREEN FAIRY CAKE CASES,-3,2010-11-30 12:09:00,0.55,15369.0,United Kingdom
C536164,M,Manual,-5,2010-11-30 12:09:00,0.72,15369.0,United Kingdom
C536164,22219,LOVEBIRD HANGING DECORATION WHITE,-82,2010-11-30 12:09:00,0.72,15369.0,United Kingdom
C536164,22582,PACK OF 6 SWEETIE GIFT BOXES,-34,2010-11-30 12:09:00,2.1,15369.0,United Kingdom
C536164,22583,PACK OF 6 HANDBAG GIFT BOXES,-68,2010-11-30 12:09:00,2.4,15369.0,United Kingdom
C536164,22584,PACK OF 6 PANNETONE GIFT BOXES,-26,2010-11-30 12:09:00,2.1,15369.0,United Kingdom
C536164,21977,PACK OF 60 PINK PAISLEY CAKE CASES,-45,2010-11-30 12:09:00,0.48,15369.0,United Kingdom
C536164,84988,SET OF 72 PINK HEART PAPER DOILIES,-51,2010-11-30 12:09:00,1.42,15369.0,United Kingdom
C536164,21215,IVORY PAPER CUP CAKE CASES,-42,2010-11-30 12:09:00,0.42,15369.0,United Kingdom
C536164,M,Manual,-11,2010-11-30 12:09:00,1.25,15369.0,United Kingdom
C536164,21210,SET OF 72 RETRO SPOT PAPER  DOILIES,-11,2010-11-30 12:09:00,1.25,15369.0,United Kingdom
C536164,84991,60 TEATIME FAIRY CAKE CASES,-34,2010-11-30 12:09:00,0.42,15369.0,United Kingdom
C536164,84987,SET OF 36 TEATIME PAPER DOILIES,-19,2010-11-30 12:09:00,1.25,15369.0,United Kingdom
C536164,84992,72 SWEETHEART FAIRY CAKE CASES,-37,2010-11-30 12:09:00,0.42,15369.0,United Kingdom
C536164,21974,SET OF 36 PAISLEY FLOWER DOILIES,-31,2010-11-30 12:09:00,1.4,15369.0,United Kingdom
C536164,22089,PAPER BUNTING VINTAGE PAISLEY,-55,2010-11-30 12:09:00,2.84,15369.0,United Kingdom
C536164,22088,PAPER BUNTING COLOURED LACE,-18,2010-11-30 12:09:00,2.55,15369.0,United Kingdom
C536164,22087,PAPER BUNTING WHITE LACE,-65,2010-11-30 12:09:00,2.9,15369.0,United Kingdom
C536164,M,Manual,-15,2010-11-30 12:09:00,1.45,15369.0,United Kingdom
C536164,21200,MULTICOLOUR HONEYCOMB PAPER GARLAND,-28,2010-11-30 12:09:00,1.45,15369.0,United Kingdom
C536164,21190,PINK HEARTS PAPER GARLAND,-27,2010-11-30 12:09:00,1.45,15369.0,United Kingdom
C536164,21068,VINTAGE BILLBOARD LOVE/HATE MUG,-20,2010-11-30 12:09:00,1.06,15369.0,United Kingdom
C536164,21069,VINTAGE BILLBOARD TEA MUG,-18,2010-11-30 12:09:00,1.06,15369.0,United Kingdom
C536164,21070,VINTAGE BILLBOARD MUG,-22,2010-11-30 12:09:00,1.06,15369.0,United Kingdom
C536164,22131,FOOD CONTAINER SET 3 LOVE HEART,-7,2010-11-30 12:09:00,1.65,15369.0,United Kingdom
C536164,22195,LARGE HEART MEASURING SPOONS,-15,2010-11-30 12:09:00,1.45,15369.0,United Kingdom
C536164,22196,SMALL HEART MEASURING SPOONS,-11,2010-11-30 12:09:00,0.72,15369.0,United Kingdom
C536164,48194,DOORMAT HEARTS,-12,2010-11-30 12:09:00,6.35,15369.0,United Kingdom
C536164,48138,DOOR MAT UNION FLAG,-16,2010-11-30 12:09:00,6.35,15369.0,United Kingdom
C536164,15056P,EDWARDIAN PARASOL PINK,-60,2010-11-30 12:09:00,4.95,15369.0,United Kingdom
C536164,15056N,EDWARDIAN PARASOL NATURAL,-65,2010-11-30 12:09:00,4.95,15369.0,United Kingdom
C536164,15056BL,EDWARDIAN PARASOL BLACK,-65,2010-11-30 12:09:00,4.95,15369.0,United Kingdom
C536164,21916,SET 12 RETRO WHITE CHALK STICKS,-129,2010-11-30 12:09:00,0.42,15369.0,United Kingdom
C536164,22585,PACK OF 6 BIRDY GIFT TAGS,-117,2010-11-30 12:09:00,1.06,15369.0,United Kingdom
C536164,22198,LARGE POPCORN HOLDER,-19,2010-11-30 12:09:00,1.65,15369.0,United Kingdom
C536164,22197,SMALL POPCORN HOLDER,-16,2010-11-30 12:09:00,0.85,15369.0,United Kingdom
C536164,22084,PAPER CHAIN KIT EMPIRE,-30,2010-11-30 12:09:00,2.55,15369.0,United Kingdom
C536164,21212,PACK OF 72 RETRO SPOT CAKE CASES,-33,2010-11-30 12:09:00,0.42,15369.0,United Kingdom
C536164,85104,SILVER GLASS T-LIGHT SET,-5,2010-11-30 12:09:00,2.95,15369.0,United Kingdom
C536192,21843,RED RETROSPOT CAKE STAND,-1,2010-11-30 12:48:00,10.95,13319.0,United Kingdom
C536192,21658,GLASS  BEURRE DISH,-3,2010-11-30 12:48:00,3.95,13319.0,United Kingdom
C536194,21872,GLAMOROUS  MUG,-12,2010-11-30 12:49:00,1.25,13786.0,United Kingdom
C536195,22634,CHILDS BREAKFAST SET SPACEBOY,-2,2010-11-30 12:50:00,9.95,14756.0,United Kingdom
C536195,22781,GUMBALL MAGAZINE RACK,-1,2010-11-30 12:50:00,7.65,14756.0,United Kingdom
C536195,21735,TWO DOOR CURIO CABINET,-1,2010-11-30 12:50:00,12.75,14756.0,United Kingdom
C536198,22761,CHEST 7 DRAWER MA CAMPAGNE,-1,2010-11-30 13:03:00,24.95,,United Kingdom
C536201,22197,SMALL POPCORN HOLDER,-3,2010-11-30 13:10:00,0.72,15785.0,United Kingdom
C536202,20725,LUNCH BAG RED SPOTTY,-2,2010-11-30 13:11:00,1.65,14233.0,United Kingdom
C536203,37370,RETRO COFFEE MUGS ASSORTED,-4,2010-11-30 13:15:00,1.25,17069.0,United Kingdom
C536210,22838,3 TIER CAKE TIN RED AND CREAM,-1,2010-11-30 13:27:00,14.95,17402.0,United Kingdom
C536210,22838,3 TIER CAKE TIN RED AND CREAM,-1,2010-11-30 13:27:00,14.95,17402.0,United Kingdom
C536212,35004C,SET OF 3 COLOURED  FLYING DUCKS,-12,2010-11-30 13:32:00,4.65,15611.0,United Kingdom
C536215,21137,BLACK RECORD COVER FRAME,-7,2010-11-30 13:37:00,3.39,13750.0,United Kingdom
C536221,35004C,SET OF 3 COLOURED  FLYING DUCKS,-1,2010-11-30 13:53:00,4.65,16228.0,United Kingdom
C536222,21231,SWEETHEART CERAMIC TRINKET BOX,-4,2010-11-30 13:55:00,1.25,13534.0,United Kingdom
C536222,21232,STRAWBERRY CERAMIC TRINKET BOX,-4,2010-11-30 13:55:00,1.25,13534.0,United Kingdom
C536222,22645,CERAMIC HEART FAIRY CAKE MONEY BANK,-4,2010-11-30 13:55:00,1.45,13534.0,United Kingdom
C536222,22646,CERAMIC STRAWBERRY CAKE MONEY BANK,-5,2010-11-30 13:55:00,1.45,13534.0,United Kingdom
C536222,85099B,JUMBO BAG RED RETROSPOT,-1,2010-11-30 13:55:00,1.95,13534.0,United Kingdom
C536224,22649,STRAWBERRY FAIRY CAKE TEAPOT,-1,2010-11-30 14:02:00,4.95,13952.0,United Kingdom
C536224,22236,CAKE STAND 3 TIER MAGIC GARDEN,-1,2010-11-30 14:02:00,12.75,13952.0,United Kingdom
C536225,72807C,SET/3 VANILLA SCENTED CANDLE IN BOX,-3,2010-11-30 14:04:00,3.81,15497.0,United Kingdom
C536227,85099B,JUMBO BAG RED RETROSPOT,-1,2010-11-30 14:07:00,1.95,16612.0,United Kingdom
C536228,22169,FAMILY ALBUM WHITE PICTURE FRAME,-4,2010-11-30 14:08:00,7.65,17342.0,United Kingdom
C536229,84949,SILVER HANGING T-LIGHT HOLDER,-3,2010-11-30 14:09:00,1.65,13495.0,United Kingdom
C536229,21730,GLASS STAR FROSTED T-LIGHT HOLDER,-2,2010-11-30 14:09:00,4.95,13495.0,United Kingdom
C536229,22340,NOEL GARLAND PAINTED ZINC,-1,2010-11-30 14:09:00,1.65,13495.0,United Kingdom
C536230,22797,CHEST OF DRAWERS GINGHAM HEART,-1,2010-11-30 14:10:00,16.95,17720.0,United Kingdom
C536231,72760B,VINTAGE CREAM 3 BASKET CAKE STAND,-1,2010-11-30 14:11:00,9.95,14849.0,United Kingdom
C536232,21642,ASSORTED TUTTI FRUTTI PEN,-24,2010-11-30 14:12:00,0.85,12935.0,United Kingdom
C536234,84665,SQUARE CHERRY BLOSSOM CABINET,-2,2010-11-30 14:16:00,5.95,17422.0,United Kingdom
C536234,22487,WHITE WOOD GARDEN PLANT LADDER,-1,2010-11-30 14:16:00,9.95,17422.0,United Kingdom
C536234,21259,VICTORIAN SEWING BOX SMALL,-1,2010-11-30 14:16:00,5.95,17422.0,United Kingdom
C536234,22760,"TRAY, BREAKFAST IN BED",-1,2010-11-30 14:16:00,12.75,17422.0,United Kingdom
C536234,90201B,BLACK ENAMEL FLOWER RING,-6,2010-11-30 14:16:00,2.95,17422.0,United Kingdom
C536236,22973,CHILDREN'S CIRCUS PARADE MUG,-2,2010-11-30 14:22:00,1.45,17017.0,United Kingdom
C536236,22630,DOLLY GIRL LUNCH BOX,-1,2010-11-30 14:22:00,1.65,17017.0,United Kingdom
C536236,22198,LARGE POPCORN HOLDER,-1,2010-11-30 14:22:00,1.45,17017.0,United Kingdom
C536237,84946,ANTIQUE SILVER TEA GLASS ETCHED,-2,2010-11-30 14:24:00,1.25,16293.0,United Kingdom
C536237,22791,T-LIGHT GLASS FLUTED ANTIQUE,-2,2010-11-30 14:24:00,1.25,16293.0,United Kingdom
C536242,22357,KINGS CHOICE BISCUIT TIN,-4,2010-11-30 14:39:00,4.25,12705.0,Germany
C536242,22358,KINGS CHOICE TEA CADDY,-2,2010-11-30 14:39:00,2.95,12705.0,Germany
C536242,21875,KINGS CHOICE MUG,-2,2010-11-30 14:39:00,1.25,12705.0,Germany
C536242,22556,PLASTERS IN TIN CIRCUS PARADE,-12,2010-11-30 14:39:00,1.65,12705.0,Germany
C536242,79191C,RETRO PLASTIC ELEPHANT TRAY,-12,2010-11-30 14:39:00,0.85,12705.0,Germany
C536242,79191B,RETRO PLASTIC POLKA TRAY,-2,2010-11-30 14:39:00,0.85,12705.0,Germany
C536242,22202,MILK PAN PINK RETROSPOT,-3,2010-11-30 14:39:00,3.75,12705.0,Germany
C536242,21653,GLASS ETCHED T-LIGHT HOLDER LARGE,-1,2010-11-30 14:39:00,2.1,12705.0,Germany
C536242,85232B,SET/3 RUSSIAN DOLL STACKING TINS,-3,2010-11-30 14:39:00,4.95,12705.0,Germany
C536244,22843,BISCUIT TIN VINTAGE GREEN,-1,2010-11-30 14:43:00,6.75,13534.0,United Kingdom
C536244,85099B,JUMBO BAG RED RETROSPOT,-1,2010-11-30 14:43:00,1.95,13534.0,United Kingdom
C536250,71477,COLOUR GLASS. STAR T-LIGHT HOLDER,-1,2010-11-30 14:49:00,2.75,14907.0,United Kingdom
C536252,21843,RED RETROSPOT CAKE STAND,-4,2010-11-30 14:50:00,9.95,13329.0,United Kingdom
C536253,85047,WHITE BEADED GARLAND STRING 20LIGHT,-1,2010-11-30 14:53:00,5.55,17677.0,United Kingdom
C536256,21114,LAVENDER SCENTED FABRIC HEART,-5,2010-11-30 15:08:00,1.25,16355.0,United Kingdom
C536256,22867,HAND WARMER BIRD DESIGN,-29,2010-11-30 15:08:00,2.1,16355.0,United Kingdom
C536258,21755,LOVE BUILDING BLOCK WORD,-10,2010-11-30 15:11:00,5.95,14507.0,United Kingdom
C536265,21843,RED RETROSPOT CAKE STAND,-1,2010-11-30 15:52:00,10.95,17378.0,United Kingdom
C536349,84946,ANTIQUE SILVER TEA GLASS ETCHED,-3,2010-11-30 16:40:00,1.25,18245.0,United Kingdom
C536379,D,Discount,-1,2010-12-01 09:41:00,27.5,14527.0,United Kingdom
C536383,35004C,SET OF 3 COLOURED  FLYING DUCKS,-1,2010-12-01 09:49:00,4.65,15311.0,United Kingdom
C536391,22556,PLASTERS IN TIN CIRCUS PARADE,-12,2010-12-01 10:24:00,1.65,17548.0,United Kingdom
C536391,21984,PACK OF 12 PINK PAISLEY TISSUES,-24,2010-12-01 10:24:00,0.29,17548.0,United Kingdom
C536391,21983,PACK OF 12 BLUE PAISLEY TISSUES,-24,2010-12-01 10:24:00,0.29,17548.0,United Kingdom
C536391,21980,PACK OF 12 RED SPOTTY TISSUES,-24,2010-12-01 10:24:00,0.29,17548.0,United Kingdom
C536391,21484,CHICK GREY HOT WATER BOTTLE,-12,2010-12-01 10:24:00,3.45,17548.0,United Kingdom
C536391,22557,PLASTERS IN TIN VINTAGE PAISLEY,-12,2010-12-01 10:24:00,1.65,17548.0,United Kingdom
C536391,22553,PLASTERS IN TIN SKULLS,-24,2010-12-01 10:24:00,1.65,17548.0,United Kingdom
C536506,22960,JAM MAKING SET WITH JARS,-6,2010-12-01 12:38:00,4.25,17897.0,United Kingdom
C536543,22632,HAND WARMER RED RETROSPOT,-1,2010-12-01 14:30:00,2.1,17841.0,United Kingdom
C536543,22355,CHARLOTTE BAG SUKI DESIGN,-2,2010-12-01 14:30:00,0.85,17841.0,United Kingdom
C536548,22244,"HOOK, 3 HANGER ,MAGIC GARDEN",-4,2010-12-01 14:33:00,1.95,12472.0,Germany
C536548,22242,"HOOK, 5 HANGER , MAGIC TOADSTOOL",-5,2010-12-01 14:33:00,1.65,12472.0,Germany
C536548,20914,SET/5 RED SPOTTY LID GLASS BOWLS,-1,2010-12-01 14:33:00,2.95,12472.0,Germany
C536548,22892,SET OF SALT AND PEPPER TOADSTOOLS,-7,2010-12-01 14:33:00,1.25,12472.0,Germany
C536548,22654,DELUXE SEWING KIT,-1,2010-12-01 14:33:00,5.95,12472.0,Germany
C536548,22767,TRIPLE PHOTO FRAME CORNICE,-2,2010-12-01 14:33:00,9.95,12472.0,Germany
C536548,22333,RETRO SPORT PARTY BAG + STICKER SET,-1,2010-12-01 14:33:00,1.65,12472.0,Germany
C536548,22245,"HOOK, 1 HANGER ,MAGIC GARDEN",-2,2010-12-01 14:33:00,0.85,12472.0,Germany
C536548,22077,6 RIBBONS RUSTIC CHARM,-6,2010-12-01 14:33:00,1.65,12472.0,Germany
C536548,22631,CIRCUS PARADE LUNCH BOX,-1,2010-12-01 14:33:00,1.95,12472.0,Germany
C536548,22168,ORGANISER WOOD ANTIQUE WHITE,-2,2010-12-01 14:33:00,8.5,12472.0,Germany
C536548,21218,RED SPOTTY BISCUIT TIN,-3,2010-12-01 14:33:00,3.75,12472.0,Germany
C536548,20957,PORCELAIN HANGING BELL SMALL,-1,2010-12-01 14:33:00,1.45,12472.0,Germany
C536548,22580,ADVENT CALENDAR GINGHAM SACK,-4,2010-12-01 14:33:00,5.95,12472.0,Germany
C536606,20914,SET/5 RED SPOTTY LID GLASS BOWLS,-2,2010-12-02 09:10:00,2.95,14092.0,United Kingdom
C536622,22752,SET 7 BABUSHKA NESTING BOXES,-2,2010-12-02 10:37:00,8.5,12471.0,Germany
C536625,22839,3 TIER CAKE TIN GREEN AND CREAM,-2,2010-12-02 10:46:00,14.95,14766.0,United Kingdom
C536642,21463,MIRRORED DISCO BALL,-1,2010-12-02 11:56:00,5.95,14390.0,United Kingdom
C536734,22780,LIGHT GARLAND BUTTERFILES PINK,-4,2010-12-02 12:50:00,4.25,16042.0,United Kingdom
C536734,85048,15CM CHRISTMAS GLASS BALL 20 LIGHTS,-1,2010-12-02 12:50:00,7.95,16042.0,United Kingdom
C536737,22798,ANTIQUE GLASS DRESSING TABLE POT,-2,2010-12-02 13:05:00,2.95,15922.0,United Kingdom
C536757,84347,ROTATING SILVER ANGELS T-LIGHT HLDR,-9360,2010-12-02 14:23:00,0.03,15838.0,United Kingdom
C536758,21314,SMALL GLASS HEART TRINKET POT,-1,2010-12-02 14:25:00,2.1,13767.0,United Kingdom
C536760,22175,PINK OWL SOFT TOY,-1,2010-12-02 14:29:00,2.95,17547.0,United Kingdom
C536760,22273,FELTCRAFT DOLL MOLLY,-3,2010-12-02 14:29:00,2.95,17547.0,United Kingdom
C536807,22501,PICNIC BASKET WICKER LARGE,-2,2010-12-02 16:45:00,9.95,15834.0,United Kingdom
C536807,22778,GLASS CLOCHE SMALL,-1,2010-12-02 16:45:00,3.95,15834.0,United Kingdom
C536812,22578,WOODEN STAR CHRISTMAS SCANDINAVIAN,-36,2010-12-02 16:58:00,0.85,16546.0,United Kingdom
C536812,22574,HEART WOODEN CHRISTMAS DECORATION,-192,2010-12-02 16:58:00,0.72,16546.0,United Kingdom
C536812,22593,CHRISTMAS GINGHAM STAR,-144,2010-12-02 16:58:00,0.72,16546.0,United Kingdom
C536812,22595,CHRISTMAS GINGHAM HEART,-144,2010-12-02 16:58:00,0.72,16546.0,United Kingdom
C536812,22588,CARD HOLDER GINGHAM HEART,-192,2010-12-02 16:58:00,2.1,16546.0,United Kingdom
C536812,22130,PARTY CONE CHRISTMAS DECORATION,-144,2010-12-02 16:58:00,0.72,16546.0,United Kingdom
C536814,21527,RED RETROSPOT TRADITIONAL TEAPOT,-2,2010-12-02 17:03:00,7.95,13958.0,United Kingdom
C536814,72799E,IVORY PILLAR CANDLE SILVER FLOCK,-6,2010-12-02 17:03:00,2.95,13958.0,United Kingdom
C536814,85066,CREAM SWEETHEART MINI CHEST,-2,2010-12-02 17:03:00,12.75,13958.0,United Kingdom
C536814,21586,KINGS CHOICE GIANT TUBE MATCHES,-12,2010-12-02 17:03:00,2.55,13958.0,United Kingdom
C536814,21258,VICTORIAN SEWING BOX LARGE,-1,2010-12-02 17:03:00,12.75,13958.0,United Kingdom
C536815,85175,CACTI T-LIGHT CANDLES,-1,2010-12-02 17:05:00,0.42,14443.0,United Kingdom
C536815,22178,VICTORIAN GLASS HANGING T-LIGHT,-1,2010-12-02 17:05:00,1.25,14443.0,United Kingdom
C536816,21129,SILVER FISHING GNOME,-2,2010-12-02 17:06:00,6.95,14443.0,United Kingdom
C536817,22187,GREEN CHRISTMAS TREE CARD HOLDER,-1,2010-12-02 17:08:00,4.25,14156.0,EIRE
C536817,71477,COLOUR GLASS. STAR T-LIGHT HOLDER,-1,2010-12-02 17:08:00,3.25,14156.0,EIRE
C536818,84947,ANTIQUE SILVER TEA GLASS ENGRAVED,-1,2010-12-02 17:09:00,1.25,16995.0,United Kingdom
C536820,22877,"NUMBER TILE COTTAGE GARDEN, 9",-1,2010-12-02 17:14:00,1.95,18168.0,United Kingdom
C536820,22869,"NUMBER TILE COTTAGE GARDEN, 1",-1,2010-12-02 17:14:00,1.95,18168.0,United Kingdom
C536820,22878,NUMBER TILE COTTAGE GARDEN No,-1,2010-12-02 17:14:00,2.1,18168.0,United Kingdom
C536820,21843,RED RETROSPOT CAKE STAND,-1,2010-12-02 17:14:00,10.95,18168.0,United Kingdom
C536822,22847,BREAD BIN DINER STYLE IVORY,-2,2010-12-02 17:19:00,16.95,14625.0,United Kingdom
C536822,21430,SET/3 RED GINGHAM ROSE STORAGE BOX,-1,2010-12-02 17:19:00,3.75,14625.0,United Kingdom
C536825,22617,BAKING SET SPACEBOY DESIGN,-1,2010-12-02 17:27:00,4.95,15384.0,United Kingdom
C536825,22197,SMALL POPCORN HOLDER,-2,2010-12-02 17:27:00,0.85,15384.0,United Kingdom
C536826,35004B,SET OF 3 BLACK FLYING DUCKS,-2,2010-12-02 17:30:00,4.65,17924.0,United Kingdom
C536826,35004B,SET OF 3 BLACK FLYING DUCKS,-3,2010-12-02 17:30:00,4.65,17924.0,United Kingdom
C536827,21527,RED RETROSPOT TRADITIONAL TEAPOT,-3,2010-12-02 17:31:00,6.95,13408.0,United Kingdom
C536828,22832,BROCANTE SHELF WITH HOOKS,-1,2010-12-02 17:35:00,10.75,14264.0,United Kingdom
C536828,84946,ANTIQUE SILVER TEA GLASS ETCHED,-3,2010-12-02 17:35:00,1.25,14264.0,United Kingdom
C536829,71477,COLOUR GLASS. STAR T-LIGHT HOLDER,-1,2010-12-02 17:36:00,3.25,13295.0,United Kingdom
C536850,22942,CHRISTMAS LIGHTS 10 SANTAS,-48,2010-12-03 09:47:00,7.65,14213.0,United Kingdom
C536850,22689,DOORMAT MERRY CHRISTMAS RED,-50,2010-12-03 09:47:00,6.75,14213.0,United Kingdom
C536850,22591,CARDHOLDER GINGHAM CHRISTMAS TREE,-50,2010-12-03 09:47:00,2.55,14213.0,United Kingdom
C536850,22580,ADVENT CALENDAR GINGHAM SACK,-48,2010-12-03 09:47:00,4.95,14213.0,United Kingdom
C536850,22186,RED STAR CARD HOLDER,-48,2010-12-03 09:47:00,2.55,14213.0,United Kingdom
C536853,84678,CLASSICAL ROSE SMALL VASE,-1,2010-12-03 10:07:00,2.55,14679.0,United Kingdom
C536854,22158,3 HEARTS HANGING DECORATION RUSTIC,-1,2010-12-03 10:09:00,2.95,15240.0,United Kingdom
C536854,22944,CHRISTMAS METAL POSTCARD WITH BELLS,-1,2010-12-03 10:09:00,1.25,15240.0,United Kingdom
C536854,21871,SAVE THE PLANET MUG,-1,2010-12-03 10:09:00,1.25,15240.0,United Kingdom
C536855,21527,RED RETROSPOT TRADITIONAL TEAPOT,-4,2010-12-03 10:11:00,7.95,18225.0,United Kingdom
C536978,22776,SWEETHEART CAKESTAND 3 TIER,-1,2010-12-03 14:19:00,9.95,17954.0,United Kingdom
C536979,84685,BEACH HUT KEY CABINET,-1,2010-12-03 14:23:00,3.75,17841.0,United Kingdom
C536979,22630,DOLLY GIRL LUNCH BOX,-1,2010-12-03 14:23:00,1.95,17841.0,United Kingdom
C537024,20893,HANGING BAUBLE T-LIGHT HOLDER SMALL,-36,2010-12-03 16:21:00,2.1,13941.0,United Kingdom
537032,21275,ZINC TOP  2 DOOR WOODEN SHELF,-30,2010-12-03 16:50:00,0.0,,United Kingdom
C537039,22854,CREAM SWEETHEART EGG HOLDER,-1,2010-12-05 10:25:00,4.95,15708.0,United Kingdom
C537039,20936,FORKED CACTUS CANDLE,-1,2010-12-05 10:25:00,2.95,15708.0,United Kingdom
C537039,85175,CACTI T-LIGHT CANDLES,-1,2010-12-05 10:25:00,0.42,15708.0,United Kingdom
C537043,22575,METAL MERRY CHRISTMAS WREATH,-6,2010-12-05 10:48:00,1.95,15351.0,United Kingdom
C537043,11001,ASSTD DESIGN RACING CAR PEN,-1,2010-12-05 10:48:00,1.69,15351.0,United Kingdom
C537132,22788,BROCANTE COAT RACK,-2,2010-12-05 12:29:00,8.5,15221.0,United Kingdom
C537132,22184,CAKE STAND VICTORIAN FILIGREE LARGE,-1,2010-12-05 12:29:00,8.5,15221.0,United Kingdom
C537132,71279,PINK GLASS CANDLEHOLDER,-2,2010-12-05 12:29:00,2.95,15221.0,United Kingdom
C537132,22761,CHEST 7 DRAWER MA CAMPAGNE,-2,2010-12-05 12:29:00,21.95,15221.0,United Kingdom
C537132,22769,CHALKBOARD KITCHEN ORGANISER,-8,2010-12-05 12:29:00,21.95,15221.0,United Kingdom
C537132,22762,CUPBOARD 3 DRAWER MA CAMPAGNE,-3,2010-12-05 12:29:00,12.75,15221.0,United Kingdom
C537143,20685,DOOR MAT RED SPOT,-1,2010-12-05 12:58:00,7.95,12748.0,United Kingdom
C537157,35953,FOLKART STAR CHRISTMAS DECORATIONS,-24,2010-12-05 13:09:00,1.25,15880.0,United Kingdom
C537164,D,Discount,-1,2010-12-05 13:21:00,29.29,14527.0,United Kingdom
C537203,37449,CERAMIC CAKE STAND + HANGING CAKES,-1,2010-12-05 14:44:00,9.95,14606.0,United Kingdom
C537203,21424,WOODLAND STORAGE BOX LARGE,-1,2010-12-05 14:44:00,2.95,14606.0,United Kingdom
C537232,84840,SWEETHEART CARRY-ALL BASKET,-2,2010-12-06 09:31:00,8.5,12586.0,Italy
C537234,22653,BUTTON BOX,-20,2010-12-06 09:40:00,1.95,16161.0,United Kingdom
C537251,22429,ENAMEL MEASURING JUG CREAM,-2,2010-12-06 10:45:00,4.25,,United Kingdom
C537251,22620,4 TRADITIONAL SPINNING TOPS,-8,2010-12-06 10:45:00,1.25,,United Kingdom
C537251,21890,S/6 WOODEN SKITTLES IN COTTON BAG,-2,2010-12-06 10:45:00,2.95,,United Kingdom
C537251,22564,ALPHABET STENCIL CRAFT,-5,2010-12-06 10:45:00,1.25,,United Kingdom
C537251,21891,TRADITIONAL WOODEN SKIPPING ROPE,-3,2010-12-06 10:45:00,1.25,,United Kingdom
C537251,22747,POPPY'S PLAYHOUSE BATHROOM,-6,2010-12-06 10:45:00,2.1,,United Kingdom
C537251,22454,MEASURING TAPE BABUSHKA RED,-8,2010-12-06 10:45:00,2.95,,United Kingdom
C537251,22327,ROUND SNACK BOXES SET OF 4 SKULLS,-4,2010-12-06 10:45:00,2.95,,United Kingdom
C537251,21915,RED  HARMONICA IN BOX,-4,2010-12-06 10:45:00,1.25,,United Kingdom
C537251,84347,ROTATING SILVER ANGELS T-LIGHT HLDR,-9,2010-12-06 10:45:00,2.55,,United Kingdom
C537251,22748,POPPY'S PLAYHOUSE KITCHEN,-4,2010-12-06 10:45:00,2.1,,United Kingdom
C537251,22943,CHRISTMAS LIGHTS 10 VINTAGE BAUBLES,-6,2010-12-06 10:45:00,4.95,,United Kingdom
C537251,22418,10 COLOUR SPACEBOY PEN,-7,2010-12-06 10:45:00,0.85,,United Kingdom
C537251,22911,PAPER CHAIN KIT LONDON,-2,2010-12-06 10:45:00,2.95,,United Kingdom
C537251,22940,FELTCRAFT CHRISTMAS FAIRY,-5,2010-12-06 10:45:00,4.25,,United Kingdom
C537251,22141,CHRISTMAS CRAFT TREE TOP ANGEL,-8,2010-12-06 10:45:00,2.1,,United Kingdom
C537251,22328,ROUND SNACK BOXES SET OF 4 FRUITS,-2,2010-12-06 10:45:00,2.95,,United Kingdom
C537251,22536,MAGIC DRAWING SLATE PURDEY,-11,2010-12-06 10:45:00,0.42,,United Kingdom
C537251,21826,EIGHT PIECE DINOSAUR SET,-4,2010-12-06 10:45:00,1.25,,United Kingdom
C537251,22466,FAIRY TALE COTTAGE NIGHTLIGHT,-3,2010-12-06 10:45:00,1.95,,United Kingdom
C537314,21349,IVY HEART WREATH,-4,2010-12-06 11:42:00,6.75,13497.0,United Kingdom
C537320,35400,WOODEN BOX ADVENT CALENDAR,-1,2010-12-06 11:47:00,8.95,14867.0,United Kingdom
C537333,22636,CHILDS BREAKFAST SET CIRCUS PARADE,-4,2010-12-06 12:00:00,8.5,12474.0,Germany
C537373,22423,REGENCY CAKESTAND 3 TIER,-1,2010-12-06 12:55:00,12.75,14487.0,United Kingdom
C537379,22865,HAND WARMER OWL DESIGN,-10,2010-12-06 13:12:00,2.1,15882.0,United Kingdom
C537383,21658,GLASS  BEURRE DISH,-1,2010-12-06 13:17:00,3.95,16550.0,United Kingdom
C537383,22197,SMALL POPCORN HOLDER,-1,2010-12-06 13:17:00,0.85,16550.0,United Kingdom
C537383,22371,AIRLINE BAG VINTAGE TOKYO 78,-1,2010-12-06 13:17:00,4.25,16550.0,United Kingdom
C537398,22430,ENAMEL WATERING CAN CREAM,-1,2010-12-06 14:22:00,4.95,15426.0,United Kingdom
C537402,22926,IVORY GIANT GARDEN THERMOMETER,-4,2010-12-06 14:43:00,5.95,15502.0,United Kingdom
C537402,22927,GREEN GIANT GARDEN THERMOMETER,-4,2010-12-06 14:43:00,5.95,15502.0,United Kingdom
C537402,22849,BREAD BIN DINER STYLE MINT,-4,2010-12-06 14:43:00,14.95,15502.0,United Kingdom
C537402,22847,BREAD BIN DINER STYLE IVORY,-4,2010-12-06 14:43:00,14.95,15502.0,United Kingdom
C537402,47580,TEA TIME DES TEA COSY,-6,2010-12-06 14:43:00,2.55,15502.0,United Kingdom
C537402,22196,SMALL HEART MEASURING SPOONS,-12,2010-12-06 14:43:00,0.85,15502.0,United Kingdom
C537406,22926,IVORY GIANT GARDEN THERMOMETER,-4,2010-12-06 14:53:00,5.95,15502.0,United Kingdom
C537406,22927,GREEN GIANT GARDEN THERMOMETER,-4,2010-12-06 14:53:00,5.95,15502.0,United Kingdom
C537406,22847,BREAD BIN DINER STYLE IVORY,-4,2010-12-06 14:53:00,14.95,15502.0,United Kingdom
C537406,22849,BREAD BIN DINER STYLE MINT,-4,2010-12-06 14:53:00,14.95,15502.0,United Kingdom
C537408,47580,TEA TIME DES TEA COSY,-6,2010-12-06 14:55:00,2.55,15502.0,United Kingdom
C537408,22196,SMALL HEART MEASURING SPOONS,-12,2010-12-06 14:55:00,0.85,15502.0,United Kingdom
C537413,22834,HAND WARMER BABUSHKA DESIGN,-72,2010-12-06 15:07:00,2.1,14409.0,United Kingdom
C537414,POST,POSTAGE,-1,2010-12-06 15:09:00,4.41,16861.0,United Kingdom
C537414,22086,PAPER CHAIN KIT 50'S CHRISTMAS,-6,2010-12-06 15:09:00,2.95,16861.0,United Kingdom
C537416,22840,ROUND CAKE TIN VINTAGE RED,-1,2010-12-06 15:10:00,7.95,16138.0,United Kingdom
C537417,22960,JAM MAKING SET WITH JARS,-1,2010-12-06 15:12:00,4.25,13481.0,United Kingdom
537425,84968F,S/16 VINTAGE SKY BLUE CUTLERY,-20,2010-12-06 15:35:00,0.0,,United Kingdom
537426,84968E,S/16 VINTAGE BLACK CUTLERY,-35,2010-12-06 15:36:00,0.0,,United Kingdom
537432,35833G,4 GOLD FLOCK CHRISTMAS BALLS,-43,2010-12-06 16:10:00,0.0,,United Kingdom
C537431,21755,LOVE BUILDING BLOCK WORD,-1,2010-12-06 16:10:00,5.95,16782.0,United Kingdom
C537444,22580,ADVENT CALENDAR GINGHAM SACK,-8,2010-12-07 08:42:00,5.95,14850.0,United Kingdom
C537445,22418,10 COLOUR SPACEBOY PEN,-11,2010-12-07 08:57:00,0.85,15021.0,United Kingdom
C537530,21527,RED RETROSPOT TRADITIONAL TEAPOT,-1,2010-12-07 11:47:00,7.95,13319.0,United Kingdom
C537530,85047,WHITE BEADED GARLAND STRING 20LIGHT,-2,2010-12-07 11:47:00,6.35,13319.0,United Kingdom
C537530,22726,ALARM CLOCK BAKELIKE GREEN,-2,2010-12-07 11:47:00,3.75,13319.0,United Kingdom
C537572,BANK CHARGES,Bank Charges,-1,2010-12-07 12:00:00,95.38,,United Kingdom
C537581,S,SAMPLES,-1,2010-12-07 12:03:00,12.95,,United Kingdom
C537581,S,SAMPLES,-1,2010-12-07 12:03:00,52.0,,United Kingdom
C537596,22968,ROSE COTTAGE KEEPSAKE BOX,-2,2010-12-07 12:31:00,9.95,17954.0,United Kingdom
C537597,D,Discount,-1,2010-12-07 12:34:00,281.0,15498.0,United Kingdom
C537600,AMAZONFEE,AMAZON FEE,-1,2010-12-07 12:41:00,1.0,,United Kingdom
C537602,85099B,JUMBO BAG RED RETROSPOT,-1,2010-12-07 12:45:00,1.65,17511.0,United Kingdom
C537602,21622,VINTAGE UNION JACK CUSHION COVER,-1,2010-12-07 12:45:00,4.95,17511.0,United Kingdom
C537602,22065,CHRISTMAS PUDDING TRINKET POT,-1,2010-12-07 12:45:00,1.25,17511.0,United Kingdom
C537602,22061,LARGE CAKE STAND  HANGING STRAWBERY,-1,2010-12-07 12:45:00,8.5,17511.0,United Kingdom
C537602,22654,DELUXE SEWING KIT,-1,2010-12-07 12:45:00,4.95,17511.0,United Kingdom
C537602,85123A,WHITE HANGING HEART T-LIGHT HOLDER,-1,2010-12-07 12:45:00,2.55,17511.0,United Kingdom
C537602,22665,RECIPE BOX BLUE SKETCHBOOK DESIGN,-1,2010-12-07 12:45:00,2.95,17511.0,United Kingdom
C537602,22197,SMALL POPCORN HOLDER,-1,2010-12-07 12:45:00,0.72,17511.0,United Kingdom
C537602,22659,LUNCH BOX I LOVE LONDON,-4,2010-12-07 12:45:00,1.65,17511.0,United Kingdom
C537602,22169,FAMILY ALBUM WHITE PICTURE FRAME,-1,2010-12-07 12:45:00,7.65,17511.0,United Kingdom
C537602,21843,RED RETROSPOT CAKE STAND,-1,2010-12-07 12:45:00,9.95,17511.0,United Kingdom
C537602,22423,REGENCY CAKESTAND 3 TIER,-2,2010-12-07 12:45:00,10.95,17511.0,United Kingdom
C537602,84050,PINK HEART SHAPE EGG FRYING PAN,-1,2010-12-07 12:45:00,1.25,17511.0,United Kingdom
C537602,22198,LARGE POPCORN HOLDER,-1,2010-12-07 12:45:00,1.45,17511.0,United Kingdom
C537610,M,Manual,-1,2010-12-07 13:23:00,631.31,,United Kingdom
C537611,22865,HAND WARMER OWL DESIGN,-36,2010-12-07 13:25:00,2.1,17675.0,United Kingdom
C537613,M,Manual,-1,2010-12-07 13:28:00,313.78,,United Kingdom
C537630,AMAZONFEE,AMAZON FEE,-1,2010-12-07 15:04:00,13541.33,,United Kingdom
C537644,AMAZONFEE,AMAZON FEE,-1,2010-12-07 15:34:00,13474.79,,United Kingdom
C537647,AMAZONFEE,AMAZON FEE,-1,2010-12-07 15:41:00,5519.25,,United Kingdom
C537651,AMAZONFEE,AMAZON FEE,-1,2010-12-07 15:49:00,13541.33,,United Kingdom
C537652,AMAZONFEE,AMAZON FEE,-1,2010-12-07 15:51:00,6706.71,,United Kingdom
C537656,21258,VICTORIAN SEWING BOX LARGE,-12,2010-12-07 16:21:00,10.95,15100.0,United Kingdom
C537677,21166,COOK WITH WINE METAL SIGN,-1,2010-12-08 09:55:00,1.95,14796.0,United Kingdom
C537684,22301,COFFEE MUG CAT + BIRD DESIGN,-1,2010-12-08 10:18:00,2.55,14901.0,United Kingdom
C537684,22730,ALARM CLOCK BAKELIKE IVORY,-1,2010-12-08 10:18:00,3.75,14901.0,United Kingdom
C537746,22156,HEART DECORATION WITH PEARLS,-1,2010-12-08 11:03:00,0.85,15021.0,United Kingdom
C537746,21558,SKULL LUNCH BOX WITH CUTLERY,-1,2010-12-08 11:03:00,2.55,15021.0,United Kingdom
C537746,71477,COLOUR GLASS. STAR T-LIGHT HOLDER,-1,2010-12-08 11:03:00,3.25,15021.0,United Kingdom
C537756,21914,BLUE HARMONICA IN BOX,-24,2010-12-08 11:33:00,1.25,14952.0,United Kingdom
C537756,84949,SILVER HANGING T-LIGHT HOLDER,-8,2010-12-08 11:33:00,1.65,14952.0,United Kingdom
C537756,21275,ZINC TOP  2 DOOR WOODEN SHELF,-4,2010-12-08 11:33:00,14.95,14952.0,United Kingdom
C537763,85068,CREAM SWEETHEART SHELF + HOOKS,-1,2010-12-08 12:03:00,7.95,16713.0,United Kingdom
C537788,90062,CARNIVAL BRACELET,-1,2010-12-08 12:49:00,12.75,15916.0,United Kingdom
C537788,16202E,BLACK PHOTO ALBUM,-1,2010-12-08 12:49:00,5.55,15916.0,United Kingdom
C537798,22357,KINGS CHOICE BISCUIT TIN,-1,2010-12-08 13:07:00,4.25,16553.0,United Kingdom
C537797,22501,PICNIC BASKET WICKER LARGE,-1,2010-12-08 13:07:00,8.5,13113.0,United Kingdom
C537797,22423,REGENCY CAKESTAND 3 TIER,-2,2010-12-08 13:07:00,10.95,13113.0,United Kingdom
C537797,22469,HEART OF WICKER SMALL,-1,2010-12-08 13:07:00,1.45,13113.0,United Kingdom
C537805,35004C,SET OF 3 COLOURED  FLYING DUCKS,-1,2010-12-08 13:18:00,4.65,15311.0,United Kingdom
C537805,40001,WHITE BAMBOO RIBS LAMPSHADE,-2,2010-12-08 13:18:00,0.64,15311.0,United Kingdom
C537805,85047,WHITE BEADED GARLAND STRING 20LIGHT,-1,2010-12-08 13:18:00,5.55,15311.0,United Kingdom
C537805,22719,GUMBALL MONOCHROME COAT RACK,-3,2010-12-08 13:18:00,1.06,15311.0,United Kingdom
C537805,20798,CLEAR MILKSHAKE GLASS,-4,2010-12-08 13:18:00,1.65,15311.0,United Kingdom
C537805,22198,LARGE POPCORN HOLDER,-1,2010-12-08 13:18:00,1.45,15311.0,United Kingdom
C537805,22197,SMALL POPCORN HOLDER,-1,2010-12-08 13:18:00,0.72,15311.0,United Kingdom
C537805,20829,GLITTER HANGING BUTTERFLY STRING,-1,2010-12-08 13:18:00,2.1,15311.0,United Kingdom
C537805,22571,ROCKING HORSE RED CHRISTMAS,-1,2010-12-08 13:18:00,0.85,15311.0,United Kingdom
C537807,84949,SILVER HANGING T-LIGHT HOLDER,-5,2010-12-08 13:23:00,1.65,13495.0,United Kingdom
C537807,21730,GLASS STAR FROSTED T-LIGHT HOLDER,-3,2010-12-08 13:23:00,4.95,13495.0,United Kingdom
C537807,21143,ANTIQUE GLASS HEART DECORATION,-1,2010-12-08 13:23:00,1.95,13495.0,United Kingdom
C537807,21812,GARLAND WITH HEARTS AND BELLS,-6,2010-12-08 13:23:00,4.95,13495.0,United Kingdom
C537812,21843,RED RETROSPOT CAKE STAND,-10,2010-12-08 13:33:00,9.95,14299.0,United Kingdom
C537812,22423,REGENCY CAKESTAND 3 TIER,-10,2010-12-08 13:33:00,10.95,14299.0,United Kingdom
C537814,20703,BLUE PADDED SOFT MOBILE,-3,2010-12-08 13:43:00,4.25,12712.0,Germany
C537820,22627,MINT KITCHEN SCALES,-1,2010-12-08 14:10:00,8.5,16016.0,United Kingdom
C537821,85048,15CM CHRISTMAS GLASS BALL 20 LIGHTS,-3,2010-12-08 14:20:00,6.95,18193.0,United Kingdom
C537824,22220,CAKE STAND LOVEBIRD 2 TIER WHITE,-1,2010-12-08 14:27:00,9.95,12870.0,United Kingdom
C537824,22784,LANTERN CREAM GAZEBO,-1,2010-12-08 14:27:00,4.95,12870.0,United Kingdom
C537832,22073,RED RETROSPOT STORAGE JAR,-2,2010-12-08 14:52:00,3.75,16858.0,United Kingdom
C537832,21531,RED RETROSPOT SUGAR JAM BOWL,-4,2010-12-08 14:52:00,2.1,16858.0,United Kingdom
C537832,21527,RED RETROSPOT TRADITIONAL TEAPOT,-2,2010-12-08 14:52:00,6.95,16858.0,United Kingdom
C537834,22697,GREEN REGENCY TEACUP AND SAUCER,-1,2010-12-08 14:54:00,2.95,13267.0,United Kingdom
C537834,21314,SMALL GLASS HEART TRINKET POT,-1,2010-12-08 14:54:00,2.1,13267.0,United Kingdom
C537834,22798,ANTIQUE GLASS DRESSING TABLE POT,-3,2010-12-08 14:54:00,2.95,13267.0,United Kingdom
C537835,22138,BAKING SET 9 PIECE RETROSPOT,-3,2010-12-08 14:57:00,4.95,14618.0,United Kingdom
C537838,22299,PIG KEYRING WITH LIGHT & SOUND,-4,2010-12-08 15:01:00,1.25,13115.0,United Kingdom
C537853,79000,MOROCCAN TEA GLASS,-1,2010-12-08 15:57:00,0.85,13370.0,United Kingdom
C537853,22940,FELTCRAFT CHRISTMAS FAIRY,-1,2010-12-08 15:57:00,4.25,13370.0,United Kingdom
C537853,22169,FAMILY ALBUM WHITE PICTURE FRAME,-2,2010-12-08 15:57:00,8.5,13370.0,United Kingdom
C537853,22697,GREEN REGENCY TEACUP AND SAUCER,-1,2010-12-08 15:57:00,2.95,13370.0,United Kingdom
C537853,22960,JAM MAKING SET WITH JARS,-2,2010-12-08 15:57:00,4.25,13370.0,United Kingdom
C537856,37370,RETRO COFFEE MUGS ASSORTED,-2,2010-12-08 15:59:00,1.25,14388.0,United Kingdom
C537856,21843,RED RETROSPOT CAKE STAND,-1,2010-12-08 15:59:00,10.95,14388.0,United Kingdom
C537857,D,Discount,-1,2010-12-08 16:00:00,267.12,17340.0,United Kingdom
C537860,84406B,CREAM CUPID HEARTS COAT HANGER,-8,2010-12-08 16:15:00,3.25,16252.0,United Kingdom
C537860,22295,HEART FILIGREE DOVE LARGE,-12,2010-12-08 16:15:00,1.65,16252.0,United Kingdom
C537860,22193,RED DINER WALL CLOCK,-2,2010-12-08 16:15:00,8.5,16252.0,United Kingdom
C537860,22180,RETRO SPOT LAMP,-1,2010-12-08 16:15:00,9.95,16252.0,United Kingdom
C537860,21624,VINTAGE UNION JACK DOORSTOP,-3,2010-12-08 16:15:00,5.95,16252.0,United Kingdom
C537860,21485,RED SPOT HEART HOT WATER BOTTLE,-3,2010-12-08 16:15:00,4.95,16252.0,United Kingdom
C537860,20897,VINTAGE NOTEBOOK PARIS DAYS,-6,2010-12-08 16:15:00,2.95,16252.0,United Kingdom
C537860,37370,RETRO COFFEE MUGS ASSORTED,-12,2010-12-08 16:15:00,1.25,16252.0,United Kingdom
C537860,22049,WRAP CHRISTMAS SCREEN PRINT,-25,2010-12-08 16:15:00,0.42,16252.0,United Kingdom
C537860,21888,BINGO SET,-4,2010-12-08 16:15:00,3.75,16252.0,United Kingdom
C537860,21240,BLUE  SPOTTY CUP,-8,2010-12-08 16:15:00,0.85,16252.0,United Kingdom
C537860,21066,VINTAGE RED MUG,-12,2010-12-08 16:15:00,1.25,16252.0,United Kingdom
C537860,20675,BLUE SPOTTY BOWL,-8,2010-12-08 16:15:00,1.25,16252.0,United Kingdom
C537860,22192,BLUE DINER WALL CLOCK,-2,2010-12-08 16:15:00,8.5,16252.0,United Kingdom
C537860,21244,BLUE  SPOTTY PLATE,-8,2010-12-08 16:15:00,1.69,16252.0,United Kingdom
C537860,21242,RED SPOTTY PLATE,-8,2010-12-08 16:15:00,1.69,16252.0,United Kingdom
C537860,20676,RED SPOTTY BOWL,-8,2010-12-08 16:15:00,1.25,16252.0,United Kingdom
C537860,79066K,RETRO MOD TRAY,-10,2010-12-08 16:15:00,0.85,16252.0,United Kingdom
C537860,22637,PIGGY BANK RETROSPOT,-6,2010-12-08 16:15:00,2.55,16252.0,United Kingdom
C537860,22508,DOORSTOP RETROSPOT HEART,-4,2010-12-08 16:15:00,3.75,16252.0,United Kingdom
C537860,21238,RED SPOTTY CUP,-8,2010-12-08 16:15:00,0.85,16252.0,United Kingdom
C537893,22450,SILK PURSE RUSSIAN DOLL BLUE,-1,2010-12-09 10:14:00,3.35,12721.0,France
C537893,22634,CHILDS BREAKFAST SET SPACEBOY,-2,2010-12-09 10:14:00,9.95,12721.0,France
C537893,22630,DOLLY GIRL LUNCH BOX,-2,2010-12-09 10:14:00,1.95,12721.0,France
C537998,22727,ALARM CLOCK BAKELIKE RED,-4,2010-12-09 11:42:00,3.75,17411.0,United Kingdom
C537998,22725,ALARM CLOCK BAKELIKE CHOCOLATE,-4,2010-12-09 11:42:00,3.75,17411.0,United Kingdom
C538052,22138,BAKING SET 9 PIECE RETROSPOT,-1,2010-12-09 13:28:00,4.95,15181.0,United Kingdom
C538059,84380,SET OF 3 BUTTERFLY COOKIE CUTTERS,-12,2010-12-09 13:38:00,1.25,14205.0,United Kingdom
C538059,21535,RED RETROSPOT SMALL MILK JUG,-6,2010-12-09 13:38:00,2.55,14205.0,United Kingdom
C538059,20914,SET/5 RED SPOTTY LID GLASS BOWLS,-6,2010-12-09 13:38:00,2.95,14205.0,United Kingdom
C538059,84378,SET OF 3 HEART COOKIE CUTTERS,-12,2010-12-09 13:38:00,1.25,14205.0,United Kingdom
C538059,48188,DOOR MAT WELCOME PUPPIES,-2,2010-12-09 13:38:00,7.95,14205.0,United Kingdom
C538059,22697,GREEN REGENCY TEACUP AND SAUCER,-6,2010-12-09 13:38:00,2.95,14205.0,United Kingdom
C538059,48187,DOOR MAT NEW ENGLAND,-2,2010-12-09 13:38:00,7.95,14205.0,United Kingdom
C538059,22727,ALARM CLOCK BAKELIKE RED,-4,2010-12-09 13:38:00,3.75,14205.0,United Kingdom
C538059,22699,ROSES REGENCY TEACUP AND SAUCER,-6,2010-12-09 13:38:00,2.95,14205.0,United Kingdom
C538059,22698,PINK REGENCY TEACUP AND SAUCER,-6,2010-12-09 13:38:00,2.95,14205.0,United Kingdom
C538059,21975,PACK OF 60 DINOSAUR CAKE CASES,-24,2010-12-09 13:38:00,0.55,14205.0,United Kingdom
C538059,21533,RETRO SPOT LARGE MILK JUG,-3,2010-12-09 13:38:00,4.95,14205.0,United Kingdom
C538059,21217,RED SPOTTY ROUND CAKE TINS,-3,2010-12-09 13:38:00,9.95,14205.0,United Kingdom
C538059,21210,SET OF 72 RETRO SPOT PAPER  DOILIES,-12,2010-12-09 13:38:00,1.45,14205.0,United Kingdom
C538062,22139,RETRO SPOT TEA SET CERAMIC 11 PC,-14,2010-12-09 13:40:00,4.25,17702.0,United Kingdom
C538062,22329,ROUND CONTAINER SET OF 5 RETROSPOT,-4,2010-12-09 13:40:00,1.65,17702.0,United Kingdom
C538062,21430,SET/3 RED GINGHAM ROSE STORAGE BOX,-1,2010-12-09 13:40:00,3.75,17702.0,United Kingdom
C538062,22168,ORGANISER WOOD ANTIQUE WHITE,-2,2010-12-09 13:40:00,8.5,17702.0,United Kingdom
C538062,20973,12 PENCIL SMALL TUBE WOODLAND,-2,2010-12-09 13:40:00,0.65,17702.0,United Kingdom
C538066,22083,PAPER CHAIN KIT RETRO SPOT,-1,2010-12-09 13:58:00,2.95,15738.0,United Kingdom
538072,22423,REGENCY CAKESTAND 3 TIER,-13,2010-12-09 14:10:00,0.0,,United Kingdom
C538075,21284,RETRO SPOT CANDLE  SMALL,-12,2010-12-09 14:12:00,1.69,13021.0,United Kingdom
C538081,22630,DOLLY GIRL LUNCH BOX,-33,2010-12-09 14:29:00,1.95,16898.0,United Kingdom
C538082,21864,UNION JACK FLAG PASSPORT COVER,-20,2010-12-09 14:30:00,2.1,13777.0,United Kingdom
C538083,85099B,JUMBO BAG RED RETROSPOT,-3,2010-12-09 14:40:00,1.95,15750.0,United Kingdom
C538083,22633,HAND WARMER UNION JACK,-4,2010-12-09 14:40:00,2.1,15750.0,United Kingdom
C538084,22860,EASTER TIN CHICKS PINK DAISY,-6,2010-12-09 14:42:00,1.65,12649.0,Germany
C538084,22859,EASTER TIN BUNNY BOUQUET,-6,2010-12-09 14:42:00,1.65,12649.0,Germany
C538085,82486,WOOD S/3 CABINET ANT WHITE FINISH,-1,2010-12-09 14:43:00,7.95,16350.0,United Kingdom
C538085,21314,SMALL GLASS HEART TRINKET POT,-1,2010-12-09 14:43:00,2.1,16350.0,United Kingdom
C538085,82483,WOOD 2 DRAWER CABINET WHITE FINISH,-1,2010-12-09 14:43:00,5.95,16350.0,United Kingdom
C538088,84625C,BLUE NEW BAROQUE CANDLESTICK CANDLE,-24,2010-12-09 14:45:00,0.85,14766.0,United Kingdom
C538089,21906,PHARMACIE FIRST AID TIN,-1,2010-12-09 14:47:00,6.75,18230.0,United Kingdom
C538091,35400,WOODEN BOX ADVENT CALENDAR,-2,2010-12-09 14:48:00,8.95,16499.0,United Kingdom
538090,20956,PORCELAIN T-LIGHT HOLDERS ASSORTED,-723,2010-12-09 14:48:00,0.0,,United Kingdom
C538098,22168,ORGANISER WOOD ANTIQUE WHITE,-1,2010-12-09 14:57:00,8.5,14441.0,United Kingdom
C538099,72807C,SET/3 VANILLA SCENTED CANDLE IN BOX,-1,2010-12-09 14:58:00,4.25,15279.0,United Kingdom
C538099,22457,NATURAL SLATE HEART CHALKBOARD,-3,2010-12-09 14:58:00,2.95,15279.0,United Kingdom
C538100,84798A,PINK FOXGLOVE ARTIIFCIAL FLOWER,-12,2010-12-09 15:00:00,2.55,16579.0,United Kingdom
C538102,84792,ENCHANTED BIRD COATHANGER 5 HOOK,-2,2010-12-09 15:01:00,4.65,14047.0,United Kingdom
C538103,22941,CHRISTMAS LIGHTS 10 REINDEER,-2,2010-12-09 15:13:00,8.5,17442.0,United Kingdom
C538105,79163,BLACK CHAMPAGNE GLASS,-1,2010-12-09 15:18:00,1.65,16781.0,United Kingdom
C538105,21781,MA CAMPAGNE CUTLERY BOX,-1,2010-12-09 15:18:00,14.95,16781.0,United Kingdom
C538109,22780,LIGHT GARLAND BUTTERFILES PINK,-4,2010-12-09 15:23:00,4.25,16042.0,United Kingdom
C538109,85048,15CM CHRISTMAS GLASS BALL 20 LIGHTS,-1,2010-12-09 15:23:00,7.95,16042.0,United Kingdom
C538110,21232,STRAWBERRY CERAMIC TRINKET BOX,-144,2010-12-09 15:24:00,1.06,17307.0,United Kingdom
C538111,21830,ASSORTED CREEPY CRAWLIES,-24,2010-12-09 15:24:00,0.42,17950.0,United Kingdom
C538112,22072,RED RETROSPOT TEA CUP AND SAUCER,-1,2010-12-09 15:28:00,3.75,14898.0,United Kingdom
C538112,21777,RECIPE BOX WITH METAL HEART,-3,2010-12-09 15:28:00,7.95,14898.0,United Kingdom
C538114,21275,ZINC TOP  2 DOOR WOODEN SHELF,-1,2010-12-09 15:29:00,16.95,14217.0,United Kingdom
C538115,22178,VICTORIAN GLASS HANGING T-LIGHT,-1,2010-12-09 15:30:00,1.25,16817.0,United Kingdom
C538115,22251,BIRDHOUSE DECORATION MAGIC GARDEN,-9,2010-12-09 15:30:00,1.25,16817.0,United Kingdom
C538115,22233,JIGSAW RABBIT AND BIRDHOUSE,-12,2010-12-09 15:30:00,1.65,16817.0,United Kingdom
C538115,22230,JIGSAW TREE WITH WATERING CAN,-12,2010-12-09 15:30:00,0.85,16817.0,United Kingdom
C538118,22910,PAPER CHAIN KIT VINTAGE CHRISTMAS,-1,2010-12-09 15:33:00,2.95,17700.0,United Kingdom
C538118,22784,LANTERN CREAM GAZEBO,-1,2010-12-09 15:33:00,4.95,17700.0,United Kingdom
C538118,47594A,CAROUSEL DESIGN WASHBAG,-1,2010-12-09 15:33:00,1.95,17700.0,United Kingdom
C538119,22633,HAND WARMER UNION JACK,-1,2010-12-09 15:34:00,2.1,13136.0,United Kingdom
C538119,22865,HAND WARMER OWL DESIGN,-1,2010-12-09 15:34:00,2.1,13136.0,United Kingdom
C538119,21777,RECIPE BOX WITH METAL HEART,-2,2010-12-09 15:34:00,7.95,13136.0,United Kingdom
C538121,22461,SAVOY ART DECO CLOCK,-1,2010-12-09 15:36:00,12.75,15535.0,United Kingdom
C538122,22444,GROW YOUR OWN PLANT IN A CAN,-1,2010-12-09 15:38:00,1.25,14696.0,United Kingdom
C538123,22331,WOODLAND PARTY BAG + STICKER SET,-1,2010-12-09 15:41:00,1.65,12605.0,Germany
C538123,22333,RETRO SPORT PARTY BAG + STICKER SET,-1,2010-12-09 15:41:00,1.65,12605.0,Germany
C538123,22956,36 FOIL HEART CAKE CASES,-2,2010-12-09 15:41:00,2.1,12605.0,Germany
C538124,M,Manual,-4,2010-12-09 15:43:00,0.5,15329.0,United Kingdom
C538124,22699,ROSES REGENCY TEACUP AND SAUCER,-1,2010-12-09 15:43:00,2.95,15329.0,United Kingdom
C538124,22423,REGENCY CAKESTAND 3 TIER,-1,2010-12-09 15:43:00,12.75,15329.0,United Kingdom
538161,46000S,POLYESTER FILLER PAD 40x40cm,-100,2010-12-09 17:25:00,0.0,,United Kingdom
538162,46000M,POLYESTER FILLER PAD 45x45cm,-100,2010-12-09 17:25:00,0.0,,United Kingdom
C538164,35004B,SET OF 3 BLACK FLYING DUCKS,-1,2010-12-09 17:32:00,1.95,14031.0,United Kingdom
